Children	Publisher Name
ABKCO MUSIC INC	ABKCO
ABKCO MUSIC INC PETE TOWNSHEND CATALOG	ABKCO
ANTHEM ENTERTAINMENT LP	ANTHEM
ANTHEM MUSIC PUBLISHING III	ANTHEM
ANTHEM CORE MUSIC PUBLISHING	ANTHEM
ANTHEM ENTERTAINMENT S	ANTHEM
ANTHEM JAR OF COOKIES EDITIONS	ANTHEM
ARTLIST RECORDS  ORIGINAL TRACKS	ARTLIST
ARTLIST RECORDS  ORIGINAL TRACKS	ARTLIST
ARTLIST ORIGINAL MUSIC	ARTLIST
3 RING CIRCUS MUSIC LLC	ROUND HILL
ROUND HILL CARLIN COMPOSITIONS	ROUND HILL
ROUND HILL COMPOSITIONS	ROUND HILL
ROUND HILL COPYRIGHTS	ROUND HILL
ROUND HILL LYRICS	ROUND HILL
ROUND HILL MUSIC	ROUND HILL
ROUND HILL MUSIC ROYALTY FUND III PLUS LP	ROUND HILL
ROUND HILL SONGS	ROUND HILL
ROUND HILL SONGS II	ROUND HILL
ROUND HILL SONGS III	ROUND HILL
ROUND HILL WORKS	ROUND HILL
ROUND HILL MUSIC III PLUS	ROUND HILL
SPOILED ROTTEN KIDDIES PUB	ROUND HILL
ROUND HILL VERSES PUBLISHING	AUDIAM
RIDENT ROYALTIES INC.	ROUND HILL
ROUND HILL ANTHEMS	AUDIAM
ALLEY MUSIC CORP.	ROUND HILL
ROUND HILL MUSIC FUND IV	ROUND HILL
TUNECORE DIGITAL MUSIC	BELIEVE
BMG APOLLO	BMG
BMG BLUE	BMG
BMG BUMBLEBEE	BMG
BMG CICADA	BMG
BMG FIREFLY	BMG
BMG GOLD SONGS	BMG
BMG GOLD SONGS (SNGFILE/DIGI)	BMG
BMG MERCURY	BMG
BMG MONARCH	BMG
BMG ONYX SONGS	BMG
BMG PLATINUM SONGS	BMG
BMG PRODUCTION WORKS	BMG
BMG RUBY SONGS	BMG
BMG SAPPHIRE SONGS	BMG
BMG SILVER SONGS	BMG
BMG RIGHTS MANAGEMENT (UK) LIMITED	BMG
CHRYSALIS MUSIC GROUP INC DIGITAL ONLY	BMG
CHRYSALIS SONGS (DIGITAL ONLY)	BMG
MUSIC OF STAGE THREE	BMG
MUSIC OF WINDSWEPT	BMG
PRIMARY WAVE MUSIC	BMG
SONGS OF WINDSWEPT PACIFIC	BMG
BMG BUMBLEBEE (DIGITAL ONLY)	BMG
CHRYSALIS STANDARDS, INC.	BMG
QUARTET MUSIC INC.	BMG
BUGHOUSE (SNGFILE/DIGITAL)	BMG
BUG MUSIC (DIGITAL/SONGFILE)	BMG
BUG MUSIC (DIGITAL ONLY)	BMG
BIKE MUSIC	CONCORD
BOOSEY & HAWKES INC	CONCORD
CONCORD AVENUE	CONCORD
CONCORD BARITONE CC1	CONCORD
CONCORD BOULEVARD	CONCORD
CONCORD GLOBAL MUSIC	CONCORD
CONCORD LANE	CONCORD
CONCORD MUSIC GROUP, INC. DBA CONCORD COPYRIGHTS	CONCORD
CONCORD MUSIC GROUP, INC. DBA CONCORD SOUNDS	CONCORD
CONCORD ROAD	CONCORD
IMAGEM MUSIC	CONCORD
IMAGEM MUSIC INC DBA IMAGEM GLOBAL MUSIC	CONCORD
PINK FLOYD MUSIC PUBLISHERS LTD.	CONCORD
RAZOR & TIE DIRECT LLC DBA SONGS OF RAZOR AND TIE	CONCORD
RAZOR & TIE DIRECT LLC DBA TUNES OF R AND T DIRECT	CONCORD
RAZOR AND TIE MUSIC PUBLISHING	CONCORD
SONGS OF MOJO ONE	CONCORD
SONGS OF MOJO THREE LLC	CONCORD
SONGS OF MOJO TWO LLC	CONCORD
WILLIAMSON MUSIC CO.-A DIV. OF RODGERS AND HAMMERSTEIN	CONCORD
CONCORD SUMMIT COPYRIGHTS	CONCORD
CONCORD ARCH SONGS	CONCORD
CONCORD BLUFF WORKS	CONCORD
CONCORD MUSIC GROUP, INC. DBA CONCORD TUNES	CONCORD
CONCORD ALTO CC1	CONCORD
CONCORD ASPECT MUSIC	CONCORD
SONGS OF MOJO, LLC	CONCORD
PRESTIGE MUSIC	CONCORD
CHILLIN CHOLLA MUSIC	CONCORD
BUENA VISTA MUSIC COMPANY	DMG
SEVEN PEAKS MUSIC	DMG
SEVEN PEAKS MUSIC DBA VISTAVILLE MUSIC	DMG
TOUCHSTONE PICTURES MUSIC & SONGS, INC.	DMG
WALT DISNEY MUSIC COMPANY	DMG
WONDERLAND MUSIC COMPANY INC	DMG
PIXAR TALKING PICTURES	DMG
T C F MUSIC PUBLISHING, INC	DMG
BANTHA MUSIC	DMG
FUZZY MUPPET	DMG
MARVEL HERO TUNES	DMG
DOWNTOWN COPYRIGHT MGMT D/B/A DTCM AVE	DST
DOWNTOWN COPYRIGHT MGMT D/B/A DTCM BLVD	DST
DOWNTOWN DLJ SONGS LLC	DST
DOWNTOWN DMP SONGS	DST
DOWNTOWN GLOBAL ONE	DST
DOWNTOWN GLOBAL TWO	DST
SONGS OF DOWNTOWN	DST
SONGTRUST AVE	DST
SONGTRUST BLVD	DST
DOWNTOWN MUSIC PUBLISHING LLC	DST
HAL LEONARD LLC	HAL
HAROLD FLAMMER A DIV. OF SHAWNEE PRESS, INC.	HAL
HIPGNOSIS BEATS	HIPGNOSIS
HIPGNOSIS INTERNATIONAL	HIPGNOSIS
HIPGNOSIS NOTES	HIPGNOSIS
HIPGNOSIS SIDE A	HIPGNOSIS
HIPGNOSIS SIDE B	HIPGNOSIS
HIPGNOSIS SIDE G	HIPGNOSIS
HIPGNOSIS WORLDWIDE	HIPGNOSIS
MUSIC OF BIG FAMILY	HIPGNOSIS
MUSIC OF HIPGNOSIS	HIPGNOSIS
MUSIC OF MAM	HIPGNOSIS
HIPGNOSIS SONGS	HIPGNOSIS
KOBALT GROUP PUBLISHING	KOBALT
KOBALT MUSIC COPYRIGHTS SARL	KOBALT
KOBALT MUSIC NETHERLANDS PUB.	KOBALT
KOBALT MUSIC PUB AMERICA INC	KOBALT
KOBALT SONGS MUSIC PUBLISHING	KOBALT
MPL COMMUNICATIONS INC	KOBALT
MPL MUSIC PUBLISHING INC. KOBALT MUSIC PUB AMERICA INC	KOBALT
ARLOVOL MUSIC	KOBALT
CATHERINE'S PEAK MUSIC	KOBALT
TMGR	KOBALT
KOBALT / NETTWERK	KOBALT
CTM OUTLANDER MUSIC LP	KOBALT
7 MONTHS OF SHADOWS	OTHER
A TRAIN ENTERTAINMENT	OTHER
ACK ACK MUSIC	OTHER
ACUM	OTHER
AFI DBA EX NOCTEM NACIMUR MUSIC	OTHER
AIR CHRYSALIS SCANDINAVIA AB	OTHER
ALABAMA SHAKES PUBLISHING	OTHER
ALFRED PUB CO INC	OTHER
ALIMIYA MUSIC GROUP INC	OTHER
ALL ESSENTIAL MUSIC	OTHER
AMCOS (AUSTRALASIAN MECHANICAL COPYRIGHT OWNERS SOCIETY)	OTHER
AMERICAN BROADCASTING MUSIC INC	OTHER
ANDATHAN MUSIC	OTHER
ANNUITY SONGS	OTHER
ANTHEM 2101 SONGS	ANTHEM
ANTHEM ENTERTAINMENT A	ANTHEM
ANTHEM MUSIC PUBLISHING I	ANTHEM
ANTHEM MUSIC PUBLISHING II	ANTHEM
ANTHEM TEAM 2101 SONGS	ANTHEM
ARC MUSIC, INC.	OTHER
ARC/CONRAD	BMG
ATLANTIC MUSIC CORPORATION	OTHER
AUDIAM AFF	OTHER
AUDIAM, INC	AUDIAM
B-KUBE MUSIC PUBLISHING	OTHER
BAD BRAINS PUBLISHING	OTHER
BARTON MUSIC CORPORATION	OTHER
BEARDOG PUBLISHING COMPANY	OTHER
BEEN JAMMIN' MUSIC	OTHER
BEMA MUSIC CO., A DIVISION OF SWEET CITY RECORDS INC.	OTHER
BERGER BITS MUSIC	OTHER
BETHEL MUSIC PUBLISHING	OTHER
BETHEL WORSHIP PUBLISHING	OTHER
BIANIC MUSIC	OTHER
BIENSTOCK PUBLISHING COMPANY	OTHER
BIG MUSIC MACHINE	OTHER
BIRD OF TERROR	OTHER
BLACK ICE PUBLISHING	OTHER
BLIZZARD MUSIC LIMITED	OTHER
BLOW THE DOORS OFF CHICAGO	OTHER
BLOW THE DOORS OFF THE JERSEY SHORE MUSIC PUBLISHING, INC	OTHER
BLUEWATER MUSIC CORP.	OTHER
BOURNE CO.	OTHER
BOWERY MUSIC PUBLISHING	OTHER
BRASSWORKS MUSIC	OTHER
BRENDA RICHIE PUBLISHING	OTHER
BRENDAN O'BRIEN DBA CHARLIE NOBLE MUSIC	OTHER
BRIDGE BUILDING MUSIC	OTHER
BRIDGEPORT MUSIC INC	OTHER
BRIMEL MUSIC	OTHER
BRO 'N SIS MUSIC, INC.	OTHER
BROMA 16 NL B.V.	OTHER
BUG MUSIC O/B/O HOUSE OF CASH	OTHER
BUGHOUSE (DIGITAL ONLY)	OTHER
BURNING MUSIC PRODUCTIONS OF NY INC	OTHER
CAK MUSIC PUBLISHING, INC	OTHER
CAPITOL CMG AMPLIFIER	UMP
CAPITOL CMG GENESIS	UMP
CAPITOL CMG PARAGON	UMP
CARALJO MUSIC INC.	OTHER
CARBERT MUSIC, INC.	OTHER
CARL FISCHER, LLC	OTHER
CARRIE-OKIE MUSIC	OTHER
CD BABY BETA	DST
CLARA AND WILLA WARD PUBLICATIONS	OTHER
CLEARBOX RIGHTS LLC	OTHER
CMG WORLDWIDE INC	OTHER
COHEN AND COHEN	OTHER
COLGEMS-EMI MUSIC INC	SMP
COMBUSTION FIVE	OTHER
COOK COUNTY MUSIC	OTHER
CORAL REEFER MUSIC	OTHER
CORCOVADO MUSIC CORPORATION	OTHER
COTILLION MUSIC INC.	OTHER
CRADLE THE BALLS	OTHER
CREEPING DEATH MUSIC	OTHER
CSPAC	OTHER
CURB CONGREGATION SONGS	OTHER
CURB SONGS	OTHER
CUTS OF REACH MUSIC	OTHER
DELLA BLUE MUSIC LLC	OTHER
DERRY MUSIC COMPANY	OTHER
DESMOND MUSIC COMPANY	OTHER
DEVON MUSIC	OTHER
DINGER AND OLLIE MUSIC	OTHER
DO WRITE MUSIC LLC	OTHER
DOLL FACE MUSIC	OTHER
DOMINO PUB COMPANY OF AMERICA	OTHER
DOMINO PUBLISHING COMPANY USA	OTHER
DONALDSON PUBLISHING CO	OTHER
DONNA WEISS MUSIC INC	OTHER
DR. RAVEN MUSIC	OTHER
DUCHAMP, INC	OTHER
DYAD MUSIC LTD.	OTHER
EDICIONES JOAQUIN RODRIGO	OTHER
EDWARD B MARKS MUSIC COMPANY	ROUND HILL
EIGHT MILE STYLE MUSIC	OTHER
EMBASSY MUSIC CORPORATION	SACEM
EMILY MUSIC CORP	OTHER
EMPIRE SF	OTHER
ENDURANCE BRAVO MUSIC	OTHER
ENDURANCE MUSIC GROUP	OTHER
ENDURANCE MUSIC GROUP DBA SONGS OF THE BLOMERATI	OTHER
ERIC LEEDS PUBLISHING	OTHER
ESSEX MUSIC INC	OTHER
ESSEX MUSIC INTERNATIONAL	OTHER
ESTATE OF VERNON A. WRAY SR.	OTHER
EUROPEAN AMERICAN MUSIC OBO UNIVERSAL EDITION AG, VIENNA	OTHER
EVERGREEN COPYRIGHTS BMG	OTHER
EXPERIENCE HENDRIX, LLC	OTHER
EXPLORATION GROUP LLC	OTHER
FABULOUS MUSIC LTD	OTHER
FEARMORE GLOBAL PUBLISHING	OTHER
FIGS. D MUSIC, INC.	CONCORD
FILMTRAX COPYRIGHT HLDGS INC.	UMP
FIXT	OTHER
FLOATING WORLD MUSIC	OTHER
FOLKWAYS MUSIC PUBLISHERS INC	OTHER
FORT KNOX MUSIC, INC.	OTHER
FOURTEENTH HOUR MUSIC, INC.	OTHER
FOX FILM MUSIC CORP.	OTHER
G. SCHIRMER, INC.	SACEM
GALLERYAC MUSIC	OTHER
GANNON & KENT MUSIC	OTHER
GEAR PUBLISHING	OTHER
GEHL MUSIC, INC.	OTHER
GEMA	OTHER
GINJA-BELLE PUBLISHING ATTN: COAST TO COAST MGMT.	OTHER
GLASCO MUSIC	OTHER
GLOBAL BUSINESS RESOURCES	OTHER
GOO EYED MUSIC	OTHER
GOOD JON BAD JON MUSIC	OTHER
GOOD VIBES MUSIC	OTHER
GROW YOUR OWN MUSIC	OTHER
GUNS N ROSES MUSIC	OTHER
HAMPSHIRE HOUSE PUBLISHING	OTHER
HANDLE BAR MUSIC	OTHER
HANDY BROTHERS MUSIC CO.,INC.	OTHER
HAPPY VALLEY MUSIC	OTHER
HAVEN GILLESPIE MUSIC PUB CO	OTHER
HAYDMUSIC	OTHER
HDS HRVATSKO DRUSTVO SKLADATELJA	OTHER
HENRY JEROME MUSIC INC. A/C MITCHELL MUSIC CATALOGUE	OTHER
HERITAGE WORSHIP PUBLISHING	OTHER
HEY SKIMO PUBLISHING CO	OTHER
HI LO MUSIC INC.	OTHER
HILL & RANGE SONGS	OTHER
HIP CITY MUSIC	OTHER
HOUSE OF BRYANT PUBLICATIONS	OTHER
HUH WHAT & WHERE RECORDINGS	OTHER
HYVETOWN MUSIC INC	OTHER
INTEGRITY WORSHIP MUSIC	OTHER
INTEGRITY'S ALLELUIA MUSIC	OTHER
INTEGRITY'S HOSANNA! MUSIC	OTHER
INTEGRITY'S PRAISE! MUSIC	OTHER
INTERSONG-USA, INC.	OTHER
INTERSTELLAR MUSIC SERVICES	OTHER
IRISH TOWN SONGS	OTHER
JACKSON WELLS RECORDS	OTHER
JALMA MUSIC	OTHER
JEREMY MCKINNON MUSIC	OTHER
JIM SONG PUBLISHING	OTHER
JIRU MUSIC INC	OTHER
JOHNNY BURNETTE MUSIC	OTHER
JONDORA MUSIC	OTHER
JOSHUA DAVID HARRIS MUSIC	OTHER
KILLPHONIC	OTHER
KOHAW MUSIC	OTHER
KOKOCONLEYMUSIC PUBLISHING COMPANY	OTHER
KOSHER DILL MUSIC	OTHER
KYLE HORVATH	OTHER
KYLE SCHLIENGER PRODUCTIONS	OTHER
LACEY BOULEVARD MUSIC	OTHER
LASTRADA ENTERTAINMENT	OTHER
LEADSHEET LAND MUSIC	OTHER
LENONO MUSIC	OTHER
LESSER MUSIC	OTHER
LO FAT CONTENT	OTHER
LOVE BATCH MUSIC	OTHER
LUDLOW MUSIC INC	OTHER
MALACO WORLD MUSIC	OTHER
MAP CATALOGS	OTHER
MARQUIS SONGS USA	OTHER
MARVEL SUPERHEROES MUSIC	UMP
ME GUSTA 30 MUSIC	OTHER
ME GUSTA MUSIC	OTHER
MECHANICAL COPYRIGHT PROTECTION SOCIETY LTD	OTHER
MEGATRAX PRODUCTION MUSIC, INC	OTHER
MICHAEL H GOLDSEN INC	OTHER
MIKE CURB MUSIC	OTHER
MILKY WAY PUBLISHING CO. INC.	OTHER
MISTER JOHNSON'S JAMS MUSIC	OTHER
MISTER LINK MUSIC	OTHER
MKRS PUBLISHING	OTHER
MODERN MUSIC PUBLISHING CO	OTHER
MOON AND MUSKY MUSIC	OTHER
MORE ME GUSTA MUSIC	OTHER
MORRIS MUSIC, INC.	OTHER
MOTHERSHIP MUSIC PUBLISHING	OTHER
MSI MUSIC ADMINISTRATION	OTHER
MTUME MUSIC PUBLISHING	OTHER
MUSERK LLC	OTHER
MUSIC & MEDIA INT'L, INC.	OTHER
MUSIC OF THE MOTHERSHIP	SACEM
MUSIC SALES CORPORATION	SACEM
MUSIC SERVICES ADMINISTRATION	OTHER
MUSIC SERVICES, INC.	OTHER
MUSICAL COMEDY PRODUCTIONS INC	OTHER
MUTE SONG	OTHER
N C B SCANDINAVIA	OTHER
NASHCO MUSIC, INC.	OTHER
NDE MUSIC, INC.	OTHER
NEN MUSIC	OTHER
NEW EXECUTIVE MUSIC	OTHER
NEW SPRING PUBLISHING INC	OTHER
NIMANI, ENT CO.	OTHER
NKC SONGS	OTHER
NORTHSIDE INDEPENDENT PUB.	OTHER
NW COLLECTIONS	OTHER
OWL RAT PUBLISHING	OTHER
PACIFIC WIND MUSIC	OTHER
PANNAL ASH PUBLISHING	OTHER
PATTI WASHINGTON MUSIC	OTHER
PENNAME MUSIC	OTHER
PENNY FARTHING MUSIC	CONCORD
PENSIVE MUSIC	OTHER
PETER PAN MUSIC PUBLISHING	OTHER
PIEDMONT MUSIC CO.	OTHER
PODS PUBLISHING	OTHER
POSITION MUSIC PUBLISHING	OTHER
PRINCE BUSTER MUSIC	OTHER
PUBLIC DOMAIN	OTHER
PURDELL MUSIC	OTHER
RALEIGH MUSIC PUBLISHING	OTHER
RANGE ROAD MUSIC, INC.	OTHER
RAY HENDERSON MUSIC CO., INC.	OTHER
REACH GLOBAL SONGS	OTHER
REACH GLOBAL TUNES	OTHER
REACH MUSIC PUBLISHING	OTHER
REACH MUSIC SONGS	OTHER
REACH MUSIC TUNES	OTHER
REALSONGS	OTHER
RED BRICK SONGS	OTHER
REGARD MUSIC	OTHER
RICHARD M. LONG D/B/A TUSCANY GUITAROMANIE EDITIONS	OTHER
RIGHTSONG MUSIC, INC.	OTHER
RMM 416 PUBLISHING	RESERVOIR
ROSEST PUBLISHING	OTHER
ROUGH TRADE SONGS	OTHER
ROYNET MUSIC	OTHER
RUMINATING MUSIC	WIXEN
S D R M	SACEM
S.I.A.E. DIREZIONE GENERALE	OTHER
SAIKO MUSIC	OTHER
SANDRA ELIZABETH SULLY	OTHER
SCOWAY MUSIC	OTHER
SCREEN GEMS-EMI MUSIC INC	SMP
SECOND FLOOR MUSIC	OTHER
SECRETLY CANADIAN PUBLISHING	OTHER
SENTRIC MUSIC LIMITED	SACEM
SEVENTH HOUSE LTD.	OTHER
SHAPIRO BERNSTEIN & CO. INC.	RESERVOIR
SHELLY BAY MUSIC	OTHER
SIS N BRO TOO, LLC	OTHER
SKIP RICKERT PUBLISHING	OTHER
SNOW MUSIC	OTHER
SO ESSENTIAL TUNES	SMP
SOCAN RR	OTHER
SONG AUCTION MUSIC	OTHER
SONGS OF COMBUSTION FIVE	OTHER
SONGS OF REACH MUSIC	OTHER
SONGS OF RED BULL	OTHER
SONGS OF SOUTHSIDE INDEPENDENT PUBLISHING	OTHER
SONGS OF STEVE PETER	OTHER
SONGS OF THE MOTHERSHIP	SACEM
SOUL ASSASSINS INC	OTHER
SOUTHSIDE INDEPENDENT MUSIC	OTHER
SPRINGTIME MUSIC INC	OTHER
ST. NICHOLAS MUSIC INC.	OTHER
STAGE THREE SONGS	OTHER
STANCE MUSIC COMPANY	OTHER
STARVING ARTIST, LLC	OTHER
STEEPLECHASE MUSIC	OTHER
STEVE O'BRIEN MUSIC	OTHER
STONE DIAMOND MUSIC CORP	OTHER
SUGAR MELODI, INC	OTHER
SUISA	OTHER
SUNFLOWER MUSIC INC	OTHER
SUPER BIG MUSIC	OTHER
SURE - FIRE MUSIC COMPANY	OTHER
SWALLOW TURN MUSIC	OTHER
SWING T PUBLISHING, INC.	OTHER
SWINGLE MUSIC	OTHER
TABITHA'S SECRET MUSIC INC.	OTHER
TARADAM MUSIC, INC.	OTHER
TCF MUSIC PUB INC	OTHER
TECKLAH MUSIC	OTHER
TENYOR MUSIC	OTHER
THE MUSIC FORCE LLC	OTHER
THE MUSIC GOES ROUND	OTHER
THE RECORD BREAKERS	OTHER
THE ROYALTY NETWORK INC.	OTHER
THE SONGWRITERS GUILD OF AMERICA	OTHER
THE UNDERGROUND COLLECTION	OTHER
THE WADE STUDIO, LLC	OTHER
THEODORE PRESSER COMPANY	OTHER
THIRD SIDE AMERICA	OTHER
TIME STEP MUSIC	OTHER
TOBAGO MUSIC COMPANY	OTHER
TRIO MUSIC COMPANY, INC.	OTHER
TRUNKSONG MUSIC, LTD.	OTHER
TUNES OF REACH MUSIC	OTHER
TUONO MUSIC	OTHER
UJIMA MUSIC	OTHER
ULTRA EMPIRE MUSIC	OTHER
ULTRA TUNES	OTHER
UNCHAINED MELODY PUB LLC	OTHER
VANDAR MUSIC CO	OTHER
VARRY WHITE MUSIC INC	OTHER
VINCENT APPICE D/B/A APPICE MUSIC	OTHER
VIRAL RECORDS INC	OTHER
VYDIA MUSIC PUBLISHING	OTHER
WAYNE RODRIGUES PRODUCTIONS DBA WSRJ MUSIC	OTHER
WEST MAIN MUSIC	OTHER
WESTSIDE INDEPENDENT PUB.	OTHER
WIGGED MUSIC	OTHER
WORD COLLECTIONS, INC.	OTHER
WORD MUSIC, INC.	OTHER
WORDS WEST LLC	OTHER
WORKS BY MOOD TUNES	OTHER
WRENSONG PUB CORP	OTHER
ZFC MUSIC	OTHER
THIRD SIDE MUSIC INC	OTHER
CD BABY ALPHA	DST
WATERSHED WORSHIP PUBLISHING	OTHER
WENAHA MUSIC COMPANY	OTHER
BAILER MUSIC PUBLISHING	OTHER
OBJECTIVE MUSIC COMPANY	OTHER
SANTANA MUSIC	OTHER
THREE WISE BOYS MUSIC LLC	OTHER
WISE BROTHERS MUSIC LLC	OTHER
VAGUELY FAMILIAR MUSIC	OTHER
MONKEY DEMON MUSIC	OTHER
SUSAN LEONARD	OTHER
Ayla Tesler-Mabé	OTHER
MISS LINK MUSIC	OTHER
WHIZBANG ARTISTS MUSIC	OTHER
MATERIA COLLECTIVE	OTHER
CINQ TRAX	OTHER
CACHAND MUSIC INC.	OTHER
A. SCHROEDER INT'L LLC OBO MAGILLA MUSIC	OTHER
JACOBO MUSIC	OTHER
AUSTRO-MECHANA GMBH	OTHER
BIG THRILLING MUSIC	OTHER
CYPRESS CREEK MUSIC	OTHER
FHW MUSIC	OTHER
INTERNATIONAL KORWIN CORP	OTHER
PALM VALLEY MUSIC LLC	OTHER
ANNE WIRTH	OTHER
HUBTONES MUSIC CO.	OTHER
SOUNDRIGHTS MUSIC	OTHER
COMPOSITIONS OF ROUGH TRADE	OTHER
SOUTHFIELD MUSIC INC.	OTHER
AGELONG MUSIC PUBLISHING INC.	OTHER
MARLONG MUSIC CORP.	OTHER
THIRD SIDE US PUBLISHING	OTHER
ROSS VANNELLI PUBLISHING	OTHER
SCORES OF ALANTIC SCREEN	OTHER
SOUNDCAST MUSIC	OTHER
LEAN GROUND MUSIC LTD.	OTHER
CANADIAN MUSICAL REPRODUCTION RIGHTS AGENCY LTD CMRRA	OTHER
TINA GUO MUSIC	OTHER
HANCOCK MUSIC COMPANY	OTHER
ROYALTY RECOVERY INC	OTHER
CARASMATIC MUSIC	OTHER
SANLAR PUBLISHING	OTHER
CAN O BEES PUBLISHING	OTHER
STEREO SUPERSONIC MUSIC	OTHER
WAYNE LEUPOLD EDITIONS	OTHER
MORE KICK AND SNARE MUSIC	OTHER
CLOCKUS MUSIC CO.	OTHER
GOTTAHAVEABLE MUSIC	OTHER
DOMI & JD BECK PUBLISHING	OTHER
GMB UNLIMITED WORKS	OTHER
FREE DELIVERY MUSIC	OTHER
METRO PARK MUSIC	OTHER
WORKING MAN CORPORATION DBA WORKING NOMAD PUBLISHING	OTHER
HERITAGE WORSHIP MUSIC PUB	OTHER
CROMWELL MUSIC	OTHER
MITCHELL B. DEGROOT JR, TRUST, D/B/A SOVEREIGN MUSIC COMPANY	OTHER
STEVE PETER MUSIC	OTHER
C FEATHERS MUSIC PUBLISHING	OTHER
SADAIC LATIN COPYRIGHTS, INC.	OTHER
WORLDSONG INC	OTHER
DRAGONFLOWER MUSIC	OTHER
INTERSTELLAR SOUL	OTHER
CMINOR MUSIC	OTHER
BREW MUSIC CO	OTHER
MASONG MUSIC	OTHER
Stereo One	OTHER
NATURAL LIGHT MUSIC	OTHER
KIKDATKAT MUSIC	OTHER
SILVERSUN PICKUPS MUSIC	OTHER
FRANCO-LONDON MUSIC PUBLISHING CORP ROBERT MARGOLIES	OTHER
SAILOR MUSIC	OTHER
SILK STOCKING MUSIC	OTHER
THE RAY CHARLES FOUNDATION	OTHER
FATE MUSIC	OTHER
SLAM DUNK MUSIC	OTHER
ANNE-RACHEL MUSIC	OTHER
C.L. BARNHOUSE CO.	OTHER
WALDEN MUSIC, INC	OTHER
SUTJUJO MUSIC	OTHER
EV-WEB MUSIC	OTHER
SOVEREIGN MUSIC	OTHER
BLPC, LLC	OTHER
REF PUB CO LTD	OTHER
WARP MUSIC LIMITED	OTHER
ZEON MUSIC	OTHER
CHAGI POGI MUSIC INC	OTHER
YANGOR MUSIC	OTHER
JENNIFER NETTLES PUBLISHING	OTHER
PURPLE PEACE WAGON PUBLISHING	OTHER
RINCON AVE MUSIC	OTHER
DARKPRIZ PUBLISHING	OTHER
PERLA VARGAS	OTHER
YOUNKIN MUSIC	OTHER
THUMB PLUS MUSIC	OTHER
RING BEARER MUSIC LTD	OTHER
SKIDMORE MUSIC CO.	OTHER
JENAJU MUSIC	OTHER
CHRIS-N-JEN MUSIC	OTHER
RUSH MUSIC CORPORATION	OTHER
TIDELAND MUSIC PUBLISHING CORPORATION	OTHER
MICRO HARD PARTNERSHIP	OTHER
SONGFEST MUSIC CORP.	OTHER
SOROKA MUSIC LTD.	OTHER
MIRALESTE MUSIC	OTHER
HISAKO SONGS	OTHER
STABRY MUSIC	OTHER
PENTAGON LIPSERVICES NERR	OTHER
JAYBOY MUSIC CORPORATION	OTHER
HOLLIS MUSIC INC	OTHER
PANTHER MUSIC CORP	OTHER
THE ADMINISTRATION MP INC	OTHER
FROM THE GUT MUSIC	OTHER
ARTISTS RIGHTS ENFORCEMENT	OTHER
PAMAKU MUSIC	OTHER
THE BEST MUSIC WORKS	OTHER
GARNANT MUSIC	OTHER
TOKECO TUNES LLC	OTHER
DAVLO MUSIC	OTHER
E-BALASTIN MUSIC	OTHER
KIMA'S WORLD PUBLISHING	OTHER
CHESON MUSIC	OTHER
BRUCE CONTE D/B/A ZAMBEZI MUSIC	OTHER
BOB-A-LEW SONGS	OTHER
PURPLE RABBIT MUSIC	OTHER
FRED BOCK MUSIC CO.,INC.	OTHER
SONGTRUST STREET	OTHER
HILLCREST MUSIC CORP.	OTHER
HARLEM WEST MUSIC GROUP	OTHER
UNCLE PETE MUSIC	OTHER
JEDDRAH MUSIC	OTHER
LEE MENDELSON FILM PROD INC	OTHER
SEASON OF MIST PUBLISHING FRANCE	OTHER
HENSTONE MUSIC	OTHER
MUSICWORKS INTERNATIONAL	OTHER
JACO PASTORIUS INC	OTHER
E.O. SMITH MUSIC	OTHER
FIE!	OTHER
JASON CROPPER	OTHER
EAR BOOKER MUSIC	OTHER
CAROLINTONE MUSIC COMPANY INC	OTHER
TREYBALL MUSIC	OTHER
ASSOCIATED MUSIC PUBLISHERS, INC.	OTHER
23RD STREET PUBLISHING INC	OTHER
TUNECORE PUBLISHING	OTHER
MICROHITS MUSIC CORPORATION	OTHER
ANGELIKA MUSIC	OTHER
S.A. MUSIC	OTHER
HOPE PUBLISHING COMPANY	OTHER
DAVID PLATZ MUSIC (USA) INC.	OTHER
GREENWOOD MUSIC COMPANY	OTHER
WESTRAX MUSIC PUBLISHING	OTHER
KRYSTA YOUNGS PUB DESIGNEE	OTHER
30318 MUSIC PUB	OTHER
HNTRSS SONGS	OTHER
GENE AUTRY'S WESTERN MUSIC	OTHER
WORDS AND MUSIC INC	OTHER
EXTRAORDINAIRE MUSIC LLC	OTHER
MURBO MUSIC PUBLISHING INC.	OTHER
SIS 'N BRO MUSIC COMPANY	OTHER
TEO PRODUCTIONS, INC.	OTHER
MUSIC COPYRIGHT CONSULTANT GRP	OTHER
AUDIO NETWORK U S INC	OTHER
CAPANO MUSIC	OTHER
ROBERT W. CINQUE, ESQ.	OTHER
DANIEL WALDSTEIN	OTHER
MYERS MUSIC INC	OTHER
MUSIC BY HEAVEN PUBLISHING	OTHER
CANZION GROUP LP	OTHER
COVERTLY CANADIAN PUBLISHING	OTHER
SADAIC LATIN COPYRIGHTS OBO SACVEN VENEZUELA	OTHER
TEMPO PRESS	OTHER
ALMITRA MUSIC CO., INC.	OTHER
OXFORD UNIVERSITY PRESS	OTHER
FROSTCO MUSIC	OTHER
STEMRA	OTHER
EUROPEAN AMERICAN MUSIC OBO UNIVERSAL EDITION INC	OTHER
CLYDE PEARL MUSIC	OTHER
RIF MUSIC (RHYMING IS FUNDAMENTAL)	OTHER
VALENTINE MUSIC LTD	OTHER
NETWORK MUSIC	OTHER
ONE MEDIA IP LTD	OTHER
HAMMER ON THE ANVIL MUSIC	OTHER
WILLIS MUSIC CO.	OTHER
K - M MUSIC INC	OTHER
BLACKIZTONE RECORDS, LLC	OTHER
BACK ON POINT MUSIC	OTHER
SELECTED SOUND APM	OTHER
SETH HEBERT-FAERGOLZIA	OTHER
SUGO RECORDING COMPANY	OTHER
EL GRANADA MUSIC	OTHER
INTERNATIONAL MUSIC CO.	OTHER
KAP2KSP PRODUCTIONS	OTHER
PETER PIPER MUSIC AMERICA LLC	OTHER
AUDIOSPARX	OTHER
TRUELOVE MUSIC INTERNATIONAL	OTHER
RISEUP ENTERTAINMENT PUBLISHING	OTHER
JULIAN HARTWELL MUSIC	OTHER
PASSENGER SAFETY MUSIC	OTHER
MATHEOS MUSIC	OTHER
STEFANO MASTRONARDI	OTHER
ZEC MUSIC LTD	OTHER
SPIRITUAL RAISE MUSIC	OTHER
ANGRY MOB MUSIC LLC	OTHER
LANFRANCO MUSIC	OTHER
MPAX PRODUCTIONS	OTHER
ARTISJUS	OTHER
HAVE WE GOT MUSIC FOR YOU	OTHER
NIKY MAY MUSIC	OTHER
CATHY MARIE MUSIC	OTHER
FALFERIOUS MUSIC	OTHER
ANIMAL LOGIC MUSIC	OTHER
ZOMBA SONGS OBO PALMYRA MUSIC	OTHER
KINETIC KOLLECTIONS SONGS	OTHER
EXTREME GROUP HOLDINGS LLC	OTHER
ASSET MUSIC PUBLISHING	OTHER
EMPIRE STRIKES FIRST	OTHER
CAVENDISH COLLECTION	OTHER
ARTHUR PEPPER MUSIC CORP	OTHER
GOWMONK, INC.	OTHER
NEW IKON MUSIC LIMITED	OTHER
WHISTLE RHYMES LIMITED	OTHER
DITTO PLUS MUSIC PUBLISHING WORLDWIDE	OTHER
AMRAC WORLDWIDE MUSIC	OTHER
N 22ND	OTHER
CHO CHEAT MUSIC	OTHER
Specs-tacular music	OTHER
THE FAMILY BUSINESS	OTHER
ROYALTY SOLUTIONS ONE MUSIC	OTHER
KILLPHONIC WORLDWIDE	OTHER
DAYNA D STAGGS SR	OTHER
HAYAH SOUNDS	OTHER
BIG YACHT MUSIC	OTHER
GUY HERSHKO	OTHER
BURNT PUPPY	OTHER
IMAPAULING	OTHER
HYPER MIDI	OTHER
MNRK PUBLISHING USA	OTHER
TOWSER TUNES	OTHER
RICHCAR MUSIC CORP.	OTHER
LIFE TIME-KAYMONT MUSIC, INC.	OTHER
ROXBORO ENTERTAINMENT GROUP INC	OTHER
ALLIANCE AUDIOSPARX	OTHER
POLYTHEMUS LTD	OTHER
CAVELIGHT MUSIC	OTHER
COUNTRY ROAD MUSIC INC	OTHER
STREET SENSE MUSIC	OTHER
CARMINE STREET PUBLISHING	OTHER
ANTHONY JACKSON MUSIC	OTHER
OBONEKUE MUSIC	OTHER
STEVE CAHN D/B/A YAKAMOOSA MUSIC	OTHER
DMP PUBLISHING INC	OTHER
GRAND STREET MUSIC	OTHER
TOMÁŠ HERUDEK	OTHER
SABAM	OTHER
NOTHIN' BUT NET MUSIC	OTHER
YTNOP MUSIC BMI	OTHER
H & R MUSIC, LLC	OTHER
RYCK JANE MUSIC	OTHER
LITTLE GREEN FOOTBALLS MUSIC	OTHER
ANTHEM NEW COLORFUL PICTURE MUSIC	OTHER
LIONS TIGERS AND SONGS	OTHER
REMIDI MUSIC	OTHER
SCHOTT MUSIC	OTHER
BOPLICITY MUSIC	OTHER
ANTHEM COLORFUL DRAWINGS MUSIC	OTHER
DRIVE MUSIC PUBLISHING INC.	OTHER
JN MEDIA MUSIC PUBLISHING	OTHER
SONGS OF ATLAS MUSIC GROUP	OTHER
AUTODIA	OTHER
SECRET CITY PUBLISHING INC.	OTHER
CADY SONGS (ASCAP)	OTHER
THE BEST MUSIC COMPANY	OTHER
TOFFMUSIC	OTHER
NW ASCAP COLLECTIONS	OTHER
JOT HOUSE	OTHER
MILLS CREEK MUSIC	OTHER
SONGS IN THE KEY OF KNIFE	OTHER
ONERPM SONGS	OTHER
SONGS OF MAM	OTHER
EDWARD JAMES JR	OTHER
PAPER JAM MUSIC INC	OTHER
BOOMTANG RECS/LFJ PUBLISHING	OTHER
BLUEWATER MUSIC CORP. D/B/A MIGHTY NICE MUSIC	OTHER
JASONCOSTAATR	OTHER
RAHA PUBLISHING COMPANY	OTHER
GREENSLEEVES PUBLISHING LTD.	OTHER
JAMVANA LLC	OTHER
UNCION PRODUCCIONES	OTHER
IMAGINARY ROAD MUSIC	OTHER
REDONDO MUSIC	OTHER
ALAN SCHNITZER	OTHER
ANTHEM RED VINYL MUSIC	OTHER
VELOCITY FUTURE COLLECTIONS	OTHER
KSO PUBLISHING	OTHER
RED BULL WORKS	OTHER
THE POKEMON COMPANY INT'L INC.	OTHER
SABROSURA MUSIC	OTHER
MAANAMI MUSIC	OTHER
ELIZABETH MYERS MUSIC	OTHER
FREE MARK MUSIC	OTHER
HOPELESS RECORDS, INC.	OTHER
CRABSHAW MUSIC	OTHER
I WANT IT ALL MUSIC	OTHER
SALMON MUSIC	OTHER
BANNER THOMAS HUNGER FORCE	OTHER
THE GHOSTLY INTERNATIONAL COMPANY	OTHER
CZECH IT OUT MUSIC	OTHER
MESAM	OTHER
JHL SOUND PRODUCTIONS INC DBA SONGS OF LORB	OTHER
MAXIMO AGUIRRE MUSIC PUBLISHING, INC.	OTHER
SOUNDFILE PRODUCTIONS DBA SOUNDFILE PUBLISHING	OTHER
AKBESTAL MUSIC INC	OTHER
LEN-LON MUSIC	OTHER
JAMIE MUSIC PUBLISHING CO	OTHER
CREATE DIGITAL MUSIC	OTHER
TRUELOVE MUSIC USA	OTHER
RIGHT ANGLE MUSIC	OTHER
CAPIZZI MUSIC CO.	OTHER
PROTASIS MUSIC	OTHER
MUSIC OF CTM OUTLANDER MUSIC LP	OTHER
GARDEN RAKE MUSIC	OTHER
BOK MUSIC	OTHER
WE ALL NEED 1	OTHER
MOLLYVILLE PUBLISHING	OTHER
VALALLEN MUSIC	OTHER
SAJA MUSIC COMPANY	OTHER
JEQUITIBA MUSIC	OTHER
PEER INTERNATIONAL CORP	PEER
PEERMUSIC III LTD	PEER
PEERMUSIC MELODIES, LTD.	PEER
PEERTUNES LTD.	PEER
SONGS OF PEER, LTD.	PEER
PEERMUSIC LTD.	PEER
PEERMUSIC III LTD (DF ACCOUNT)	PEER
SOUTHERN MUSIC PUB CO INC	PEER
PAINTED DESERT MUSIC CORP	RESERVOIR
RESERVOIR 416	RESERVOIR
RESERVOIR MEDIA MUSIC	RESERVOIR
4U2ASKY ENTERTAINMENT INC	SMP
BE ESSENTIAL SONGS	SMP
BEECHWOOD MUSIC CORP.	SMP
EMI ALGEE MUSIC	SMP
EMI APRIL MUSIC INC	SMP
EMI BLACKWOOD MUSIC INC	SMP
EMI FEIST CATALOG INC	SMP
EMI FORAY MUSIC	SMP
EMI FULL KEEL MUSIC CO.	SMP
EMI GOLD HORIZON MUSIC	SMP
EMI GOLDEN TORCH MUSIC CORP	SMP
EMI GROVE PARK MUSIC	SMP
EMI LONGITUDE MUSIC CO.	SMP
EMI MILLS MUSIC INC	SMP
EMI POP MUSIC PUB	SMP
EMI ROBBINS CATALOG INC	SMP
EMI SONGS	SMP
EMI U CATALOG INC	SMP
EMI UNART CATALOG INC	SMP
EMI WATERFORD MUSIC INC	SMP
JOBETE MUSIC CO INC	SMP
SONY/ATV ACCORDE	SMP
SONY/ATV ACUFF ROSE MUSIC	SMP
SONY/ATV ALLEGRO	SMP
SONY/ATV BALLAD	SMP
SONY/ATV COUNTRYSIDE	SMP
SONY/ATV CROSS KEYS PUBLISHING	SMP
SONY/ATV DISCOS MUSIC PUBLISHING LLC	SMP
SONY/ATV HARMONY	SMP
SONY/ATV LATIN MUSIC PUB LLC	SMP
SONY/ATV MELODY	SMP
SONY/ATV MUSIC PUBLISHING	SMP
SONY/ATV POP MUSIC PUBLISHING	SMP
SONY/ATV RHYTHM	SMP
SONY/ATV SMASH HITS	SMP
SONY/ATV SONGS LLC	SMP
SONY/ATV SONGS LLC (NON-REP)	SMP
SONY/ATV SONGS LLC DBA ATV	SMP
SONY/ATV SOUNDS LLC	SMP
SONY/ATV STORY	SMP
SONY/ATV TREE PUBLISHING	SMP
SONY/ATV TUNES LLC	SMP
SONY/ATV TUNES LLC DBA PORTRAIT/SOLAR	SMP
SONGS OF HYBE AMERICA	SMP
EMI AL GALLICO MUSIC	SMP
GLOUCESTER PLACE MUSIC LIMITED (GPML)	SMP
SONY/ATV TUNES LLC DBA ATV	SMP
SONY/ATV ACCENT	SMP
SONY TIMBER PUBLISHING	SMP
SONY/ATV TIMBER PUBLISHING	SMP
EMI VARIETY CATALOG INC.	SMP
SONY/ATV BAILAR	SMP
HARRICK MUSIC INC	SMP
STONE AGATE MUSIC CORP	SMP
EMI MILLER CATALOG INC.	SMP
STARTLING MUSIC LTD	SMP
EMI CATALOG PARTNERSHIP	SMP
SPIRIT FOUR MUSIC	SPIRIT
SPIRIT NASHVILLE ONE CRESCENDO	SPIRIT
SPIRIT NASHVILLE TWO CRESCENDO	SPIRIT
SPIRIT ONE MUSIC CRESCENDO	SPIRIT
SPIRIT TWO LATINO DY	SPIRIT
SPIRIT TWO MUSIC CRESCENDO	SPIRIT
SPIRIT TWO SMA	SPIRIT
SPIRIT THREE MUSIC CRESCENDO	SPIRIT
SPIRIT MUSIC ALPHA	SPIRIT
ALMO MUSIC CORPORATION	UMP
CRITERION MUSIC CORPORATION	UMP
IRVING MUSIC	UMP
SONGS OF UNIVERSAL, INC.	UMP
UNIVERSAL - POLYGRAM INTERNATIONAL PUB INC	UMP
UNIVERSAL - SONGS OF POLYGRAM INTERNATIONAL INC	UMP
UNIVERSAL MUSIC CORP.	UMP
UNIVERSAL MUSIC WORKS	UMP
UNIVERSAL MUSIC-CAREERS	UMP
UNIVERSAL MUSIC-MGB SONGS	UMP
UNIVERSAL MUSIC-Z SONGS	UMP
UNIVERSAL MUSIC-Z TUNES	UMP
UNIVERSAL MUSICA, INC.	UMP
UNIVERSAL TUNES	UMP
UNIVERSAL TUNES, A DIVISION OF SONGS OF UNIVERSAL, INC.	UMP
UNIVERSAL-GEFFEN AGAIN MUSIC	UMP
UNIVERSAL-GEFFEN MUSIC	UMP
UNIVERSAL-MCA MUSIC PUBLISHING DIV. OF UNIVERSAL MUSIC CORP.	UMP
UNIVERSAL-ON BACKSTREET MUSIC	UMP
UNIVERSAL-POLYGRAM INTL TUNES INC.	UMP
W C M MUSIC CORP	UMP
WARNER BROS MUSIC A DIV OF WARNER BROS INC.	UMP
WARNER GEO MET TRIC MUSIC	UMP
FOX TUNES INC	UMP
UNIVERSAL MUSIC CORPORATION	UMP
UNIVERSAL MUSICA UNICA PUBLISHING	UMP
UNIVERSAL MUSIC PUBLISHING MEXICO, S.A.	UMP
UNIVERSAL MUSIC-Z MELODIES	UMP
UNIVERSAL-ISLAND MUSIC, INC.	UMP
UNIVERSAL MUSIC RIGHTS	UMP
UNIVERSAL-TEXASCITY MUSIC INC.	UMP
INGROOVES	UMP
SONGS OF INGROOVES	UMP
MULTISONGS	UMP
BLUE MOUNTAIN MUSIC LTD.	UMP
KILLER TRACKS	UMP
CHAPPELL & CO.	WCM
UNICHAPPELL MUSIC, INC.	WCM
WARNER-TAMERLANE PUB CORP.	WCM
WC MUSIC CORP	WCM
WARNER-TAMERLANE PUBLISHING CO	WCM
TORCHES AND PITCHFORKS MUSIC	WCM
WIXEN MUSIC PUBLISHING, INC.	WIXEN
EVIL EYE MUSIC INC	WIXEN
DOORS MUSIC COMPANY LLC	WIXEN