CONTENT_ID	Brand	Lesson Title	Content Type	CMS URL
225339	drumeo	#15 "Sing This Song"	student-collaborations	https://admin.musora.com/admin#/content/drumeo/225339
225919	drumeo	#69 - I Want You Back Santa Claus	student-collaborations	https://admin.musora.com/admin#/content/drumeo/225919
225921	drumeo	#70 - Rollercoaster	student-collaborations	https://admin.musora.com/admin#/content/drumeo/225921
225925	drumeo	#72 - "Strange Thing"	student-collaborations	https://admin.musora.com/admin#/content/drumeo/225925
227153	drumeo	CWS #2 - "Bad Things"	student-collaborations	https://admin.musora.com/admin#/content/drumeo/227153
227334	drumeo	CWS #4 - "Keep Your Hands to Yourself"	student-collaborations	https://admin.musora.com/admin#/content/drumeo/227334
227336	drumeo	CWS #5 - "Stand by Me"	student-collaborations	https://admin.musora.com/admin#/content/drumeo/227336
227340	drumeo	CWS #6 - "Raise Your Glass"	student-collaborations	https://admin.musora.com/admin#/content/drumeo/227340
227342	drumeo	CWS #7 - "Happy"	student-collaborations	https://admin.musora.com/admin#/content/drumeo/227342
227346	drumeo	CWS #9 - "Monster Mash"	student-collaborations	https://admin.musora.com/admin#/content/drumeo/227346
227348	drumeo	CWS #10 - "Shake Up Christmas"	student-collaborations	https://admin.musora.com/admin#/content/drumeo/227348
227351	drumeo	CWS #11 - "You Give Love a Bad Name"	student-collaborations	https://admin.musora.com/admin#/content/drumeo/227351
227358	drumeo	CWS #14 - "Some Kind of Wonderful"	student-collaborations	https://admin.musora.com/admin#/content/drumeo/227358
227364	drumeo	CWS #15 - "Uptown Funk"	student-collaborations	https://admin.musora.com/admin#/content/drumeo/227364
227402	drumeo	WotE #2 - "Ghostbusters"	student-collaborations	https://admin.musora.com/admin#/content/drumeo/227402
227408	drumeo	WotE #5 - "Ex’s & Oh’s"	student-collaborations	https://admin.musora.com/admin#/content/drumeo/227408
227412	drumeo	WotE #7 - "Rock What You Got"	student-collaborations	https://admin.musora.com/admin#/content/drumeo/227412
227416	drumeo	WotE #9 - "Wipe Out"	student-collaborations	https://admin.musora.com/admin#/content/drumeo/227416
227418	drumeo	WotE #10 - "Mission Impossible" (Remix)	student-collaborations	https://admin.musora.com/admin#/content/drumeo/227418
227495	drumeo	WotE #12 - "Don't Fear The Reaper"	student-collaborations	https://admin.musora.com/admin#/content/drumeo/227495
227584	drumeo	WotE #13 - "Oye Como Va"	student-collaborations	https://admin.musora.com/admin#/content/drumeo/227584
227592	drumeo	WotE #17 - '80s Classic Rock Collab	student-collaborations	https://admin.musora.com/admin#/content/drumeo/227592
227597	drumeo	WotE #19 - Party Song Collab	student-collaborations	https://admin.musora.com/admin#/content/drumeo/227597
227599	drumeo	WotE #20 - "Rolling In The Deep"	student-collaborations	https://admin.musora.com/admin#/content/drumeo/227599
227601	drumeo	WotE #21 - Drinking Songs	student-collaborations	https://admin.musora.com/admin#/content/drumeo/227601
227604	drumeo	WotE #22 - "Feed My Frankenstein"	student-collaborations	https://admin.musora.com/admin#/content/drumeo/227604
227608	drumeo	WotE #24 - "Jingle Bell Rock"	student-collaborations	https://admin.musora.com/admin#/content/drumeo/227608
227612	drumeo	WotE #26 - "Everybody Talks"	student-collaborations	https://admin.musora.com/admin#/content/drumeo/227612
227723	drumeo	WotE #28 - Dance Remix	student-collaborations	https://admin.musora.com/admin#/content/drumeo/227723
227725	drumeo	WotE #30 - "Rollercoaster"	student-collaborations	https://admin.musora.com/admin#/content/drumeo/227725
227728	drumeo	WotE #31 - Halloween	student-collaborations	https://admin.musora.com/admin#/content/drumeo/227728
227731	drumeo	WotE #32 - "Rock and Roll Christmas"	student-collaborations	https://admin.musora.com/admin#/content/drumeo/227731
227735	drumeo	WotE #33 - 2018 Blooper Reel	student-collaborations	https://admin.musora.com/admin#/content/drumeo/227735
228797	drumeo	WotE #35 - "Bad Case Of Loving You"	student-collaborations	https://admin.musora.com/admin#/content/drumeo/228797
228799	drumeo	WotE #36 - In The '70s	student-collaborations	https://admin.musora.com/admin#/content/drumeo/228799
228802	drumeo	WotE #37 - "Heed The Call"	student-collaborations	https://admin.musora.com/admin#/content/drumeo/228802
228804	drumeo	WotE #38 - "MOM"	student-collaborations	https://admin.musora.com/admin#/content/drumeo/228804
230655	drumeo	WotE #40 - "Beach Party!"	student-collaborations	https://admin.musora.com/admin#/content/drumeo/230655
230852	drumeo	#76 - Growing Up	student-collaborations	https://admin.musora.com/admin#/content/drumeo/230852
232743	drumeo	WotE #41 - PUNK	student-collaborations	https://admin.musora.com/admin#/content/drumeo/232743
244519	drumeo	WotE #42 - Back To School	student-collaborations	https://admin.musora.com/admin#/content/drumeo/244519
244521	drumeo	WotE #43 - Zombie	student-collaborations	https://admin.musora.com/admin#/content/drumeo/244521
246123	drumeo	WotE #44 - Animal	student-collaborations	https://admin.musora.com/admin#/content/drumeo/246123
261803	drumeo	#87 Warning Will Robinson	student-collaborations	https://admin.musora.com/admin#/content/drumeo/261803
282757	drumeo	#93- Santa Claus Is Coming To Town #2	student-collaborations	https://admin.musora.com/admin#/content/drumeo/282757
282759	drumeo	#93- Santa Claus Is Coming To Town #3	student-collaborations	https://admin.musora.com/admin#/content/drumeo/282759
282764	drumeo	#93- Santa Claus Is Coming To Town #4	student-collaborations	https://admin.musora.com/admin#/content/drumeo/282764
282771	drumeo	#93- Santa Claus Is Coming To Town #5	student-collaborations	https://admin.musora.com/admin#/content/drumeo/282771
282775	drumeo	#93- Santa Claus Is Coming To Town #6	student-collaborations	https://admin.musora.com/admin#/content/drumeo/282775
282777	drumeo	#93- Santa Claus Is Coming To Town #7	student-collaborations	https://admin.musora.com/admin#/content/drumeo/282777
282780	drumeo	#93- Santa Claus Is Coming To Town #8	student-collaborations	https://admin.musora.com/admin#/content/drumeo/282780
282782	drumeo	#93- Santa Claus Is Coming To Town #9	student-collaborations	https://admin.musora.com/admin#/content/drumeo/282782
282785	drumeo	#93- Santa Claus Is Coming To Town #10	student-collaborations	https://admin.musora.com/admin#/content/drumeo/282785
282788	drumeo	#93- Santa Claus Is Coming To Town #11	student-collaborations	https://admin.musora.com/admin#/content/drumeo/282788
282793	drumeo	#93- Santa Claus Is Coming To Town #12	student-collaborations	https://admin.musora.com/admin#/content/drumeo/282793
311596	drumeo	Summer Drumline Camp Student Collaboration Video	student-collaborations	https://admin.musora.com/admin#/content/drumeo/311596
355073	drumeo	May Student Collaboration Announcement	student-collaborations	https://admin.musora.com/admin#/content/drumeo/355073
376214	drumeo	#117 - "Purple Fog"	student-collaborations	https://admin.musora.com/admin#/content/drumeo/376214
381288	drumeo	January Student Collaboration	student-collaborations	https://admin.musora.com/admin#/content/drumeo/381288
383853	drumeo	February Student Collaboration Announcement	student-collaborations	https://admin.musora.com/admin#/content/drumeo/383853
386409	drumeo	#119 - "Sweet Child O' Mine"	student-collaborations	https://admin.musora.com/admin#/content/drumeo/386409
387255	drumeo	#120 - "Lovely Day"	student-collaborations	https://admin.musora.com/admin#/content/drumeo/387255
388256	drumeo	April Student Collaboration Announcement	student-collaborations	https://admin.musora.com/admin#/content/drumeo/388256
389882	drumeo	May Student Collaboration Announcement	student-collaborations	https://admin.musora.com/admin#/content/drumeo/389882
389884	drumeo	#122 - "We Are The Champions"	student-collaborations	https://admin.musora.com/admin#/content/drumeo/389884
391049	drumeo	June Student Collaboration Announcement	student-collaborations	https://admin.musora.com/admin#/content/drumeo/391049
391501	drumeo	#123 - "Saints Of Los Angeles"	student-collaborations	https://admin.musora.com/admin#/content/drumeo/391501
392693	drumeo	#124 - "Green Onions"	student-collaborations	https://admin.musora.com/admin#/content/drumeo/392693
397013	drumeo	October Student Collaboration Announcement	student-collaborations	https://admin.musora.com/admin#/content/drumeo/397013
398736	drumeo	#128 - "Moanin'"	student-collaborations	https://admin.musora.com/admin#/content/drumeo/398736
400823	drumeo	December Student Collaboration Announcement	student-collaborations	https://admin.musora.com/admin#/content/drumeo/400823
402637	drumeo	January Student Collaboration Announcement	student-collaborations	https://admin.musora.com/admin#/content/drumeo/402637
402638	drumeo	#130 - "Santa Claus Is Comin' To Town"	student-collaborations	https://admin.musora.com/admin#/content/drumeo/402638
403723	drumeo	#131 - "Hail To The King"	student-collaborations	https://admin.musora.com/admin#/content/drumeo/403723
406511	drumeo	April Student Collaboration Announcement	student-collaborations	https://admin.musora.com/admin#/content/drumeo/406511
407523	drumeo	May Student Collaboration Announcement	student-collaborations	https://admin.musora.com/admin#/content/drumeo/407523
407525	drumeo	July Student Collaboration Announcement	student-collaborations	https://admin.musora.com/admin#/content/drumeo/407525
407934	drumeo	#134 - "Don't Stop Believin'"	student-collaborations	https://admin.musora.com/admin#/content/drumeo/407934
408945	drumeo	June Student Collaboration Announcement	student-collaborations	https://admin.musora.com/admin#/content/drumeo/408945
409066	drumeo	#135 - "September"	student-collaborations	https://admin.musora.com/admin#/content/drumeo/409066