CONTENT_ID	Brand	Lesson Title	Content Type	CMS URL	Course/Pack	Permission IDs
233612	guitareo	500 Songs In 5 Days	pack	https://admin.musora.com/admin#/content/guitareo/233612	500 Songs In 5 Days	55
233941	guitareo	500 Songs in 5 Days	pack-bundle	https://admin.musora.com/admin#/content/guitareo/233941	500 Songs In 5 Days	55
234013	guitareo	Introduction	pack-bundle-lesson	https://admin.musora.com/admin#/content/guitareo/234013	500 Songs In 5 Days	55
234016	guitareo	The Million Dollar Chord Progression	pack-bundle-lesson	https://admin.musora.com/admin#/content/guitareo/234016	500 Songs In 5 Days	55
234017	guitareo	Chord Order	pack-bundle-lesson	https://admin.musora.com/admin#/content/guitareo/234017	500 Songs In 5 Days	55
234018	guitareo	Using a Capo to Play in Any Key	pack-bundle-lesson	https://admin.musora.com/admin#/content/guitareo/234018	500 Songs In 5 Days	55
234019	guitareo	Expanding the Progression	pack-bundle-lesson	https://admin.musora.com/admin#/content/guitareo/234019	500 Songs In 5 Days	55
234020	guitareo	Adding in Some Style	pack-bundle-lesson	https://admin.musora.com/admin#/content/guitareo/234020	500 Songs In 5 Days	55
234021	guitareo	Playing in Other Keys	pack-bundle-lesson	https://admin.musora.com/admin#/content/guitareo/234021	500 Songs In 5 Days	55
234022	guitareo	Bar Chords for a New Dimension	pack-bundle-lesson	https://admin.musora.com/admin#/content/guitareo/234022	500 Songs In 5 Days	55
228534	pianote	500 Songs In 5 Days	pack	https://admin.musora.com/admin#/content/pianote/228534	500 Songs In 5 Days	51
228535	pianote	500 Songs In 5 Days	pack-bundle	https://admin.musora.com/admin#/content/pianote/228535	500 Songs In 5 Days	51
228536	pianote	Introduction	pack-bundle-lesson	https://admin.musora.com/admin#/content/pianote/228536	500 Songs In 5 Days	51
228537	pianote	Day 1: The Song Chords	pack-bundle-lesson	https://admin.musora.com/admin#/content/pianote/228537	500 Songs In 5 Days	51
228538	pianote	Day 2: The Order	pack-bundle-lesson	https://admin.musora.com/admin#/content/pianote/228538	500 Songs In 5 Days	51
228539	pianote	Day 3: Adding Style & Flair	pack-bundle-lesson	https://admin.musora.com/admin#/content/pianote/228539	500 Songs In 5 Days	51
228540	pianote	Day 4: The Inversions	pack-bundle-lesson	https://admin.musora.com/admin#/content/pianote/228540	500 Songs In 5 Days	51
228541	pianote	Day 5: The Keys	pack-bundle-lesson	https://admin.musora.com/admin#/content/pianote/228541	500 Songs In 5 Days	51
228542	pianote	Bonus: Complex Chords	pack-bundle-lesson	https://admin.musora.com/admin#/content/pianote/228542	500 Songs In 5 Days	51
228550	pianote	Bonus: The Melody	pack-bundle-lesson	https://admin.musora.com/admin#/content/pianote/228550	500 Songs In 5 Days	51
224874	guitareo	Acoustic Guitar Made Easy - May 2019 Semester	semester-pack	https://admin.musora.com/admin#/content/guitareo/224874	Acoustic Guitar Made Easy - May 2019 Semester	49
224875	guitareo	How To Use Acoustic Guitar Made Easy	semester-pack-lesson	https://admin.musora.com/admin#/content/guitareo/224875	Acoustic Guitar Made Easy - May 2019 Semester	49
224876	guitareo	Setting Up Your Practice Space	semester-pack-lesson	https://admin.musora.com/admin#/content/guitareo/224876	Acoustic Guitar Made Easy - May 2019 Semester	49
224877	guitareo	Practice Planner	semester-pack-lesson	https://admin.musora.com/admin#/content/guitareo/224877	Acoustic Guitar Made Easy - May 2019 Semester	49
224878	guitareo	Changing Strings & Setups	semester-pack-lesson	https://admin.musora.com/admin#/content/guitareo/224878	Acoustic Guitar Made Easy - May 2019 Semester	49
224879	guitareo	Tuning	semester-pack-lesson	https://admin.musora.com/admin#/content/guitareo/224879	Acoustic Guitar Made Easy - May 2019 Semester	49
224880	guitareo	Strumming Technique	semester-pack-lesson	https://admin.musora.com/admin#/content/guitareo/224880	Acoustic Guitar Made Easy - May 2019 Semester	49
224881	guitareo	Rhythm	semester-pack-lesson	https://admin.musora.com/admin#/content/guitareo/224881	Acoustic Guitar Made Easy - May 2019 Semester	49
224882	guitareo	Simple Chords - Start Playing!	semester-pack-lesson	https://admin.musora.com/admin#/content/guitareo/224882	Acoustic Guitar Made Easy - May 2019 Semester	49
224883	guitareo	Timing	semester-pack-lesson	https://admin.musora.com/admin#/content/guitareo/224883	Acoustic Guitar Made Easy - May 2019 Semester	49
224884	guitareo	Open Chords 1	semester-pack-lesson	https://admin.musora.com/admin#/content/guitareo/224884	Acoustic Guitar Made Easy - May 2019 Semester	49
224885	guitareo	Strumming Patterns 1	semester-pack-lesson	https://admin.musora.com/admin#/content/guitareo/224885	Acoustic Guitar Made Easy - May 2019 Semester	49
224886	guitareo	Changing Chords Smoothly	semester-pack-lesson	https://admin.musora.com/admin#/content/guitareo/224886	Acoustic Guitar Made Easy - May 2019 Semester	49
224887	guitareo	Open Chords 2	semester-pack-lesson	https://admin.musora.com/admin#/content/guitareo/224887	Acoustic Guitar Made Easy - May 2019 Semester	49
224888	guitareo	"Song 1 - ""Horse With No Name"""	semester-pack-lesson	https://admin.musora.com/admin#/content/guitareo/224888	Acoustic Guitar Made Easy - May 2019 Semester	49
224889	guitareo	Open Chords 3	semester-pack-lesson	https://admin.musora.com/admin#/content/guitareo/224889	Acoustic Guitar Made Easy - May 2019 Semester	49
224890	guitareo	Strumming Patterns 2	semester-pack-lesson	https://admin.musora.com/admin#/content/guitareo/224890	Acoustic Guitar Made Easy - May 2019 Semester	49
224891	guitareo	"Song 2 - ""Brown Eyed Girl"""	semester-pack-lesson	https://admin.musora.com/admin#/content/guitareo/224891	Acoustic Guitar Made Easy - May 2019 Semester	49
224892	guitareo	Strumming Patterns 3	semester-pack-lesson	https://admin.musora.com/admin#/content/guitareo/224892	Acoustic Guitar Made Easy - May 2019 Semester	49
224893	guitareo	Oddball Chords	semester-pack-lesson	https://admin.musora.com/admin#/content/guitareo/224893	Acoustic Guitar Made Easy - May 2019 Semester	49
224894	guitareo	"Song 3 - ""Let It Be"""	semester-pack-lesson	https://admin.musora.com/admin#/content/guitareo/224894	Acoustic Guitar Made Easy - May 2019 Semester	49
224895	guitareo	Chord Movement	semester-pack-lesson	https://admin.musora.com/admin#/content/guitareo/224895	Acoustic Guitar Made Easy - May 2019 Semester	49
224896	guitareo	"Song 4 - ""Jambalaya"""	semester-pack-lesson	https://admin.musora.com/admin#/content/guitareo/224896	Acoustic Guitar Made Easy - May 2019 Semester	49
224897	guitareo	Music Theory 1 - The Major Scale	semester-pack-lesson	https://admin.musora.com/admin#/content/guitareo/224897	Acoustic Guitar Made Easy - May 2019 Semester	49
224898	guitareo	Music Theory 2 - Major Keys	semester-pack-lesson	https://admin.musora.com/admin#/content/guitareo/224898	Acoustic Guitar Made Easy - May 2019 Semester	49
224899	guitareo	Capo	semester-pack-lesson	https://admin.musora.com/admin#/content/guitareo/224899	Acoustic Guitar Made Easy - May 2019 Semester	49
224900	guitareo	Music Theory 3 - Major & Minor Chords	semester-pack-lesson	https://admin.musora.com/admin#/content/guitareo/224900	Acoustic Guitar Made Easy - May 2019 Semester	49
224901	guitareo	Strumming Embellishments	semester-pack-lesson	https://admin.musora.com/admin#/content/guitareo/224901	Acoustic Guitar Made Easy - May 2019 Semester	49
224902	guitareo	"Song 5 - ""Take It Easy"""	semester-pack-lesson	https://admin.musora.com/admin#/content/guitareo/224902	Acoustic Guitar Made Easy - May 2019 Semester	49
224903	guitareo	Fingerstyle	semester-pack-lesson	https://admin.musora.com/admin#/content/guitareo/224903	Acoustic Guitar Made Easy - May 2019 Semester	49
224904	guitareo	Crosspicking	semester-pack-lesson	https://admin.musora.com/admin#/content/guitareo/224904	Acoustic Guitar Made Easy - May 2019 Semester	49
224905	guitareo	Wrap Up	semester-pack-lesson	https://admin.musora.com/admin#/content/guitareo/224905	Acoustic Guitar Made Easy - May 2019 Semester	49
268039	drumeo	Electrify Your Drumming	pack	https://admin.musora.com/admin#/content/drumeo/268039	Electrify Your Drumming	68
268040	drumeo	Getting Started With Electrify Your Drumming	pack-bundle	https://admin.musora.com/admin#/content/drumeo/268040	Electrify Your Drumming	68
268041	drumeo	What Is EDM?	pack-bundle-lesson	https://admin.musora.com/admin#/content/drumeo/268041	Electrify Your Drumming	68
268042	drumeo	The Different Styles Of EDM	pack-bundle-lesson	https://admin.musora.com/admin#/content/drumeo/268042	Electrify Your Drumming	68
268043	drumeo	The Physics Of Drumming To Electronics	pack-bundle-lesson	https://admin.musora.com/admin#/content/drumeo/268043	Electrify Your Drumming	68
268044	drumeo	Essential Gear & Setup	pack-bundle-lesson	https://admin.musora.com/admin#/content/drumeo/268044	Electrify Your Drumming	68
268045	drumeo	Metronome & Click Track	pack-bundle-lesson	https://admin.musora.com/admin#/content/drumeo/268045	Electrify Your Drumming	68
268046	drumeo	Listening Recommendations	pack-bundle-lesson	https://admin.musora.com/admin#/content/drumeo/268046	Electrify Your Drumming	68
268047	drumeo	The Kick & The Snare	pack-bundle	https://admin.musora.com/admin#/content/drumeo/268047	Electrify Your Drumming	68
268048	drumeo	The Importance Of The Kick	pack-bundle-lesson	https://admin.musora.com/admin#/content/drumeo/268048	Electrify Your Drumming	68
268049	drumeo	Fine-Tuning Your Kick Sound	pack-bundle-lesson	https://admin.musora.com/admin#/content/drumeo/268049	Electrify Your Drumming	68
268050	drumeo	Tuning Your Kick Drum	pack-bundle-lesson	https://admin.musora.com/admin#/content/drumeo/268050	Electrify Your Drumming	68
268051	drumeo	The Importance Of The Snare	pack-bundle-lesson	https://admin.musora.com/admin#/content/drumeo/268051	Electrify Your Drumming	68
268052	drumeo	Snares vs. Claps	pack-bundle-lesson	https://admin.musora.com/admin#/content/drumeo/268052	Electrify Your Drumming	68
268053	drumeo	The Hi-Hat	pack-bundle	https://admin.musora.com/admin#/content/drumeo/268053	Electrify Your Drumming	68
268054	drumeo	The Importance Of The Hi-Hat	pack-bundle-lesson	https://admin.musora.com/admin#/content/drumeo/268054	Electrify Your Drumming	68
268055	drumeo	Straight 8th Notes	pack-bundle-lesson	https://admin.musora.com/admin#/content/drumeo/268055	Electrify Your Drumming	68
268056	drumeo	8th Note Upbeats	pack-bundle-lesson	https://admin.musora.com/admin#/content/drumeo/268056	Electrify Your Drumming	68
268057	drumeo	8th Note Shuffle Pattern	pack-bundle-lesson	https://admin.musora.com/admin#/content/drumeo/268057	Electrify Your Drumming	68
268058	drumeo	Opening The Hi-Hats	pack-bundle-lesson	https://admin.musora.com/admin#/content/drumeo/268058	Electrify Your Drumming	68
268059	drumeo	Straight 16th Notes	pack-bundle-lesson	https://admin.musora.com/admin#/content/drumeo/268059	Electrify Your Drumming	68
268060	drumeo	Differentiating Straight From Swing 16ths	pack-bundle-lesson	https://admin.musora.com/admin#/content/drumeo/268060	Electrify Your Drumming	68
268061	drumeo	Triplets	pack-bundle-lesson	https://admin.musora.com/admin#/content/drumeo/268061	Electrify Your Drumming	68
268062	drumeo	Risers	pack-bundle	https://admin.musora.com/admin#/content/drumeo/268062	Electrify Your Drumming	68
268063	drumeo	What Are Risers?	pack-bundle-lesson	https://admin.musora.com/admin#/content/drumeo/268063	Electrify Your Drumming	68
268064	drumeo	The All-Important Single Stroke Crescendo	pack-bundle-lesson	https://admin.musora.com/admin#/content/drumeo/268064	Electrify Your Drumming	68
268065	drumeo	Building Energy With Note Speed	pack-bundle-lesson	https://admin.musora.com/admin#/content/drumeo/268065	Electrify Your Drumming	68
268066	drumeo	Adding Even More Energy	pack-bundle-lesson	https://admin.musora.com/admin#/content/drumeo/268066	Electrify Your Drumming	68
268067	drumeo	Setting Up The Drop	pack-bundle-lesson	https://admin.musora.com/admin#/content/drumeo/268067	Electrify Your Drumming	68
268068	drumeo	"How To ""Rise"" On The Toms & Cymbals"	pack-bundle-lesson	https://admin.musora.com/admin#/content/drumeo/268068	Electrify Your Drumming	68
268069	drumeo	Down Tempo EDM	pack-bundle	https://admin.musora.com/admin#/content/drumeo/268069	Electrify Your Drumming	68
268070	drumeo	What Is Down Tempo EDM?	pack-bundle-lesson	https://admin.musora.com/admin#/content/drumeo/268070	Electrify Your Drumming	68
268071	drumeo	Down Tempo Drumming Vibe	pack-bundle-lesson	https://admin.musora.com/admin#/content/drumeo/268071	Electrify Your Drumming	68
268072	drumeo	The Reggaeton Beat	pack-bundle-lesson	https://admin.musora.com/admin#/content/drumeo/268072	Electrify Your Drumming	68
268073	drumeo	Leaving Space For Low Frequencies	pack-bundle-lesson	https://admin.musora.com/admin#/content/drumeo/268073	Electrify Your Drumming	68
268074	drumeo	The Importance Of Sound Design	pack-bundle-lesson	https://admin.musora.com/admin#/content/drumeo/268074	Electrify Your Drumming	68
268075	drumeo	Techno	pack-bundle	https://admin.musora.com/admin#/content/drumeo/268075	Electrify Your Drumming	68
268076	drumeo	What Is Techno & Hardcore Music?	pack-bundle-lesson	https://admin.musora.com/admin#/content/drumeo/268076	Electrify Your Drumming	68
268077	drumeo	Four On The Floor	pack-bundle-lesson	https://admin.musora.com/admin#/content/drumeo/268077	Electrify Your Drumming	68
268078	drumeo	Hi-Hat & Ride Control	pack-bundle-lesson	https://admin.musora.com/admin#/content/drumeo/268078	Electrify Your Drumming	68
268079	drumeo	Thinking Musically	pack-bundle-lesson	https://admin.musora.com/admin#/content/drumeo/268079	Electrify Your Drumming	68
268080	drumeo	The Clap Is The Backbeat	pack-bundle-lesson	https://admin.musora.com/admin#/content/drumeo/268080	Electrify Your Drumming	68
268081	drumeo	The Snare Machine	pack-bundle-lesson	https://admin.musora.com/admin#/content/drumeo/268081	Electrify Your Drumming	68
268082	drumeo	Techno Performance	pack-bundle-lesson	https://admin.musora.com/admin#/content/drumeo/268082	Electrify Your Drumming	68
268083	drumeo	House	pack-bundle	https://admin.musora.com/admin#/content/drumeo/268083	Electrify Your Drumming	68
268084	drumeo	What Is House Music?	pack-bundle-lesson	https://admin.musora.com/admin#/content/drumeo/268084	Electrify Your Drumming	68
268085	drumeo	Popular Ride & Hi-Hat Patterns	pack-bundle-lesson	https://admin.musora.com/admin#/content/drumeo/268085	Electrify Your Drumming	68
268086	drumeo	Hi-Hat & Backbeat Builds	pack-bundle-lesson	https://admin.musora.com/admin#/content/drumeo/268086	Electrify Your Drumming	68
268087	drumeo	"That ""Swingy"" Feel"	pack-bundle-lesson	https://admin.musora.com/admin#/content/drumeo/268087	Electrify Your Drumming	68
268088	drumeo	Locking The Hi-Hat With The Bass Line	pack-bundle-lesson	https://admin.musora.com/admin#/content/drumeo/268088	Electrify Your Drumming	68
268089	drumeo	The Endless House Loop Challenge	pack-bundle-lesson	https://admin.musora.com/admin#/content/drumeo/268089	Electrify Your Drumming	68
268090	drumeo	Big Room	pack-bundle	https://admin.musora.com/admin#/content/drumeo/268090	Electrify Your Drumming	68
268091	drumeo	What Is Big Room Music?	pack-bundle-lesson	https://admin.musora.com/admin#/content/drumeo/268091	Electrify Your Drumming	68
268092	drumeo	Kick Drum Sound	pack-bundle-lesson	https://admin.musora.com/admin#/content/drumeo/268092	Electrify Your Drumming	68
268093	drumeo	Snare Risers For Big Room	pack-bundle-lesson	https://admin.musora.com/admin#/content/drumeo/268093	Electrify Your Drumming	68
268094	drumeo	The Reggaeton Tom	pack-bundle-lesson	https://admin.musora.com/admin#/content/drumeo/268094	Electrify Your Drumming	68
268095	drumeo	The Backbeat Build	pack-bundle-lesson	https://admin.musora.com/admin#/content/drumeo/268095	Electrify Your Drumming	68
268096	drumeo	Trance	pack-bundle	https://admin.musora.com/admin#/content/drumeo/268096	Electrify Your Drumming	68
268097	drumeo	What Is Trance Music?	pack-bundle-lesson	https://admin.musora.com/admin#/content/drumeo/268097	Electrify Your Drumming	68
268098	drumeo	Kickin' On The Arpeggiator	pack-bundle-lesson	https://admin.musora.com/admin#/content/drumeo/268098	Electrify Your Drumming	68
268099	drumeo	Common Trance Hi-Hat Patterns	pack-bundle-lesson	https://admin.musora.com/admin#/content/drumeo/268099	Electrify Your Drumming	68
268100	drumeo	Hard Dance	pack-bundle	https://admin.musora.com/admin#/content/drumeo/268100	Electrify Your Drumming	68
268101	drumeo	What Is Hard Dance Music?	pack-bundle-lesson	https://admin.musora.com/admin#/content/drumeo/268101	Electrify Your Drumming	68
268102	drumeo	"The ""Rock & Punk"" Attitude"	pack-bundle-lesson	https://admin.musora.com/admin#/content/drumeo/268102	Electrify Your Drumming	68
268103	drumeo	Sound Design For Hard Dance	pack-bundle-lesson	https://admin.musora.com/admin#/content/drumeo/268103	Electrify Your Drumming	68
268104	drumeo	The Drill Sergeant Approach	pack-bundle-lesson	https://admin.musora.com/admin#/content/drumeo/268104	Electrify Your Drumming	68
268105	drumeo	Risers & Layers	pack-bundle-lesson	https://admin.musora.com/admin#/content/drumeo/268105	Electrify Your Drumming	68
268106	drumeo	Hip-Hop & Trap	pack-bundle	https://admin.musora.com/admin#/content/drumeo/268106	Electrify Your Drumming	68
268107	drumeo	What Is Hip-Hop & Trap Music?	pack-bundle-lesson	https://admin.musora.com/admin#/content/drumeo/268107	Electrify Your Drumming	68
268108	drumeo	Straight vs. Swing Grooves	pack-bundle-lesson	https://admin.musora.com/admin#/content/drumeo/268108	Electrify Your Drumming	68
268109	drumeo	Slow Trappin' Bass & Hi-Hat	pack-bundle-lesson	https://admin.musora.com/admin#/content/drumeo/268109	Electrify Your Drumming	68
268110	drumeo	Locking In With The Vocals	pack-bundle-lesson	https://admin.musora.com/admin#/content/drumeo/268110	Electrify Your Drumming	68
268111	drumeo	Glitch The Funk Up	pack-bundle-lesson	https://admin.musora.com/admin#/content/drumeo/268111	Electrify Your Drumming	68
268112	drumeo	Breaks & Breakbeat	pack-bundle	https://admin.musora.com/admin#/content/drumeo/268112	Electrify Your Drumming	68
268113	drumeo	What Is Breakbeat Music?	pack-bundle-lesson	https://admin.musora.com/admin#/content/drumeo/268113	Electrify Your Drumming	68
268114	drumeo	Breaks On The Snare	pack-bundle-lesson	https://admin.musora.com/admin#/content/drumeo/268114	Electrify Your Drumming	68
268115	drumeo	Adding Ghost Notes	pack-bundle-lesson	https://admin.musora.com/admin#/content/drumeo/268115	Electrify Your Drumming	68
268116	drumeo	Fast Tempo Breakbeats	pack-bundle-lesson	https://admin.musora.com/admin#/content/drumeo/268116	Electrify Your Drumming	68
268117	drumeo	Making Your Sound Bite	pack-bundle-lesson	https://admin.musora.com/admin#/content/drumeo/268117	Electrify Your Drumming	68
268118	drumeo	Dubstep	pack-bundle	https://admin.musora.com/admin#/content/drumeo/268118	Electrify Your Drumming	68
268119	drumeo	What Is Dubstep?	pack-bundle-lesson	https://admin.musora.com/admin#/content/drumeo/268119	Electrify Your Drumming	68
268120	drumeo	From One Drop To Dubstep	pack-bundle-lesson	https://admin.musora.com/admin#/content/drumeo/268120	Electrify Your Drumming	68
268121	drumeo	The Half-Time Feel	pack-bundle-lesson	https://admin.musora.com/admin#/content/drumeo/268121	Electrify Your Drumming	68
268122	drumeo	Dubstep vs. Half-Time Drum 'N' Bass	pack-bundle-lesson	https://admin.musora.com/admin#/content/drumeo/268122	Electrify Your Drumming	68
268123	drumeo	Dubstep Risers	pack-bundle-lesson	https://admin.musora.com/admin#/content/drumeo/268123	Electrify Your Drumming	68
268124	drumeo	Drum 'N' Bass & Jungle	pack-bundle	https://admin.musora.com/admin#/content/drumeo/268124	Electrify Your Drumming	68
268125	drumeo	What Is Drum 'N' Bass & Jungle Music?	pack-bundle-lesson	https://admin.musora.com/admin#/content/drumeo/268125	Electrify Your Drumming	68
268126	drumeo	Basic Drum 'N' Bass Beat #1	pack-bundle-lesson	https://admin.musora.com/admin#/content/drumeo/268126	Electrify Your Drumming	68
268127	drumeo	Basic Drum 'N' Bass Beat #2	pack-bundle-lesson	https://admin.musora.com/admin#/content/drumeo/268127	Electrify Your Drumming	68
268128	drumeo	Breaking Up The Snare	pack-bundle-lesson	https://admin.musora.com/admin#/content/drumeo/268128	Electrify Your Drumming	68
268129	drumeo	Drum 'N' Bass Fills & Risers	pack-bundle-lesson	https://admin.musora.com/admin#/content/drumeo/268129	Electrify Your Drumming	68
268130	drumeo	Half-Time Drum 'N' Bass	pack-bundle-lesson	https://admin.musora.com/admin#/content/drumeo/268130	Electrify Your Drumming	68
268131	drumeo	The Amen Break Feel	pack-bundle-lesson	https://admin.musora.com/admin#/content/drumeo/268131	Electrify Your Drumming	68
269458	drumeo	Conclusion	pack-bundle-lesson	https://admin.musora.com/admin#/content/drumeo/269458	Electrify Your Drumming	68
269461	drumeo	Conclusion	pack-bundle-lesson	https://admin.musora.com/admin#/content/drumeo/269461	Electrify Your Drumming	68
269463	drumeo	Conclusion	pack-bundle-lesson	https://admin.musora.com/admin#/content/drumeo/269463	Electrify Your Drumming	68
269464	drumeo	Conclusion	pack-bundle-lesson	https://admin.musora.com/admin#/content/drumeo/269464	Electrify Your Drumming	68
269465	drumeo	Conclusion	pack-bundle-lesson	https://admin.musora.com/admin#/content/drumeo/269465	Electrify Your Drumming	68
269466	drumeo	Conclusion	pack-bundle-lesson	https://admin.musora.com/admin#/content/drumeo/269466	Electrify Your Drumming	68
269467	drumeo	Conclusion	pack-bundle-lesson	https://admin.musora.com/admin#/content/drumeo/269467	Electrify Your Drumming	68
269469	drumeo	Conclusion	pack-bundle-lesson	https://admin.musora.com/admin#/content/drumeo/269469	Electrify Your Drumming	68
269470	drumeo	Conclusion	pack-bundle-lesson	https://admin.musora.com/admin#/content/drumeo/269470	Electrify Your Drumming	68
269471	drumeo	Conclusion	pack-bundle-lesson	https://admin.musora.com/admin#/content/drumeo/269471	Electrify Your Drumming	68
270254	drumeo	Bonus Lessons	pack-bundle	https://admin.musora.com/admin#/content/drumeo/270254	Electrify Your Drumming	68
270255	drumeo	Why You Need To Learn EDM Music	pack-bundle-lesson	https://admin.musora.com/admin#/content/drumeo/270255	Electrify Your Drumming	68
272949	drumeo	Live Q&A	pack-bundle-lesson	https://admin.musora.com/admin#/content/drumeo/272949	Electrify Your Drumming	68
274659	drumeo	Applying Electrify Your Drumming To All Genres	pack-bundle-lesson	https://admin.musora.com/admin#/content/drumeo/274659	Electrify Your Drumming	68
276437	drumeo	Bonus Play-Alongs	pack-bundle-lesson	https://admin.musora.com/admin#/content/drumeo/276437	Electrify Your Drumming	68
350720	guitareo	Rhythm & Groove	course	https://admin.musora.com/admin#/content/guitareo/350720	Rhythm & Groove	83
350722	guitareo	The Importance Of Rhythm	pack-bundle-lesson	https://admin.musora.com/admin#/content/guitareo/350722	Rhythm & Groove	83
350723	guitareo	The Essentials Of Rhythm	pack-bundle-lesson	https://admin.musora.com/admin#/content/guitareo/350723	Rhythm & Groove	83
350724	guitareo	It All Starts With Counting	pack-bundle-lesson	https://admin.musora.com/admin#/content/guitareo/350724	Rhythm & Groove	83
350725	guitareo	Make Your Strum Patterns FEEL Good!	pack-bundle-lesson	https://admin.musora.com/admin#/content/guitareo/350725	Rhythm & Groove	83
350726	guitareo	"Spice Up Your Rhythm With The ""Sultans Of Swing"" Fill"	pack-bundle-lesson	https://admin.musora.com/admin#/content/guitareo/350726	Rhythm & Groove	83
350727	guitareo	The Beauty Of Triplets	pack-bundle-lesson	https://admin.musora.com/admin#/content/guitareo/350727	Rhythm & Groove	83
350728	guitareo	Changing Up The Feel To Create Interest	pack-bundle-lesson	https://admin.musora.com/admin#/content/guitareo/350728	Rhythm & Groove	83
350730	guitareo	Putting It All Together By Creating SPACE	pack-bundle-lesson	https://admin.musora.com/admin#/content/guitareo/350730	Rhythm & Groove	83
350731	guitareo	Conclusion	pack-bundle-lesson	https://admin.musora.com/admin#/content/guitareo/350731	Rhythm & Groove	83
357134	guitareo	Who Is Sami Ghawi - Trailer	pack-bundle-lesson	https://admin.musora.com/admin#/content/guitareo/357134	Rhythm & Groove	83
358866	guitareo	Sami Ghawi Live Q&A	pack-bundle-lesson	https://admin.musora.com/admin#/content/guitareo/358866	Rhythm & Groove	83
310414	singeo	Singing Starter Kit	course	https://admin.musora.com/admin#/content/singeo/310414	Singing Starter Kit	75
318845	singeo	Are You Ready To Sing Better?	course-part	https://admin.musora.com/admin#/content/singeo/318845	Singing Starter Kit	75
318846	singeo	3 Things Every Singer Needs To Know	course-part	https://admin.musora.com/admin#/content/singeo/318846	Singing Starter Kit	75
318847	singeo	Understanding Your Unique Voice	course-part	https://admin.musora.com/admin#/content/singeo/318847	Singing Starter Kit	75
318848	singeo	The Most Important Vocal Exercises	course-part	https://admin.musora.com/admin#/content/singeo/318848	Singing Starter Kit	75
318849	singeo	Sing Songs Better	course-part	https://admin.musora.com/admin#/content/singeo/318849	Singing Starter Kit	75
318850	singeo	The Singer's Secret Weapon	course-part	https://admin.musora.com/admin#/content/singeo/318850	Singing Starter Kit	75
318851	singeo	Where To Go Next?	course-part	https://admin.musora.com/admin#/content/singeo/318851	Singing Starter Kit	75
373610	singeo	The Essential Guide To Beautiful Harmonies	course	https://admin.musora.com/admin#/content/singeo/373610	The Essential Guide To Beautiful Harmonies	86
373729	singeo	Your First Harmony	course-part	https://admin.musora.com/admin#/content/singeo/373729	The Essential Guide To Beautiful Harmonies	86
373730	singeo	The Secret To Finding A Harmony	course-part	https://admin.musora.com/admin#/content/singeo/373730	The Essential Guide To Beautiful Harmonies	86
373731	singeo	Harmony In Action	course-part	https://admin.musora.com/admin#/content/singeo/373731	The Essential Guide To Beautiful Harmonies	86
373732	singeo	What If My Harmony Doesn't Fit?	course-part	https://admin.musora.com/admin#/content/singeo/373732	The Essential Guide To Beautiful Harmonies	86
373733	singeo	Expanding Your Options	course-part	https://admin.musora.com/admin#/content/singeo/373733	The Essential Guide To Beautiful Harmonies	86
373734	singeo	The Easiest Harmony In The World	course-part	https://admin.musora.com/admin#/content/singeo/373734	The Essential Guide To Beautiful Harmonies	86
373735	singeo	Let's Sing Some Harmonies	course-part	https://admin.musora.com/admin#/content/singeo/373735	The Essential Guide To Beautiful Harmonies	86
373736	singeo	What Makes A Great Harmony Singer	course-part	https://admin.musora.com/admin#/content/singeo/373736	The Essential Guide To Beautiful Harmonies	86
217320	guitareo	Acoustic Guitar Made Easy	semester-pack	https://admin.musora.com/admin#/content/guitareo/217320	Acoustic Guitar Made Easy	46
217366	guitareo	Setting Up Your Practice Space	semester-pack-lesson	https://admin.musora.com/admin#/content/guitareo/217366	Acoustic Guitar Made Easy	46
217408	guitareo	Practice Planner	semester-pack-lesson	https://admin.musora.com/admin#/content/guitareo/217408	Acoustic Guitar Made Easy	46
217409	guitareo	Changing Strings & Setups	semester-pack-lesson	https://admin.musora.com/admin#/content/guitareo/217409	Acoustic Guitar Made Easy	46
217410	guitareo	Tuning	semester-pack-lesson	https://admin.musora.com/admin#/content/guitareo/217410	Acoustic Guitar Made Easy	46
217411	guitareo	Strumming Technique	semester-pack-lesson	https://admin.musora.com/admin#/content/guitareo/217411	Acoustic Guitar Made Easy	46
217412	guitareo	Rhythm	semester-pack-lesson	https://admin.musora.com/admin#/content/guitareo/217412	Acoustic Guitar Made Easy	46
217413	guitareo	Simple Chords - Start Playing!	semester-pack-lesson	https://admin.musora.com/admin#/content/guitareo/217413	Acoustic Guitar Made Easy	46
217414	guitareo	Timing	semester-pack-lesson	https://admin.musora.com/admin#/content/guitareo/217414	Acoustic Guitar Made Easy	46
217415	guitareo	Open Chords 1	semester-pack-lesson	https://admin.musora.com/admin#/content/guitareo/217415	Acoustic Guitar Made Easy	46
217416	guitareo	Strumming Patterns 1	semester-pack-lesson	https://admin.musora.com/admin#/content/guitareo/217416	Acoustic Guitar Made Easy	46
217417	guitareo	Changing Chords Smoothly	semester-pack-lesson	https://admin.musora.com/admin#/content/guitareo/217417	Acoustic Guitar Made Easy	46
217418	guitareo	Open Chords 2	semester-pack-lesson	https://admin.musora.com/admin#/content/guitareo/217418	Acoustic Guitar Made Easy	46
217419	guitareo	"Song 1 - ""Horse With No Name"""	semester-pack-lesson	https://admin.musora.com/admin#/content/guitareo/217419	Acoustic Guitar Made Easy	46
217420	guitareo	Open Chords 3	semester-pack-lesson	https://admin.musora.com/admin#/content/guitareo/217420	Acoustic Guitar Made Easy	46
217421	guitareo	Strumming Patterns 2	semester-pack-lesson	https://admin.musora.com/admin#/content/guitareo/217421	Acoustic Guitar Made Easy	46
217422	guitareo	"Song 2 - ""Brown Eyed Girl"""	semester-pack-lesson	https://admin.musora.com/admin#/content/guitareo/217422	Acoustic Guitar Made Easy	46
217423	guitareo	Strumming Patterns 3	semester-pack-lesson	https://admin.musora.com/admin#/content/guitareo/217423	Acoustic Guitar Made Easy	46
217424	guitareo	Oddball Chords	semester-pack-lesson	https://admin.musora.com/admin#/content/guitareo/217424	Acoustic Guitar Made Easy	46
217425	guitareo	"Song 3 - ""Let It Be"""	semester-pack-lesson	https://admin.musora.com/admin#/content/guitareo/217425	Acoustic Guitar Made Easy	46
217426	guitareo	Chord Movement	semester-pack-lesson	https://admin.musora.com/admin#/content/guitareo/217426	Acoustic Guitar Made Easy	46
217427	guitareo	"Song 4 - ""Jambalaya"""	semester-pack-lesson	https://admin.musora.com/admin#/content/guitareo/217427	Acoustic Guitar Made Easy	46
217428	guitareo	Music Theory 1 - The Major Scale	semester-pack-lesson	https://admin.musora.com/admin#/content/guitareo/217428	Acoustic Guitar Made Easy	46
217429	guitareo	Music Theory 2 - Major Keys	semester-pack-lesson	https://admin.musora.com/admin#/content/guitareo/217429	Acoustic Guitar Made Easy	46
217430	guitareo	Capo	semester-pack-lesson	https://admin.musora.com/admin#/content/guitareo/217430	Acoustic Guitar Made Easy	46
217431	guitareo	Music Theory 3 - Major & Minor Chords	semester-pack-lesson	https://admin.musora.com/admin#/content/guitareo/217431	Acoustic Guitar Made Easy	46
217432	guitareo	Strumming Embellishments	semester-pack-lesson	https://admin.musora.com/admin#/content/guitareo/217432	Acoustic Guitar Made Easy	46
217433	guitareo	"Song 5 - ""Take It Easy"""	semester-pack-lesson	https://admin.musora.com/admin#/content/guitareo/217433	Acoustic Guitar Made Easy	46
217434	guitareo	Fingerstyle	semester-pack-lesson	https://admin.musora.com/admin#/content/guitareo/217434	Acoustic Guitar Made Easy	46
217435	guitareo	Crosspicking	semester-pack-lesson	https://admin.musora.com/admin#/content/guitareo/217435	Acoustic Guitar Made Easy	46
217436	guitareo	Wrap Up	semester-pack-lesson	https://admin.musora.com/admin#/content/guitareo/217436	Acoustic Guitar Made Easy	46
220118	guitareo	How To Use Acoustic Guitar Made Easy	semester-pack-lesson	https://admin.musora.com/admin#/content/guitareo/220118	Acoustic Guitar Made Easy	46
346331	pianote	The Power Of Chords	pack	https://admin.musora.com/admin#/content/pianote/346331	The Power Of Chords	82
347744	pianote	Meet Your Coach	pack-bundle-lesson	https://admin.musora.com/admin#/content/pianote/347744	The Power Of Chords	82
347745	pianote	Why Chords Are Powerful	pack-bundle-lesson	https://admin.musora.com/admin#/content/pianote/347745	The Power Of Chords	82
347747	pianote	How Chords Are Made	pack-bundle-lesson	https://admin.musora.com/admin#/content/pianote/347747	The Power Of Chords	82
347748	pianote	Chord Inversions 101	pack-bundle-lesson	https://admin.musora.com/admin#/content/pianote/347748	The Power Of Chords	82
347750	pianote	"""Sus"" Chords Explained"	pack-bundle-lesson	https://admin.musora.com/admin#/content/pianote/347750	The Power Of Chords	82
347751	pianote	Slash Chords Explained	pack-bundle-lesson	https://admin.musora.com/admin#/content/pianote/347751	The Power Of Chords	82
347752	pianote	How To Build 7th Chords	pack-bundle-lesson	https://admin.musora.com/admin#/content/pianote/347752	The Power Of Chords	82
347753	pianote	Reading Chord Charts & Lead Sheets	pack-bundle-lesson	https://admin.musora.com/admin#/content/pianote/347753	The Power Of Chords	82
347754	pianote	Finding Chords In Sheet Music	pack-bundle-lesson	https://admin.musora.com/admin#/content/pianote/347754	The Power Of Chords	82
347755	pianote	Chord Progression	pack-bundle-lesson	https://admin.musora.com/admin#/content/pianote/347755	The Power Of Chords	82
367861	pianote	The Power Of Chords	pack-bundle	https://admin.musora.com/admin#/content/pianote/367861	The Power Of Chords	82
262874	pianote	Worship Piano - How To Play Piano In Church	pack	https://admin.musora.com/admin#/content/pianote/262874	Worship Piano - How To Play Piano In Church	66
262875	pianote	Worship Piano - How To Play Piano In Church	pack-bundle	https://admin.musora.com/admin#/content/pianote/262875	Worship Piano - How To Play Piano In Church	66
262877	pianote	Introduction	pack-bundle-lesson	https://admin.musora.com/admin#/content/pianote/262877	Worship Piano - How To Play Piano In Church	66
262878	pianote	Welcome To The Piano - Your First Piano Lesson	pack-bundle-lesson	https://admin.musora.com/admin#/content/pianote/262878	Worship Piano - How To Play Piano In Church	66
262879	pianote	Chording 101 - Everything You Need To Know To Play Chords	pack-bundle-lesson	https://admin.musora.com/admin#/content/pianote/262879	Worship Piano - How To Play Piano In Church	66
262881	pianote	How To Read Worship Chord Charts	pack-bundle-lesson	https://admin.musora.com/admin#/content/pianote/262881	Worship Piano - How To Play Piano In Church	66
262882	pianote	Advanced Chords - Start Sounding Better	pack-bundle-lesson	https://admin.musora.com/admin#/content/pianote/262882	Worship Piano - How To Play Piano In Church	66
262883	pianote	Chord Inversions - The Secret To Sounding Professional	pack-bundle-lesson	https://admin.musora.com/admin#/content/pianote/262883	Worship Piano - How To Play Piano In Church	66
262884	pianote	Riffs & Fills - To Fill Space And Add Emotion	pack-bundle-lesson	https://admin.musora.com/admin#/content/pianote/262884	Worship Piano - How To Play Piano In Church	66
262886	pianote	You're Not Alone - How To Play With Other Musicians	pack-bundle-lesson	https://admin.musora.com/admin#/content/pianote/262886	Worship Piano - How To Play Piano In Church	66
262887	pianote	"Sound Design - How To Create That ""Worship Piano Sound"""	pack-bundle-lesson	https://admin.musora.com/admin#/content/pianote/262887	Worship Piano - How To Play Piano In Church	66
262888	pianote	Seamless Transitions - Play Intros, Outros And Shift Effortlessly Between Songs	pack-bundle-lesson	https://admin.musora.com/admin#/content/pianote/262888	Worship Piano - How To Play Piano In Church	66
262889	pianote	Background Music - What To Play Under Prayer And For An Altar Call	pack-bundle-lesson	https://admin.musora.com/admin#/content/pianote/262889	Worship Piano - How To Play Piano In Church	66
262890	pianote	Final Performance - Play With The Band	pack-bundle-lesson	https://admin.musora.com/admin#/content/pianote/262890	Worship Piano - How To Play Piano In Church	66
332238	guitareo	5 Songwriting Cheat Codes For Guitarists	course	https://admin.musora.com/admin#/content/guitareo/332238	5 Songwriting Cheat Codes For Guitarists	92;94;78;88;89;90
334637	guitareo	Introduction	course-part	https://admin.musora.com/admin#/content/guitareo/334637	5 Songwriting Cheat Codes For Guitarists	92;94;78;88;89;90
334638	guitareo	Cheat Code #1 - Open Tunings	course-part	https://admin.musora.com/admin#/content/guitareo/334638	5 Songwriting Cheat Codes For Guitarists	92;94;78;88;89;90
334639	guitareo	Cheat Code #2 - 4 Notes	course-part	https://admin.musora.com/admin#/content/guitareo/334639	5 Songwriting Cheat Codes For Guitarists	92;94;78;88;89;90
334640	guitareo	Cheat Code #3 - Drop D	course-part	https://admin.musora.com/admin#/content/guitareo/334640	5 Songwriting Cheat Codes For Guitarists	92;94;78;88;89;90
334641	guitareo	Cheat Code #4 - 3rds in G	course-part	https://admin.musora.com/admin#/content/guitareo/334641	5 Songwriting Cheat Codes For Guitarists	92;94;78;88;89;90
334642	guitareo	Cheat Code #5 - Just Let Your Equipment Do The Work	course-part	https://admin.musora.com/admin#/content/guitareo/334642	5 Songwriting Cheat Codes For Guitarists	92;94;78;88;89;90
334643	guitareo	Bonus Cheat Code - The Spaghetti Principle	course-part	https://admin.musora.com/admin#/content/guitareo/334643	5 Songwriting Cheat Codes For Guitarists	92;94;78;88;89;90
334645	guitareo	Bonus Video #1 - Open Tuning 2	course-part	https://admin.musora.com/admin#/content/guitareo/334645	5 Songwriting Cheat Codes For Guitarists	92;94;78;88;89;90
334646	guitareo	Bonus Video #2 - Open Tuning 3	course-part	https://admin.musora.com/admin#/content/guitareo/334646	5 Songwriting Cheat Codes For Guitarists	92;94;78;88;89;90
348913	guitareo	Rob Scallon Live Q&A	course-part	https://admin.musora.com/admin#/content/guitareo/348913	5 Songwriting Cheat Codes For Guitarists	92;94;78;88;89;90
31461	drumeo	Bass Drum Calibration: 16th Note Coordination	course	https://admin.musora.com/admin#/content/drumeo/31461	Bass Drum Calibration: 16th Note Coordination	92;94;78;88;89;90
31463	drumeo	Introduction	course-part	https://admin.musora.com/admin#/content/drumeo/31463	Bass Drum Calibration: 16th Note Coordination	92;94;78;88;89;90
31465	drumeo	Left Hand Singles	course-part	https://admin.musora.com/admin#/content/drumeo/31465	Bass Drum Calibration: 16th Note Coordination	92;94;78;88;89;90
31467	drumeo	Doubles	course-part	https://admin.musora.com/admin#/content/drumeo/31467	Bass Drum Calibration: 16th Note Coordination	92;94;78;88;89;90
31469	drumeo	Inverted Doubles	course-part	https://admin.musora.com/admin#/content/drumeo/31469	Bass Drum Calibration: 16th Note Coordination	92;94;78;88;89;90
31471	drumeo	Paradiddles	course-part	https://admin.musora.com/admin#/content/drumeo/31471	Bass Drum Calibration: 16th Note Coordination	92;94;78;88;89;90
31473	drumeo	Turning The Exercise Around	course-part	https://admin.musora.com/admin#/content/drumeo/31473	Bass Drum Calibration: 16th Note Coordination	92;94;78;88;89;90
31475	drumeo	Conclusion	course-part	https://admin.musora.com/admin#/content/drumeo/31475	Bass Drum Calibration: 16th Note Coordination	92;94;78;88;89;90
31562	drumeo	Bass Drum Calibration: Triplet Coordination	course	https://admin.musora.com/admin#/content/drumeo/31562	Bass Drum Calibration: Triplet Coordination	92;94;78;88;89;90
31564	drumeo	Introduction	course-part	https://admin.musora.com/admin#/content/drumeo/31564	Bass Drum Calibration: Triplet Coordination	92;94;78;88;89;90
31566	drumeo	Singles	course-part	https://admin.musora.com/admin#/content/drumeo/31566	Bass Drum Calibration: Triplet Coordination	92;94;78;88;89;90
31568	drumeo	Doubles	course-part	https://admin.musora.com/admin#/content/drumeo/31568	Bass Drum Calibration: Triplet Coordination	92;94;78;88;89;90
31570	drumeo	Paradiddles	course-part	https://admin.musora.com/admin#/content/drumeo/31570	Bass Drum Calibration: Triplet Coordination	92;94;78;88;89;90
31572	drumeo	Flam Taps	course-part	https://admin.musora.com/admin#/content/drumeo/31572	Bass Drum Calibration: Triplet Coordination	92;94;78;88;89;90
31574	drumeo	5-Note Grouping Challenge	course-part	https://admin.musora.com/admin#/content/drumeo/31574	Bass Drum Calibration: Triplet Coordination	92;94;78;88;89;90
31576	drumeo	Conclusion	course-part	https://admin.musora.com/admin#/content/drumeo/31576	Bass Drum Calibration: Triplet Coordination	92;94;78;88;89;90
365969	drumeo	Beyond The Books – A Creative Approach To Jazz Drumming	course	https://admin.musora.com/admin#/content/drumeo/365969	Beyond The Books – A Creative Approach To Jazz Drumming	92;94;78;88;89;90
365970	drumeo	Venturing Beyond The Books	course-part	https://admin.musora.com/admin#/content/drumeo/365970	Beyond The Books – A Creative Approach To Jazz Drumming	92;94;78;88;89;90
365971	drumeo	Developing Internal Balance & Dynamics	course-part	https://admin.musora.com/admin#/content/drumeo/365971	Beyond The Books – A Creative Approach To Jazz Drumming	92;94;78;88;89;90
365972	drumeo	A System For Developing Drum-set Vocabulary	course-part	https://admin.musora.com/admin#/content/drumeo/365972	Beyond The Books – A Creative Approach To Jazz Drumming	92;94;78;88;89;90
365973	drumeo	Expanding Your Vocabulary Using The System	course-part	https://admin.musora.com/admin#/content/drumeo/365973	Beyond The Books – A Creative Approach To Jazz Drumming	92;94;78;88;89;90
365974	drumeo	Creative Interpretation Using The System	course-part	https://admin.musora.com/admin#/content/drumeo/365974	Beyond The Books – A Creative Approach To Jazz Drumming	92;94;78;88;89;90
365975	drumeo	Up-Tempo Applications	course-part	https://admin.musora.com/admin#/content/drumeo/365975	Beyond The Books – A Creative Approach To Jazz Drumming	92;94;78;88;89;90
365976	drumeo	Next Steps	course-part	https://admin.musora.com/admin#/content/drumeo/365976	Beyond The Books – A Creative Approach To Jazz Drumming	92;94;78;88;89;90
365977	drumeo	"""I'm An Old Cowhand"""	course-part	https://admin.musora.com/admin#/content/drumeo/365977	Beyond The Books – A Creative Approach To Jazz Drumming	92;94;78;88;89;90
365978	drumeo	"""Passion Dance"""	course-part	https://admin.musora.com/admin#/content/drumeo/365978	Beyond The Books – A Creative Approach To Jazz Drumming	92;94;78;88;89;90
365979	drumeo	"""Mr. P.C."""	course-part	https://admin.musora.com/admin#/content/drumeo/365979	Beyond The Books – A Creative Approach To Jazz Drumming	92;94;78;88;89;90
365980	drumeo	"""I Love You"""	course-part	https://admin.musora.com/admin#/content/drumeo/365980	Beyond The Books – A Creative Approach To Jazz Drumming	92;94;78;88;89;90
365981	drumeo	"""Cool Struttin'"""	course-part	https://admin.musora.com/admin#/content/drumeo/365981	Beyond The Books – A Creative Approach To Jazz Drumming	92;94;78;88;89;90
365982	drumeo	"""Oleo"""	course-part	https://admin.musora.com/admin#/content/drumeo/365982	Beyond The Books – A Creative Approach To Jazz Drumming	92;94;78;88;89;90
365983	drumeo	Bonus Drum Solo Footage	course-part	https://admin.musora.com/admin#/content/drumeo/365983	Beyond The Books – A Creative Approach To Jazz Drumming	92;94;78;88;89;90
368504	drumeo	Q&A With Steve Smith	course-part	https://admin.musora.com/admin#/content/drumeo/368504	Beyond The Books – A Creative Approach To Jazz Drumming	92;94;78;88;89;90
224271	drumeo	Blues Drumming Made Easy	course	https://admin.musora.com/admin#/content/drumeo/224271	Blues Drumming Made Easy	92;94;78;88;89;90
225395	drumeo	Introduction	course-part	https://admin.musora.com/admin#/content/drumeo/225395	Blues Drumming Made Easy	92;94;78;88;89;90
225396	drumeo	Basic Shuffle	course-part	https://admin.musora.com/admin#/content/drumeo/225396	Blues Drumming Made Easy	92;94;78;88;89;90
225397	drumeo	Double Shuffle	course-part	https://admin.musora.com/admin#/content/drumeo/225397	Blues Drumming Made Easy	92;94;78;88;89;90
225398	drumeo	Gospel Shuffle	course-part	https://admin.musora.com/admin#/content/drumeo/225398	Blues Drumming Made Easy	92;94;78;88;89;90
225399	drumeo	Texas Shuffle	course-part	https://admin.musora.com/admin#/content/drumeo/225399	Blues Drumming Made Easy	92;94;78;88;89;90
225400	drumeo	Kansas City Shuffle	course-part	https://admin.musora.com/admin#/content/drumeo/225400	Blues Drumming Made Easy	92;94;78;88;89;90
225401	drumeo	Chicago Shuffle	course-part	https://admin.musora.com/admin#/content/drumeo/225401	Blues Drumming Made Easy	92;94;78;88;89;90
225402	drumeo	The Funk	course-part	https://admin.musora.com/admin#/content/drumeo/225402	Blues Drumming Made Easy	92;94;78;88;89;90
225403	drumeo	Creating An Identity	course-part	https://admin.musora.com/admin#/content/drumeo/225403	Blues Drumming Made Easy	92;94;78;88;89;90
225963	drumeo	Building Grooves From Other Instruments	course	https://admin.musora.com/admin#/content/drumeo/225963	Building Grooves From Other Instruments	92;94;78;88;89;90
226020	drumeo	Introduction	course-part	https://admin.musora.com/admin#/content/drumeo/226020	Building Grooves From Other Instruments	92;94;78;88;89;90
226021	drumeo	Bassline	course-part	https://admin.musora.com/admin#/content/drumeo/226021	Building Grooves From Other Instruments	92;94;78;88;89;90
226022	drumeo	Guitar	course-part	https://admin.musora.com/admin#/content/drumeo/226022	Building Grooves From Other Instruments	92;94;78;88;89;90
226023	drumeo	Melody	course-part	https://admin.musora.com/admin#/content/drumeo/226023	Building Grooves From Other Instruments	92;94;78;88;89;90
226024	drumeo	Keyboard	course-part	https://admin.musora.com/admin#/content/drumeo/226024	Building Grooves From Other Instruments	92;94;78;88;89;90
226025	drumeo	Conclusion	course-part	https://admin.musora.com/admin#/content/drumeo/226025	Building Grooves From Other Instruments	92;94;78;88;89;90
31398	drumeo	The Grooves Of Porcupine Tree	course	https://admin.musora.com/admin#/content/drumeo/31398	The Grooves Of Porcupine Tree	92;94;78;88;89;90
31400	drumeo	Introduction	course-part	https://admin.musora.com/admin#/content/drumeo/31400	The Grooves Of Porcupine Tree	92;94;78;88;89;90
31402	drumeo	"""Mother & Child Divided"""	course-part	https://admin.musora.com/admin#/content/drumeo/31402	The Grooves Of Porcupine Tree	92;94;78;88;89;90
31405	drumeo	"""Halo"""	course-part	https://admin.musora.com/admin#/content/drumeo/31405	The Grooves Of Porcupine Tree	92;94;78;88;89;90
31407	drumeo	"""The Sound Of Muzak"""	course-part	https://admin.musora.com/admin#/content/drumeo/31407	The Grooves Of Porcupine Tree	92;94;78;88;89;90
31409	drumeo	"""Futile"""	course-part	https://admin.musora.com/admin#/content/drumeo/31409	The Grooves Of Porcupine Tree	92;94;78;88;89;90
31411	drumeo	"""Anesthetize"""	course-part	https://admin.musora.com/admin#/content/drumeo/31411	The Grooves Of Porcupine Tree	92;94;78;88;89;90
31413	drumeo	"Gavin Harrison & 05Ric - ""Life"""	course-part	https://admin.musora.com/admin#/content/drumeo/31413	The Grooves Of Porcupine Tree	92;94;78;88;89;90
31415	drumeo	Conclusion	course-part	https://admin.musora.com/admin#/content/drumeo/31415	The Grooves Of Porcupine Tree	92;94;78;88;89;90
231916	drumeo	The Polyrhythms Of Tool	course	https://admin.musora.com/admin#/content/drumeo/231916	The Polyrhythms Of Tool	92;94;78;88;89;90
232537	drumeo	Introduction	course-part	https://admin.musora.com/admin#/content/drumeo/232537	The Polyrhythms Of Tool	92;94;78;88;89;90
232538	drumeo	"""The Pot"""	course-part	https://admin.musora.com/admin#/content/drumeo/232538	The Polyrhythms Of Tool	92;94;78;88;89;90
232539	drumeo	"""Jambi"" & ""Eulogy"""	course-part	https://admin.musora.com/admin#/content/drumeo/232539	The Polyrhythms Of Tool	92;94;78;88;89;90
232540	drumeo	"""AEnima"""	course-part	https://admin.musora.com/admin#/content/drumeo/232540	The Polyrhythms Of Tool	92;94;78;88;89;90
232541	drumeo	Intermission	course-part	https://admin.musora.com/admin#/content/drumeo/232541	The Polyrhythms Of Tool	92;94;78;88;89;90
232542	drumeo	"""Lateralus"""	course-part	https://admin.musora.com/admin#/content/drumeo/232542	The Polyrhythms Of Tool	92;94;78;88;89;90
232543	drumeo	"""Rosetta Stoned"""	course-part	https://admin.musora.com/admin#/content/drumeo/232543	The Polyrhythms Of Tool	92;94;78;88;89;90
232544	drumeo	"""Invincible"""	course-part	https://admin.musora.com/admin#/content/drumeo/232544	The Polyrhythms Of Tool	92;94;78;88;89;90
232545	drumeo	Outro	course-part	https://admin.musora.com/admin#/content/drumeo/232545	The Polyrhythms Of Tool	92;94;78;88;89;90
231114	pianote	Creative Covers	course	https://admin.musora.com/admin#/content/pianote/231114	Creative Covers	92;94;78;88;89;90
231384	pianote	Introduction	course-part	https://admin.musora.com/admin#/content/pianote/231384	Creative Covers	92;94;78;88;89;90
231385	pianote	"""Free Fallin'"""	course-part	https://admin.musora.com/admin#/content/pianote/231385	Creative Covers	92;94;78;88;89;90
231386	pianote	"""Sound of Silence"""	course-part	https://admin.musora.com/admin#/content/pianote/231386	Creative Covers	92;94;78;88;89;90
231387	pianote	"""Californication"""	course-part	https://admin.musora.com/admin#/content/pianote/231387	Creative Covers	92;94;78;88;89;90
231388	pianote	"""Your Song"""	course-part	https://admin.musora.com/admin#/content/pianote/231388	Creative Covers	92;94;78;88;89;90
231389	pianote	"""Game of Thrones"""	course-part	https://admin.musora.com/admin#/content/pianote/231389	Creative Covers	92;94;78;88;89;90
231390	pianote	"""Video Games"""	course-part	https://admin.musora.com/admin#/content/pianote/231390	Creative Covers	92;94;78;88;89;90
24958	drumeo	Developing Double Bass	course	https://admin.musora.com/admin#/content/drumeo/24958	Developing Double Bass	92;94;78;88;89;90
24960	drumeo	Introduction	course-part	https://admin.musora.com/admin#/content/drumeo/24960	Developing Double Bass	92;94;78;88;89;90
24962	drumeo	Beginners Building Blocks	course-part	https://admin.musora.com/admin#/content/drumeo/24962	Developing Double Bass	92;94;78;88;89;90
24964	drumeo	Building Endurance	course-part	https://admin.musora.com/admin#/content/drumeo/24964	Developing Double Bass	92;94;78;88;89;90
24966	drumeo	Building Speed	course-part	https://admin.musora.com/admin#/content/drumeo/24966	Developing Double Bass	92;94;78;88;89;90
24968	drumeo	Building Dexterity	course-part	https://admin.musora.com/admin#/content/drumeo/24968	Developing Double Bass	92;94;78;88;89;90
24970	drumeo	Building Balance	course-part	https://admin.musora.com/admin#/content/drumeo/24970	Developing Double Bass	92;94;78;88;89;90
24972	drumeo	Application - Play-Along	course-part	https://admin.musora.com/admin#/content/drumeo/24972	Developing Double Bass	92;94;78;88;89;90
211079	drumeo	Exploring The Grooves Of Harvey Mason	course	https://admin.musora.com/admin#/content/drumeo/211079	Exploring The Grooves Of Harvey Mason	92;94;78;88;89;90
211080	drumeo	Introduction	course-part	https://admin.musora.com/admin#/content/drumeo/211080	Exploring The Grooves Of Harvey Mason	92;94;78;88;89;90
211434	drumeo	"Herbie Hancock - ""Chameleon"""	course-part	https://admin.musora.com/admin#/content/drumeo/211434	Exploring The Grooves Of Harvey Mason	92;94;78;88;89;90
211435	drumeo	"Seal - ""Kiss From A Rose"""	course-part	https://admin.musora.com/admin#/content/drumeo/211435	Exploring The Grooves Of Harvey Mason	92;94;78;88;89;90
211436	drumeo	"Seals And Crofts - ""Diamond Girl"""	course-part	https://admin.musora.com/admin#/content/drumeo/211436	Exploring The Grooves Of Harvey Mason	92;94;78;88;89;90
211437	drumeo	"Fourplay - ""After The Dance"""	course-part	https://admin.musora.com/admin#/content/drumeo/211437	Exploring The Grooves Of Harvey Mason	92;94;78;88;89;90
211438	drumeo	"Fourplay - ""Bali Run"""	course-part	https://admin.musora.com/admin#/content/drumeo/211438	Exploring The Grooves Of Harvey Mason	92;94;78;88;89;90
211439	drumeo	"Harvey Mason - ""Speak Like A Child"""	course-part	https://admin.musora.com/admin#/content/drumeo/211439	Exploring The Grooves Of Harvey Mason	92;94;78;88;89;90
211440	drumeo	"George Benson - ""Breezin'"""	course-part	https://admin.musora.com/admin#/content/drumeo/211440	Exploring The Grooves Of Harvey Mason	92;94;78;88;89;90
211441	drumeo	Film Work	course-part	https://admin.musora.com/admin#/content/drumeo/211441	Exploring The Grooves Of Harvey Mason	92;94;78;88;89;90
294635	guitareo	Getting Started On The Acoustic Guitar	course	https://admin.musora.com/admin#/content/guitareo/294635	Getting Started On The Acoustic Guitar	92;94;78;88;89;90
294637	guitareo	Becoming Familiar With Your Acoustic Guitar	course-part	https://admin.musora.com/admin#/content/guitareo/294637	Getting Started On The Acoustic Guitar	92;94;78;88;89;90
294638	guitareo	Make Your Guitar Sound Good	course-part	https://admin.musora.com/admin#/content/guitareo/294638	Getting Started On The Acoustic Guitar	92;94;78;88;89;90
294639	guitareo	Strumming Basics	course-part	https://admin.musora.com/admin#/content/guitareo/294639	Getting Started On The Acoustic Guitar	92;94;78;88;89;90
294640	guitareo	Start Making Music!	course-part	https://admin.musora.com/admin#/content/guitareo/294640	Getting Started On The Acoustic Guitar	92;94;78;88;89;90
294641	guitareo	Play A Song!	course-part	https://admin.musora.com/admin#/content/guitareo/294641	Getting Started On The Acoustic Guitar	92;94;78;88;89;90
294642	guitareo	Pave Your Own Path	course-part	https://admin.musora.com/admin#/content/guitareo/294642	Getting Started On The Acoustic Guitar	92;94;78;88;89;90
325244	Pianote	Samba	course-part	https://admin.musora.com/admin#/content/Pianote/325244	Latin Piano Essentials	92;94;78;88;89;90
325246	Pianote	Bolero	course-part	https://admin.musora.com/admin#/content/Pianote/325246	Latin Piano Essentials	92;94;78;88;89;90
227465	Drumeo	Rashid Learns A Funk Song	course-part	https://admin.musora.com/admin#/content/Drumeo/227465	Learning Songs By Ear	92;94;78;88;89;90
27972	Drumeo	Advanced Mambo Bell Patterns	course-part	https://admin.musora.com/admin#/content/Drumeo/27972	Mambo	92;94;78;88;89;90
25061	Drumeo	Introduction	course-part	https://admin.musora.com/admin#/content/Drumeo/25061	Metal Chops	92;94;78;88;89;90
25063	Drumeo	Hand To Foot Combination Fills	course-part	https://admin.musora.com/admin#/content/Drumeo/25063	Metal Chops	92;94;78;88;89;90
25065	Drumeo	Double Bass Ruffs	course-part	https://admin.musora.com/admin#/content/Drumeo/25065	Metal Chops	92;94;78;88;89;90
25067	Drumeo	Odd Time Metal Grooves	course-part	https://admin.musora.com/admin#/content/Drumeo/25067	Metal Chops	92;94;78;88;89;90
25069	Drumeo	Two Handed Riding	course-part	https://admin.musora.com/admin#/content/Drumeo/25069	Metal Chops	92;94;78;88;89;90
25071	Drumeo	6-Note Grouping Fills	course-part	https://admin.musora.com/admin#/content/Drumeo/25071	Metal Chops	92;94;78;88;89;90
25073	Drumeo	Application - Play-Along	course-part	https://admin.musora.com/admin#/content/Drumeo/25073	Metal Chops	92;94;78;88;89;90
239133	pianote	Rhythmic Playing	course	https://admin.musora.com/admin#/content/pianote/239133	Rhythmic Playing	92;94;78;88;89;90
240620	pianote	A Rhythmic Motif	course-part	https://admin.musora.com/admin#/content/pianote/240620	Rhythmic Playing	92;94;78;88;89;90
240621	pianote	Expanding Beyond the Motif	course-part	https://admin.musora.com/admin#/content/pianote/240621	Rhythmic Playing	92;94;78;88;89;90
240622	pianote	Adding In A Melody	course-part	https://admin.musora.com/admin#/content/pianote/240622	Rhythmic Playing	92;94;78;88;89;90
240623	pianote	Chord Voicings	course-part	https://admin.musora.com/admin#/content/pianote/240623	Rhythmic Playing	92;94;78;88;89;90
240624	pianote	Building An Exciting Arrangement	course-part	https://admin.musora.com/admin#/content/pianote/240624	Rhythmic Playing	92;94;78;88;89;90
240625	pianote	"Performance - ""Not What I Meant"""	course-part	https://admin.musora.com/admin#/content/pianote/240625	Rhythmic Playing	92;94;78;88;89;90
303128	Drumeo	Integrating The Simmons Advanced Drums App	course-part	https://admin.musora.com/admin#/content/Drumeo/303128	Simmons SD1200 Gear Guide	92;94;78;88;89;90
190417	drumeo	Swing Syncopation & Coordination	course	https://admin.musora.com/admin#/content/drumeo/190417	Swing Syncopation & Coordination	92;94;78;88;89;90
190418	drumeo	Introduction	course-part	https://admin.musora.com/admin#/content/drumeo/190418	Swing Syncopation & Coordination	92;94;78;88;89;90
190419	drumeo	The Concept	course-part	https://admin.musora.com/admin#/content/drumeo/190419	Swing Syncopation & Coordination	92;94;78;88;89;90
190420	drumeo	Bass Drum Syncopation	course-part	https://admin.musora.com/admin#/content/drumeo/190420	Swing Syncopation & Coordination	92;94;78;88;89;90
190421	drumeo	Bass Drum & Hi-Hat Syncopation	course-part	https://admin.musora.com/admin#/content/drumeo/190421	Swing Syncopation & Coordination	92;94;78;88;89;90
190422	drumeo	Syncopation Challenge & Conclusion	course-part	https://admin.musora.com/admin#/content/drumeo/190422	Swing Syncopation & Coordination	92;94;78;88;89;90
26600	drumeo	The Grooves Of Chicago	course	https://admin.musora.com/admin#/content/drumeo/26600	The Grooves Of Chicago	92;94;78;88;89;90
26602	drumeo	Introduction	course-part	https://admin.musora.com/admin#/content/drumeo/26602	The Grooves Of Chicago	92;94;78;88;89;90
26604	drumeo	Make Me Smile (Groove & Fill)	course-part	https://admin.musora.com/admin#/content/drumeo/26604	The Grooves Of Chicago	92;94;78;88;89;90
26606	drumeo	Does Anyone Know What Time It Is (Groove)	course-part	https://admin.musora.com/admin#/content/drumeo/26606	The Grooves Of Chicago	92;94;78;88;89;90
26608	drumeo	25 or 6 to 4 (Groove)	course-part	https://admin.musora.com/admin#/content/drumeo/26608	The Grooves Of Chicago	92;94;78;88;89;90
26610	drumeo	I'm A Man (Groove)	course-part	https://admin.musora.com/admin#/content/drumeo/26610	The Grooves Of Chicago	92;94;78;88;89;90
26612	drumeo	Questions 67 & 68 (Intro Fill)	course-part	https://admin.musora.com/admin#/content/drumeo/26612	The Grooves Of Chicago	92;94;78;88;89;90
26614	drumeo	Outro	course-part	https://admin.musora.com/admin#/content/drumeo/26614	The Grooves Of Chicago	92;94;78;88;89;90
254195	drumeo	The Grooves Of Death Cab For Cutie	course	https://admin.musora.com/admin#/content/drumeo/254195	The Grooves Of Death Cab For Cutie	92;94;78;88;89;90
259088	drumeo	"""The New Year"""	course-part	https://admin.musora.com/admin#/content/drumeo/259088	The Grooves Of Death Cab For Cutie	92;94;78;88;89;90
259089	drumeo	"""Soul Meets Body"""	course-part	https://admin.musora.com/admin#/content/drumeo/259089	The Grooves Of Death Cab For Cutie	92;94;78;88;89;90
259090	drumeo	"""What Sarah Said"""	course-part	https://admin.musora.com/admin#/content/drumeo/259090	The Grooves Of Death Cab For Cutie	92;94;78;88;89;90
259091	drumeo	"""I Will Possess Your Heart"""	course-part	https://admin.musora.com/admin#/content/drumeo/259091	The Grooves Of Death Cab For Cutie	92;94;78;88;89;90
259092	drumeo	"""Grapevine Fires"""	course-part	https://admin.musora.com/admin#/content/drumeo/259092	The Grooves Of Death Cab For Cutie	92;94;78;88;89;90
259093	drumeo	"""Black Sun"""	course-part	https://admin.musora.com/admin#/content/drumeo/259093	The Grooves Of Death Cab For Cutie	92;94;78;88;89;90
259094	drumeo	"""Summer Years"""	course-part	https://admin.musora.com/admin#/content/drumeo/259094	The Grooves Of Death Cab For Cutie	92;94;78;88;89;90
31398	drumeo	The Grooves Of Porcupine Tree	course	https://admin.musora.com/admin#/content/drumeo/31398	The Grooves Of Porcupine Tree	92;94;78;88;89;90
31400	drumeo	Introduction	course-part	https://admin.musora.com/admin#/content/drumeo/31400	The Grooves Of Porcupine Tree	92;94;78;88;89;90
31402	drumeo	"""Mother & Child Divided"""	course-part	https://admin.musora.com/admin#/content/drumeo/31402	The Grooves Of Porcupine Tree	92;94;78;88;89;90
31405	drumeo	"""Halo"""	course-part	https://admin.musora.com/admin#/content/drumeo/31405	The Grooves Of Porcupine Tree	92;94;78;88;89;90
31407	drumeo	"""The Sound Of Muzak"""	course-part	https://admin.musora.com/admin#/content/drumeo/31407	The Grooves Of Porcupine Tree	92;94;78;88;89;90
31409	drumeo	"""Futile"""	course-part	https://admin.musora.com/admin#/content/drumeo/31409	The Grooves Of Porcupine Tree	92;94;78;88;89;90
31411	drumeo	"""Anesthetize"""	course-part	https://admin.musora.com/admin#/content/drumeo/31411	The Grooves Of Porcupine Tree	92;94;78;88;89;90
31413	drumeo	"Gavin Harrison & 05Ric - ""Life"""	course-part	https://admin.musora.com/admin#/content/drumeo/31413	The Grooves Of Porcupine Tree	92;94;78;88;89;90
31415	drumeo	Conclusion	course-part	https://admin.musora.com/admin#/content/drumeo/31415	The Grooves Of Porcupine Tree	92;94;78;88;89;90
231916	drumeo	The Polyrhythms Of Tool	course	https://admin.musora.com/admin#/content/drumeo/231916	The Polyrhythms Of Tool	92;94;78;88;89;90
232537	drumeo	Introduction	course-part	https://admin.musora.com/admin#/content/drumeo/232537	The Polyrhythms Of Tool	92;94;78;88;89;90
232538	drumeo	"""The Pot"""	course-part	https://admin.musora.com/admin#/content/drumeo/232538	The Polyrhythms Of Tool	92;94;78;88;89;90
232539	drumeo	"""Jambi"" & ""Eulogy"""	course-part	https://admin.musora.com/admin#/content/drumeo/232539	The Polyrhythms Of Tool	92;94;78;88;89;90
232540	drumeo	"""AEnima"""	course-part	https://admin.musora.com/admin#/content/drumeo/232540	The Polyrhythms Of Tool	92;94;78;88;89;90
232541	drumeo	Intermission	course-part	https://admin.musora.com/admin#/content/drumeo/232541	The Polyrhythms Of Tool	92;94;78;88;89;90
232542	drumeo	"""Lateralus"""	course-part	https://admin.musora.com/admin#/content/drumeo/232542	The Polyrhythms Of Tool	92;94;78;88;89;90
232543	drumeo	"""Rosetta Stoned"""	course-part	https://admin.musora.com/admin#/content/drumeo/232543	The Polyrhythms Of Tool	92;94;78;88;89;90
232544	drumeo	"""Invincible"""	course-part	https://admin.musora.com/admin#/content/drumeo/232544	The Polyrhythms Of Tool	92;94;78;88;89;90
232545	drumeo	Outro	course-part	https://admin.musora.com/admin#/content/drumeo/232545	The Polyrhythms Of Tool	92;94;78;88;89;90
216116	guitareo	White Christmas	course	https://admin.musora.com/admin#/content/guitareo/216116	White Christmas	92;94;78;88;89;90
216117	guitareo	White Christmas Introduction	course-part	https://admin.musora.com/admin#/content/guitareo/216117	White Christmas	92;94;78;88;89;90
216130	guitareo	White Christmas - Beginner Rhythm	course-part	https://admin.musora.com/admin#/content/guitareo/216130	White Christmas	92;94;78;88;89;90
216131	guitareo	White Christmas - Intermediate Rhythm	course-part	https://admin.musora.com/admin#/content/guitareo/216131	White Christmas	92;94;78;88;89;90
334969	drumeo	Writing The Perfect Drum Parts	course	https://admin.musora.com/admin#/content/drumeo/334969	Writing The Perfect Drum Parts	92;94;78;88;89;90
334972	drumeo	Who Is Hannah Welton?	course-part	https://admin.musora.com/admin#/content/drumeo/334972	Writing The Perfect Drum Parts	92;94;78;88;89;90
334973	drumeo	What Makes A Great Drum Part?	course-part	https://admin.musora.com/admin#/content/drumeo/334973	Writing The Perfect Drum Parts	92;94;78;88;89;90
334974	drumeo	Great Listeners Are Musical Leaders	course-part	https://admin.musora.com/admin#/content/drumeo/334974	Writing The Perfect Drum Parts	92;94;78;88;89;90
334975	drumeo	Elevating The Chorus With A Catchy Drum Part	course-part	https://admin.musora.com/admin#/content/drumeo/334975	Writing The Perfect Drum Parts	92;94;78;88;89;90
334976	drumeo	How To Effectively Support A Soloist	course-part	https://admin.musora.com/admin#/content/drumeo/334976	Writing The Perfect Drum Parts	92;94;78;88;89;90
334977	drumeo	Give The Drummer Some!	course-part	https://admin.musora.com/admin#/content/drumeo/334977	Writing The Perfect Drum Parts	92;94;78;88;89;90
334978	drumeo	Crafting A Compelling Drum Solo	course-part	https://admin.musora.com/admin#/content/drumeo/334978	Writing The Perfect Drum Parts	92;94;78;88;89;90
334979	drumeo	Creating Drum Parts For Digitally Produced Songs	course-part	https://admin.musora.com/admin#/content/drumeo/334979	Writing The Perfect Drum Parts	92;94;78;88;89;90
334980	drumeo	Creating Drum Parts For A Live Band	course-part	https://admin.musora.com/admin#/content/drumeo/334980	Writing The Perfect Drum Parts	92;94;78;88;89;90
334981	drumeo	It's Your Time To Create Amazing Drum Parts	course-part	https://admin.musora.com/admin#/content/drumeo/334981	Writing The Perfect Drum Parts	92;94;78;88;89;90
334982	drumeo	More Than Just A Drummer	course-part	https://admin.musora.com/admin#/content/drumeo/334982	Writing The Perfect Drum Parts	92;94;78;88;89;90
337563	drumeo	An Interview With Hannah Welton	course-part	https://admin.musora.com/admin#/content/drumeo/337563	Writing The Perfect Drum Parts	92;94;78;88;89;90
338228	drumeo	Q&A With Hannah Welton	course-part	https://admin.musora.com/admin#/content/drumeo/338228	Writing The Perfect Drum Parts	92;94;78;88;89;90
354353	Singeo	How Social Media Can Help	course-part	https://admin.musora.com/admin#/content/Singeo/354353	Defining Yourself As A Singer	92;94;78;88;89;90
280599	guitareo	Guitar Quest	pack	https://admin.musora.com/admin#/content/guitareo/280599	Guitar Quest	71;92;94;78;88;89;90
280600	guitareo	Chapter 1 - Play a Show (Song in an Hour)	pack-bundle	https://admin.musora.com/admin#/content/guitareo/280600	Guitar Quest	71;92;94;78;88;89;90
280601	guitareo	Intro	pack-bundle-lesson	https://admin.musora.com/admin#/content/guitareo/280601	Guitar Quest	71;92;94;78;88;89;90
280602	guitareo	How Do I Hold This Thing?	pack-bundle-lesson	https://admin.musora.com/admin#/content/guitareo/280602	Guitar Quest	71;92;94;78;88;89;90
280604	guitareo	Why Does It Sound Awful?	pack-bundle-lesson	https://admin.musora.com/admin#/content/guitareo/280604	Guitar Quest	71;92;94;78;88;89;90
280606	guitareo	Getting A Good Strum	pack-bundle-lesson	https://admin.musora.com/admin#/content/guitareo/280606	Guitar Quest	71;92;94;78;88;89;90
280610	guitareo	The Easiest & Greatest Chord	pack-bundle-lesson	https://admin.musora.com/admin#/content/guitareo/280610	Guitar Quest	71;92;94;78;88;89;90
280612	guitareo	Practicing For The Show	pack-bundle-lesson	https://admin.musora.com/admin#/content/guitareo/280612	Guitar Quest	71;92;94;78;88;89;90
280615	guitareo	The Big Show	pack-bundle-lesson	https://admin.musora.com/admin#/content/guitareo/280615	Guitar Quest	71;92;94;78;88;89;90
280618	guitareo	Congrats! Let's Start Writing A Melody	pack-bundle-lesson	https://admin.musora.com/admin#/content/guitareo/280618	Guitar Quest	71;92;94;78;88;89;90
280622	guitareo	Outro	pack-bundle-lesson	https://admin.musora.com/admin#/content/guitareo/280622	Guitar Quest	71;92;94;78;88;89;90
280624	guitareo	Chapter 2 - Jam Session	pack-bundle	https://admin.musora.com/admin#/content/guitareo/280624	Guitar Quest	71;92;94;78;88;89;90
280625	guitareo	Introduction	pack-bundle-lesson	https://admin.musora.com/admin#/content/guitareo/280625	Guitar Quest	71;92;94;78;88;89;90
280626	guitareo	Your Guitar	pack-bundle-lesson	https://admin.musora.com/admin#/content/guitareo/280626	Guitar Quest	71;92;94;78;88;89;90
280628	guitareo	The Other Half Of Your Instrument (The Amp)	pack-bundle-lesson	https://admin.musora.com/admin#/content/guitareo/280628	Guitar Quest	71;92;94;78;88;89;90
280631	guitareo	Changing Strings	pack-bundle-lesson	https://admin.musora.com/admin#/content/guitareo/280631	Guitar Quest	71;92;94;78;88;89;90
280634	guitareo	The G Shape	pack-bundle-lesson	https://admin.musora.com/admin#/content/guitareo/280634	Guitar Quest	71;92;94;78;88;89;90
280636	guitareo	Melody On The High E	pack-bundle-lesson	https://admin.musora.com/admin#/content/guitareo/280636	Guitar Quest	71;92;94;78;88;89;90
280641	guitareo	Trick Yourself Into Practicing	pack-bundle-lesson	https://admin.musora.com/admin#/content/guitareo/280641	Guitar Quest	71;92;94;78;88;89;90
280644	guitareo	Outro	pack-bundle-lesson	https://admin.musora.com/admin#/content/guitareo/280644	Guitar Quest	71;92;94;78;88;89;90
280646	guitareo	Chapter 3 - Music Video Shoot	pack-bundle	https://admin.musora.com/admin#/content/guitareo/280646	Guitar Quest	71;92;94;78;88;89;90
280647	guitareo	Introduction	pack-bundle-lesson	https://admin.musora.com/admin#/content/guitareo/280647	Guitar Quest	71;92;94;78;88;89;90
280648	guitareo	Strumming Basics	pack-bundle-lesson	https://admin.musora.com/admin#/content/guitareo/280648	Guitar Quest	71;92;94;78;88;89;90
280652	guitareo	E Major	pack-bundle-lesson	https://admin.musora.com/admin#/content/guitareo/280652	Guitar Quest	71;92;94;78;88;89;90
280656	guitareo	The Movable Midwest Chords	pack-bundle-lesson	https://admin.musora.com/admin#/content/guitareo/280656	Guitar Quest	71;92;94;78;88;89;90
280663	guitareo	The Verse	pack-bundle-lesson	https://admin.musora.com/admin#/content/guitareo/280663	Guitar Quest	71;92;94;78;88;89;90
280665	guitareo	The Chorus	pack-bundle-lesson	https://admin.musora.com/admin#/content/guitareo/280665	Guitar Quest	71;92;94;78;88;89;90
280669	guitareo	Preparing For The Music Video	pack-bundle-lesson	https://admin.musora.com/admin#/content/guitareo/280669	Guitar Quest	71;92;94;78;88;89;90
280673	guitareo	Shooting The Music Video	pack-bundle-lesson	https://admin.musora.com/admin#/content/guitareo/280673	Guitar Quest	71;92;94;78;88;89;90
280677	guitareo	Outro	pack-bundle-lesson	https://admin.musora.com/admin#/content/guitareo/280677	Guitar Quest	71;92;94;78;88;89;90
280679	guitareo	Chapter 4 - The Campfire Chords™	pack-bundle	https://admin.musora.com/admin#/content/guitareo/280679	Guitar Quest	71;92;94;78;88;89;90
280680	guitareo	Introduction	pack-bundle-lesson	https://admin.musora.com/admin#/content/guitareo/280680	Guitar Quest	71;92;94;78;88;89;90
280681	guitareo	Chord Charts And The Full G Chord	pack-bundle-lesson	https://admin.musora.com/admin#/content/guitareo/280681	Guitar Quest	71;92;94;78;88;89;90
280684	guitareo	C Chord	pack-bundle-lesson	https://admin.musora.com/admin#/content/guitareo/280684	Guitar Quest	71;92;94;78;88;89;90
280687	guitareo	E Minor	pack-bundle-lesson	https://admin.musora.com/admin#/content/guitareo/280687	Guitar Quest	71;92;94;78;88;89;90
280690	guitareo	A Minor	pack-bundle-lesson	https://admin.musora.com/admin#/content/guitareo/280690	Guitar Quest	71;92;94;78;88;89;90
280693	guitareo	D Chord, My Least Favorite Chord	pack-bundle-lesson	https://admin.musora.com/admin#/content/guitareo/280693	Guitar Quest	71;92;94;78;88;89;90
280696	guitareo	How To Transition Between Open Chords	pack-bundle-lesson	https://admin.musora.com/admin#/content/guitareo/280696	Guitar Quest	71;92;94;78;88;89;90
280699	guitareo	Play The Campfire Song	pack-bundle-lesson	https://admin.musora.com/admin#/content/guitareo/280699	Guitar Quest	71;92;94;78;88;89;90
280702	guitareo	Outro	pack-bundle-lesson	https://admin.musora.com/admin#/content/guitareo/280702	Guitar Quest	71;92;94;78;88;89;90
280704	guitareo	Chapter 5 - Selling Out	pack-bundle	https://admin.musora.com/admin#/content/guitareo/280704	Guitar Quest	71;92;94;78;88;89;90
280705	guitareo	Introduction	pack-bundle-lesson	https://admin.musora.com/admin#/content/guitareo/280705	Guitar Quest	71;92;94;78;88;89;90
280706	guitareo	Palm Muting	pack-bundle-lesson	https://admin.musora.com/admin#/content/guitareo/280706	Guitar Quest	71;92;94;78;88;89;90
280708	guitareo	Truckeo Trucks	pack-bundle-lesson	https://admin.musora.com/admin#/content/guitareo/280708	Guitar Quest	71;92;94;78;88;89;90
280710	guitareo	Muting Strings And Palm Muting	pack-bundle-lesson	https://admin.musora.com/admin#/content/guitareo/280710	Guitar Quest	71;92;94;78;88;89;90
280712	guitareo	Pow-Bro-Tein	pack-bundle-lesson	https://admin.musora.com/admin#/content/guitareo/280712	Guitar Quest	71;92;94;78;88;89;90
280714	guitareo	Slides	pack-bundle-lesson	https://admin.musora.com/admin#/content/guitareo/280714	Guitar Quest	71;92;94;78;88;89;90
280716	guitareo	BBQ Blues	pack-bundle-lesson	https://admin.musora.com/admin#/content/guitareo/280716	Guitar Quest	71;92;94;78;88;89;90
280718	guitareo	Vibrato	pack-bundle-lesson	https://admin.musora.com/admin#/content/guitareo/280718	Guitar Quest	71;92;94;78;88;89;90
280721	guitareo	Generic Shampoo	pack-bundle-lesson	https://admin.musora.com/admin#/content/guitareo/280721	Guitar Quest	71;92;94;78;88;89;90
280723	guitareo	Tremolo Picking	pack-bundle-lesson	https://admin.musora.com/admin#/content/guitareo/280723	Guitar Quest	71;92;94;78;88;89;90
280727	guitareo	No Sleep Energy Drink Ad	pack-bundle-lesson	https://admin.musora.com/admin#/content/guitareo/280727	Guitar Quest	71;92;94;78;88;89;90
280729	guitareo	Outro	pack-bundle-lesson	https://admin.musora.com/admin#/content/guitareo/280729	Guitar Quest	71;92;94;78;88;89;90
280733	guitareo	Chapter 6 - The Punk Show	pack-bundle	https://admin.musora.com/admin#/content/guitareo/280733	Guitar Quest	71;92;94;78;88;89;90
280734	guitareo	Introduction	pack-bundle-lesson	https://admin.musora.com/admin#/content/guitareo/280734	Guitar Quest	71;92;94;78;88;89;90
280735	guitareo	How To Find Any Note	pack-bundle-lesson	https://admin.musora.com/admin#/content/guitareo/280735	Guitar Quest	71;92;94;78;88;89;90
280737	guitareo	Low E Riff	pack-bundle-lesson	https://admin.musora.com/admin#/content/guitareo/280737	Guitar Quest	71;92;94;78;88;89;90
280739	guitareo	Two Finger Power Chords	pack-bundle-lesson	https://admin.musora.com/admin#/content/guitareo/280739	Guitar Quest	71;92;94;78;88;89;90
280741	guitareo	Three Finger Power Chords	pack-bundle-lesson	https://admin.musora.com/admin#/content/guitareo/280741	Guitar Quest	71;92;94;78;88;89;90
280743	guitareo	The Chorus	pack-bundle-lesson	https://admin.musora.com/admin#/content/guitareo/280743	Guitar Quest	71;92;94;78;88;89;90
280746	guitareo	Learning The Song	pack-bundle-lesson	https://admin.musora.com/admin#/content/guitareo/280746	Guitar Quest	71;92;94;78;88;89;90
280748	guitareo	Play The Punk Show	pack-bundle-lesson	https://admin.musora.com/admin#/content/guitareo/280748	Guitar Quest	71;92;94;78;88;89;90
280750	guitareo	Outro	pack-bundle-lesson	https://admin.musora.com/admin#/content/guitareo/280750	Guitar Quest	71;92;94;78;88;89;90
280753	guitareo	Chapter 7 - The Recording Studio	pack-bundle	https://admin.musora.com/admin#/content/guitareo/280753	Guitar Quest	71;92;94;78;88;89;90
280754	guitareo	Introduction	pack-bundle-lesson	https://admin.musora.com/admin#/content/guitareo/280754	Guitar Quest	71;92;94;78;88;89;90
280755	guitareo	Low String Thirds	pack-bundle-lesson	https://admin.musora.com/admin#/content/guitareo/280755	Guitar Quest	71;92;94;78;88;89;90
280758	guitareo	Arpeggiating	pack-bundle-lesson	https://admin.musora.com/admin#/content/guitareo/280758	Guitar Quest	71;92;94;78;88;89;90
280762	guitareo	Ending With A Solo	pack-bundle-lesson	https://admin.musora.com/admin#/content/guitareo/280762	Guitar Quest	71;92;94;78;88;89;90
280765	guitareo	The Song And Concept	pack-bundle-lesson	https://admin.musora.com/admin#/content/guitareo/280765	Guitar Quest	71;92;94;78;88;89;90
280768	guitareo	Finishing The Song	pack-bundle-lesson	https://admin.musora.com/admin#/content/guitareo/280768	Guitar Quest	71;92;94;78;88;89;90
280774	guitareo	Outro	pack-bundle-lesson	https://admin.musora.com/admin#/content/guitareo/280774	Guitar Quest	71;92;94;78;88;89;90
280777	guitareo	Chapter 8 - How To Learn Any Song On Guitar	pack-bundle	https://admin.musora.com/admin#/content/guitareo/280777	Guitar Quest	71;92;94;78;88;89;90
280778	guitareo	Introduction	pack-bundle-lesson	https://admin.musora.com/admin#/content/guitareo/280778	Guitar Quest	71;92;94;78;88;89;90
280779	guitareo	How To Find Song Tabs Online	pack-bundle-lesson	https://admin.musora.com/admin#/content/guitareo/280779	Guitar Quest	71;92;94;78;88;89;90
280782	guitareo	How To Find And Play A Bajillion Singy Songs	pack-bundle-lesson	https://admin.musora.com/admin#/content/guitareo/280782	Guitar Quest	71;92;94;78;88;89;90
280787	guitareo	Use A Capo To Now Play ALL Of The Singy Songs	pack-bundle-lesson	https://admin.musora.com/admin#/content/guitareo/280787	Guitar Quest	71;92;94;78;88;89;90
280789	guitareo	The Major Scale And Keys	pack-bundle-lesson	https://admin.musora.com/admin#/content/guitareo/280789	Guitar Quest	71;92;94;78;88;89;90
280792	guitareo	Getting Your Dexterity Up!	pack-bundle-lesson	https://admin.musora.com/admin#/content/guitareo/280792	Guitar Quest	71;92;94;78;88;89;90
280795	guitareo	Basic Music Theory	pack-bundle-lesson	https://admin.musora.com/admin#/content/guitareo/280795	Guitar Quest	71;92;94;78;88;89;90
280804	guitareo	Learn Any Song You Want!	pack-bundle-lesson	https://admin.musora.com/admin#/content/guitareo/280804	Guitar Quest	71;92;94;78;88;89;90
280806	guitareo	Outro	pack-bundle-lesson	https://admin.musora.com/admin#/content/guitareo/280806	Guitar Quest	71;92;94;78;88;89;90
280809	guitareo	Chapter 9 - The Final Boss™	pack-bundle	https://admin.musora.com/admin#/content/guitareo/280809	Guitar Quest	71;92;94;78;88;89;90
280810	guitareo	Introduction	pack-bundle-lesson	https://admin.musora.com/admin#/content/guitareo/280810	Guitar Quest	71;92;94;78;88;89;90
280811	guitareo	Chorus Riff	pack-bundle-lesson	https://admin.musora.com/admin#/content/guitareo/280811	Guitar Quest	71;92;94;78;88;89;90
280813	guitareo	Chorus 2nd Half	pack-bundle-lesson	https://admin.musora.com/admin#/content/guitareo/280813	Guitar Quest	71;92;94;78;88;89;90
280815	guitareo	Verse Riff	pack-bundle-lesson	https://admin.musora.com/admin#/content/guitareo/280815	Guitar Quest	71;92;94;78;88;89;90
280817	guitareo	Octave Verse Riff	pack-bundle-lesson	https://admin.musora.com/admin#/content/guitareo/280817	Guitar Quest	71;92;94;78;88;89;90
280819	guitareo	Breakdown	pack-bundle-lesson	https://admin.musora.com/admin#/content/guitareo/280819	Guitar Quest	71;92;94;78;88;89;90
280821	guitareo	Ending, Bridge, & Intro	pack-bundle-lesson	https://admin.musora.com/admin#/content/guitareo/280821	Guitar Quest	71;92;94;78;88;89;90
280825	guitareo	Putting Everything Together	pack-bundle-lesson	https://admin.musora.com/admin#/content/guitareo/280825	Guitar Quest	71;92;94;78;88;89;90
280826	guitareo	The Final Boss	pack-bundle-lesson	https://admin.musora.com/admin#/content/guitareo/280826	Guitar Quest	71;92;94;78;88;89;90
280828	guitareo	Open This Video Once You've Completed The Final Boss	pack-bundle-lesson	https://admin.musora.com/admin#/content/guitareo/280828	Guitar Quest	71;92;94;78;88;89;90
214551	Guitareo	3 Fundamental Open Minor Chords	pack-bundle-lesson	https://admin.musora.com/admin#/content/Guitareo/214551	Guitar Technique Made Easy	45;92;94;78;88;89;90
214552	Guitareo	Major Keys	pack-bundle-lesson	https://admin.musora.com/admin#/content/Guitareo/214552	Guitar Technique Made Easy	45;92;94;78;88;89;90
190328	Guitareo	3 Fundamental Open Minor Chords	pack-bundle-lesson	https://admin.musora.com/admin#/content/Guitareo/190328	Guitar Technique Made Easy - January 2018 Semester	30;92;94;78;88;89;90
190330	Guitareo	Major Keys	pack-bundle-lesson	https://admin.musora.com/admin#/content/Guitareo/190330	Guitar Technique Made Easy - January 2018 Semester	30;92;94;78;88;89;90
208497	Guitareo	3 Fundamental Open Minor Chords	pack-bundle-lesson	https://admin.musora.com/admin#/content/Guitareo/208497	Guitar Technique Made Easy - July 2018 Semester	32;92;94;78;88;89;90
208498	Guitareo	Major Keys	pack-bundle-lesson	https://admin.musora.com/admin#/content/Guitareo/208498	Guitar Technique Made Easy - July 2018 Semester	32;92;94;78;88;89;90
