id,slug,title,brand,type,difficulty,xp,status,published_on,total_xp,parent_id,child_position,soundslice_slug,registration_url,topic,instructor,description,thumbnail_url,original_thumbnail_url,logo_image_url,header_image_url,chapter_1_desc,chapter_2_desc,chapter_3_desc,chapter_4_desc,chapter_5_desc,chapter_6_desc,chapter_1_timecode,chapter_2_timecode,chapter_3_timecode,chapter_4_timecode,chapter_5_timecode,chapter_6_timecode,duration,vimeo_video_id,youtube_video_id
398563,30-day-blues,30-Day Blues,pianote,challenge,5,150,published,2023-12-28 08:01:00,3450,NULL,NULL,NULL,https://www.musora.com/pianote/enrollment/30-day-blues-piano,Technique,Kevin Castro,NULL,https://d1923uyy6spedc.cloudfront.net/30dbp-1920x1080-w-logo-1691528960.png,https://d1923uyy6spedc.cloudfront.net/30dbp-1920x1080-w-logo-1691528960.png,https://d1923uyy6spedc.cloudfront.net/30dbp-logo-white-290-1690578527.png,https://d1923uyy6spedc.cloudfront.net/30dbp-pack-header-1690578744.jpg,NULL,NULL,NULL,NULL,NULL,NULL,NULL,NULL,NULL,NULL,NULL,NULL,NULL,NULL,NULL
398587,30-day-chops,30-Day Chops,drumeo,challenge,5,150,published,2023-12-28 08:01:00,3255,NULL,NULL,NULL,https://beta-testing.musora.com/drumeo/enrollment/30-day-chops,Grooves,Zack Grooves,"<p>Learn to explode creatively around the drums. <em>30-Day Chops</em> will teach you the fundamentals of drum chops through consistent daily practice. By the end of the month, you'll have a new arsenal of chops to help you explode in 1, 2, and 4 bar patterns anytime the song calls for it.</p>",https://d1923uyy6spedc.cloudfront.net/30DayChops-Banner-1683560940.jpg,https://d1923uyy6spedc.cloudfront.net/30DayChops-Banner-1683560940.jpg,https://d1923uyy6spedc.cloudfront.net/30DayChops-Logo-1683560809.png,https://d1923uyy6spedc.cloudfront.net/30DayChops-Header-No-Logo-1683566896.jpg,NULL,NULL,NULL,NULL,NULL,NULL,NULL,NULL,NULL,NULL,NULL,NULL,NULL,NULL,NULL
398609,acoustic-guitarists-start-here,Acoustic Guitarists Start Here,guitareo,challenge,1,100,published,2023-12-28 08:01:00,2500,NULL,NULL,NULL,NULL,Acoustic,Ayla Tesler-Mabe,NULL,https://d1923uyy6spedc.cloudfront.net/Acoustic Guitarists Start Here_Mobile copy 4-1700774549.jpg,https://d1923uyy6spedc.cloudfront.net/Acoustic Guitarists Start Here_Mobile copy 4-1700774549.jpg,https://d1923uyy6spedc.cloudfront.net/Acoustic Guitarists Start Here-1700774582.png,https://d1923uyy6spedc.cloudfront.net/Acoustic Guitarists Start Here_Mobile copy 3-1700774577.jpg,NULL,NULL,NULL,NULL,NULL,NULL,NULL,NULL,NULL,NULL,NULL,NULL,NULL,NULL,NULL
398635,30-day-drummer,30-Day Drummer,drumeo,challenge,1,100,published,2023-12-28 08:01:00,2500,NULL,NULL,NULL,NULL,30-Day Drummer,Domino Santantonio,"<p><em>30-Day Drummer: Season 3</em> is the next evolution on learning how to play drums – where you learn by actually playing the drums. By focusing on timing &amp; coordination, you’ll build your skills over thirty days following daily guided workouts with your instructor, Domino Santantonio.</p>",https://d1923uyy6spedc.cloudfront.net/30DayDrummer-16x9-1702425557.jpg,https://d1923uyy6spedc.cloudfront.net/30DayDrummer-16x9-1702425557.jpg,https://d1923uyy6spedc.cloudfront.net/30DayDrummer-Logos-07-1702425574.svg,https://d1fyshwdvi6fth.cloudfront.net/Drumeo/carousels/c81fc533-403d-4b98-9ee0-b18bbe375cdb-Desktop.jpg,NULL,NULL,NULL,NULL,NULL,NULL,NULL,NULL,NULL,NULL,NULL,NULL,NULL,NULL,NULL
398697,sing-better-in-30-days,Sing Better In 30 Days!,singeo,challenge,1,100,published,2023-12-28 08:01:00,2200,NULL,NULL,NULL,NULL,Essentials,Lisa Witt,NULL,https://d1923uyy6spedc.cloudfront.net/BetterSingerIn30Days-CourseCards_Mobile-16x9-1701276184.jpg,https://d1923uyy6spedc.cloudfront.net/BetterSingerIn30Days-CourseCards_Mobile-16x9-1701276178.jpg,https://d1923uyy6spedc.cloudfront.net/BetterSingerIn30Days-CourseCards-05-1702568047.svg,https://d1923uyy6spedc.cloudfront.net/test4-1702671467.jpg,NULL,NULL,NULL,NULL,NULL,NULL,NULL,NULL,NULL,NULL,NULL,NULL,NULL,NULL,NULL
398724,new-piano-players-start-here,New Piano Players Start Here,pianote,challenge,1,100,published,2023-12-28 08:01:00,2300,NULL,NULL,NULL,NULL,Essentials,Lisa Witt,"<p>Learning to play the piano is a lot of fun when you get to practice with Lisa on a day-to-day basis. In the next few weeks, you will gain the skills you need to play songs like a pro. You'll go step-by-step, building on skills that you learn as you work through each day. This will be a lot of fun, so let's jump right in!</p>",https://d1923uyy6spedc.cloudfront.net/YT-thumb-1920x1080_13-1676068982.jpg,https://d1923uyy6spedc.cloudfront.net/YT-thumb-1920x1080_13-1676068982.jpg,https://d1923uyy6spedc.cloudfront.net/SVG-red-highlight-1675374984.png,https://d1923uyy6spedc.cloudfront.net/1920x1080-centered-1675372872.jpg,NULL,NULL,NULL,NULL,NULL,NULL,NULL,NULL,NULL,NULL,NULL,NULL,NULL,NULL,NULL
398747,easy-chords,Easy Chords,pianote,challenge,3,100,published,2023-12-28 08:01:00,2300,NULL,NULL,NULL,NULL,Essentials,Lisa Witt,<p>Welcome to Easy Chords! Join Lisa and get excited about unlocking the magic of inversions. Inversion will take your from playing basic chords to making them sound amazing.</p>,https://d1923uyy6spedc.cloudfront.net/EasyChords-16x9-logo-1683323475.jpg,https://d1923uyy6spedc.cloudfront.net/EasyChords-16x9-logo-1683323475.jpg,https://d1923uyy6spedc.cloudfront.net/EasyChords_Easy-Chord-white2-1683242117.png,https://d1923uyy6spedc.cloudfront.net/EasyChords-16x9-v3-1683242775.jpg,NULL,NULL,NULL,NULL,NULL,NULL,NULL,NULL,NULL,NULL,NULL,NULL,NULL,NULL,NULL
398772,5-levels-of-the-1-5-6-4,5 Levels Of The 1-5-6-4,pianote,challenge,5,150,published,2023-12-28 08:01:00,750,NULL,NULL,NULL,NULL,Chording,David Bennett,NULL,https://d1923uyy6spedc.cloudfront.net/CourseThumb-1701206702.jpg,https://d1923uyy6spedc.cloudfront.net/CourseThumb-1701206702.jpg,https://d1923uyy6spedc.cloudfront.net/5LevelsOfThe1-5-6-4-11-1701388090.png,https://d1923uyy6spedc.cloudfront.net/5LevelsOfThe1-5-6-4-HeaderBanner-1701388101.jpg,NULL,NULL,NULL,NULL,NULL,NULL,NULL,NULL,NULL,NULL,NULL,NULL,NULL,NULL,NULL
398788,10-day-ghost-notes,10-Day Ghost Notes,drumeo,challenge,2,100,published,2023-12-28 08:01:00,1100,NULL,NULL,NULL,NULL,Grooves,Domino Santantonio,NULL,https://d1923uyy6spedc.cloudfront.net/GhostNotes-PackCards_Mobile copy 4-1695855891.jpg,https://d1923uyy6spedc.cloudfront.net/GhostNotes-PackCards_Mobile copy 4-1695855891.jpg,https://d1923uyy6spedc.cloudfront.net/GhostNotesLogo-1702680500.svg,https://d1923uyy6spedc.cloudfront.net/Headers-Ghost-Notes-Fills-01-1701991220.jpg,NULL,NULL,NULL,NULL,NULL,NULL,NULL,NULL,NULL,NULL,NULL,NULL,NULL,NULL,NULL
398799,10-day-fills,10-Day Fills,drumeo,challenge,2,100,published,2023-12-28 08:01:00,1100,NULL,NULL,NULL,NULL,Creativity,Domino Santantonio,"<p>Welcome to <em>10-Day Fills</em>! In this 10-day challenge, Domino will show you four easy drum fills that you can start playing right now. By the end of the series, you will be playing all of these fills, along with a full song!</p>",https://d1923uyy6spedc.cloudfront.net/Fills-PackCards-WithLogo-1695855950.jpg,https://d1923uyy6spedc.cloudfront.net/Fills-PackCards-WithLogo-1695855950.jpg,https://d1923uyy6spedc.cloudfront.net/FillsLogo--1702680617.svg,https://d1923uyy6spedc.cloudfront.net/Headers-Ghost-Notes-Fills-02-1701991165.jpg,NULL,NULL,NULL,NULL,NULL,NULL,NULL,NULL,NULL,NULL,NULL,NULL,NULL,NULL,NULL
398564,course-kick-off,Course Kick-Off,pianote,challenge-part,5,150,published,2023-12-28 08:01:00,150,398563,1,NULL,NULL,NULL,Kevin Castro,NULL,https://d1923uyy6spedc.cloudfront.net/30dbp-Kickoff-1690568141.png,https://d1923uyy6spedc.cloudfront.net/30dbp-Kickoff-1690568141.png,NULL,NULL,Intro,Important Info,Blues Essentials,Outro,NULL,NULL,0,16,80,129,NULL,NULL,600,882698759,NULL
398565,blues-essentials,Blues Essentials,pianote,challenge-part,5,150,published,2023-12-28 08:01:00,150,398563,2,NULL,NULL,NULL,Kevin Castro,<p>Let's start off with a few ground rules and learn some theory so that we can get a jump-start with this course and learn some of the basics that Kevin will be covering over the next 30 days.</p>,https://d1923uyy6spedc.cloudfront.net/30dbp-RR1 Essentials-1690568173.png,https://d1923uyy6spedc.cloudfront.net/30dbp-RR1 Essentials-1690568173.png,NULL,NULL,Intro,G Major,Swing Rhythm,Types of Chords,12-Bar Blues,Blues Scales,0,15,43,103,277,376,520,851379154,NULL
398566,day-1-the-12-bar-blues-progression,Day 1 — The 12-Bar Blues Progression,pianote,challenge-part,5,150,published,2023-12-28 08:01:00,150,398563,3,3n4Yc,NULL,NULL,Kevin Castro,NULL,https://d1923uyy6spedc.cloudfront.net/30dbp-Day 1 -1690568197.png,https://d1923uyy6spedc.cloudfront.net/30dbp-Day 1 -1690568197.png,NULL,NULL,Whole & Half Notes - Right Hand,Root Notes & Shells - Left Hand,Quarter Notes - Both Hands,Whole & Half Notes - Both Hands,Whole & Quarter Notes - Both Hands,Wrap-Up,26,340,471,523,575,602,656,851379267,NULL
398567,day-2-let-s-swing,Day 2 — Let's Swing!,pianote,challenge-part,5,150,published,2023-12-28 08:01:00,150,398563,4,qn4Yc,NULL,NULL,Kevin Castro,NULL,https://d1923uyy6spedc.cloudfront.net/30dbp-Day 2-1690568216.png,https://d1923uyy6spedc.cloudfront.net/30dbp-Day 2-1690568216.png,NULL,NULL,Review 12-Bar Blues,Rest & Swing Rhythm - Right Hand,Half Notes - Right Hand,Building The Swing Rhythm,Swing Rhythm - Left Hand & Together,Wrap-Up,26,235,340,392,523,610,665,859552384,NULL
398568,day-3-the-boogie-pattern,Day 3 — The Boogie Pattern,pianote,challenge-part,5,150,published,2023-12-28 08:01:00,150,398563,5,Hn4Yc,NULL,NULL,Kevin Castro,NULL,https://d1923uyy6spedc.cloudfront.net/30dbp-Day 3-1690568233.png,https://d1923uyy6spedc.cloudfront.net/30dbp-Day 3-1690568233.png,NULL,NULL,Review 12-Bar Blues,Boogie Pattern Fingering,Boogie Pattern,Hands Together Boogie,Quarter Notes,Wrap-Up,25,235,287,418,497,609,701,859552925,NULL
398569,day-4-rhythm-blues,Day 4 — Rhythm & Blues,pianote,challenge-part,5,150,published,2023-12-28 08:01:00,150,398563,6,Jn4Yc,NULL,NULL,Kevin Castro,NULL,https://d1923uyy6spedc.cloudfront.net/30dbp-Day 4-1690568252.png,https://d1923uyy6spedc.cloudfront.net/30dbp-Day 4-1690568252.png,NULL,NULL,Shell Position Hands Together,Right Hand Triad,Swing Rhythm,New Rhythm,Boogie Pattern,Wrap-Up,26,73,233,303,497,609,660,859554041,NULL
398570,day-5-blues-skills,Day 5 — Blues Skills,pianote,challenge-part,5,150,published,2023-12-28 08:01:00,150,398563,7,bn4Yc,NULL,NULL,Kevin Castro,NULL,https://d1923uyy6spedc.cloudfront.net/30dbp-Day 5-1690568268.png,https://d1923uyy6spedc.cloudfront.net/30dbp-Day 5-1690568268.png,NULL,NULL,"LH Shell, RH Triad",RH Half Notes,RH Quarter Notes,Swing Ryhthm,3 Note Riff,Outro,26,77,285,366,442,609,674,859560101,NULL
398571,day-6-back-in-the-swing-of-things,Day 6 — Back In The Swing Of Things,pianote,challenge-part,5,150,published,2023-12-28 08:01:00,150,398563,8,sn4Yc,NULL,NULL,Kevin Castro,NULL,https://d1923uyy6spedc.cloudfront.net/30dbp-Day 6-1690568341.png,https://d1923uyy6spedc.cloudfront.net/30dbp-Day 6-1690568341.png,NULL,NULL,Warming Up With Shells,RH Triad & LH Shells,Half Note Rhythm,Quarter Note Rhythm,Boogie Pattern,Wrap-Up,25,75,152,208,286,609,671,859845319,NULL
398572,day-7-the-7th-chord,Day 7 — The 7th Chord,pianote,challenge-part,5,150,published,2023-12-28 08:01:00,150,398563,9,1n4Yc,NULL,NULL,Kevin Castro,NULL,https://d1923uyy6spedc.cloudfront.net/30dbp-Day 7-1690568358.png,https://d1923uyy6spedc.cloudfront.net/30dbp-Day 7-1690568358.png,NULL,NULL,Warming Up With Shells,Half Note Rhythm,"Using 1, 2, &  3 Fingers",7th Chords,Using Different Rhythms,Wrap-Up,25,128,206,335,497,618,672,859845688,NULL
398573,day-8-unlocking-blues-harmony-inversions,Day 8 — Unlocking Blues Harmony (Inversions),pianote,challenge-part,5,150,published,2023-12-28 08:01:00,150,398563,10,8n4Yc,NULL,NULL,Kevin Castro,NULL,https://d1923uyy6spedc.cloudfront.net/30dbp-Day 8-1690568376.png,https://d1923uyy6spedc.cloudfront.net/30dbp-Day 8-1690568376.png,NULL,NULL,LH 5 & 2 Shells,Quarter Note Rhythm,Boogie Pattern,7th Chords,Using Different Inversions,Wrap-Up,25,100,178,259,392,609,687,859845860,NULL
398574,day-9-the-pentatonic-scale,Day 9 — The Pentatonic Scale,pianote,challenge-part,5,150,published,2023-12-28 08:01:00,150,398563,11,dn4Yc,NULL,NULL,Kevin Castro,NULL,https://d1923uyy6spedc.cloudfront.net/30dbp-Day 9-1690568392.png,https://d1923uyy6spedc.cloudfront.net/30dbp-Day 9-1690568392.png,NULL,NULL,LH Shells & Shuffle,Quarter Note Rhythm,Pentatonic Scale,Adding Swing Rhythm,Adding A Riff,Wrap-Up,22,102,150,260,288,608,662,859846014,NULL
398575,day-10-beyond-the-pentatonic,Day 10 — Beyond The Pentatonic,pianote,challenge-part,5,150,published,2023-12-28 08:01:00,150,398563,12,7n4Yc,NULL,NULL,Kevin Castro,NULL,https://d1923uyy6spedc.cloudfront.net/30dbp-Day 10-1690568408.png,https://d1923uyy6spedc.cloudfront.net/30dbp-Day 10-1690568408.png,NULL,NULL,Warming Up With RH Triad,Boogie Pattern Fingering,Inversions & Rhythm,Boogie Pattern,Pentatonic Scale & Riff,Wrap-Up,25,50,86,155,365,610,698,859846162,NULL
398576,day-11-the-blues-toolkit,Day 11 — The Blues Toolkit,pianote,challenge-part,5,150,published,2023-12-28 08:01:00,150,398563,13,Wn4Yc,NULL,NULL,Kevin Castro,NULL,https://d1923uyy6spedc.cloudfront.net/30dbp-Day 11-1690568444.png,https://d1923uyy6spedc.cloudfront.net/30dbp-Day 11-1690568444.png,NULL,NULL,Warming Up With RH Triad,Slides,Slide With The Boogie Pattern,LH Blues Shuffle,"Quarter Note Rhythm, Both Hands",Wrap-Up,25,75,180,257,366,610,660,859951655,NULL
398577,day-12-the-minor-blues-scale,Day 12 — The Minor Blues Scale,pianote,challenge-part,5,150,published,2023-12-28 08:01:00,150,398563,14,Bn4Yc,NULL,NULL,Kevin Castro,NULL,https://d1923uyy6spedc.cloudfront.net/30dbp-Day 12-1690568460.png,https://d1923uyy6spedc.cloudfront.net/30dbp-Day 12-1690568460.png,NULL,NULL,Warming Up With RH Triad,Blues Scale,Alternate Blues Scale Fingering,Blues Scale Riff,Adding The LH Shuffle,Wrap-Up,25,73,204,311,418,611,689,859951991,NULL
398578,day-13-the-blues-note,Day 13 — The Blues Note,pianote,challenge-part,5,150,published,2023-12-28 08:01:00,150,398563,15,Zn4Yc,NULL,NULL,Kevin Castro,NULL,https://d1923uyy6spedc.cloudfront.net/30dbp-Day 13-1690568475.png,https://d1923uyy6spedc.cloudfront.net/30dbp-Day 13-1690568475.png,NULL,NULL,Warming Up With 7th Chords,Boogie Pattern & Inversions,Blues Scale,RH Rhythm,7th Chords,Wrap-Up,25,50,232,390,547,609,666,859952122,NULL
398579,day-14-the-blues-riff,Day 14 — The Blues Riff,pianote,challenge-part,5,150,published,2023-12-28 08:01:00,150,398563,16,Ln4Yc,NULL,NULL,Kevin Castro,NULL,https://d1923uyy6spedc.cloudfront.net/30dbp-Day 14-1690568490.png,https://d1923uyy6spedc.cloudfront.net/30dbp-Day 14-1690568490.png,NULL,NULL,Warming Up With RH Triads,Boogie Pattern,7th Chords & Inversions,Quarter Note Rhythm,Major Blues Scale Riff,Wrap-Up,25,47,78,208,366,610,660,859952277,NULL
398580,day-15-creating-blues-magic,Day 15 — Creating Blues Magic,pianote,challenge-part,5,150,published,2023-12-28 08:01:00,150,398563,17,jn4Yc,NULL,NULL,Kevin Castro,NULL,https://d1923uyy6spedc.cloudfront.net/30dbp-Day 15-1690568506.png,https://d1923uyy6spedc.cloudfront.net/30dbp-Day 15-1690568506.png,NULL,NULL,Warming Up With 7th Chords,Blues Riff,Adding In Rhythm,Making Your Own Riff,Boogie Pattern,Wrap-Up,25,103,148,366,523,610,662,859952429,NULL
398581,day-16-the-art-of-call-and-response,Day 16 — The Art Of Call And Response,pianote,challenge-part,5,150,published,2023-12-28 08:01:00,150,398563,18,9n4Yc,NULL,NULL,Kevin Castro,NULL,https://d1923uyy6spedc.cloudfront.net/30dbp-Day 16-1690568547.png,https://d1923uyy6spedc.cloudfront.net/30dbp-Day 16-1690568547.png,NULL,NULL,Warming Up With 7th Chords,Adding Rhythm,Broken 7th Chords,Call & Response,Combining Riffs,Wrap-Up,25,52,100,153,440,610,688,864916883,NULL
398582,day-17-fills-of-the-blues-masters,Day 17 — Fills Of The Blues Masters,pianote,challenge-part,5,150,published,2023-12-28 08:01:00,150,398563,19,Kn4Yc,NULL,NULL,Kevin Castro,NULL,https://d1923uyy6spedc.cloudfront.net/30dbp-Day 17-1690568564.png,https://d1923uyy6spedc.cloudfront.net/30dbp-Day 17-1690568564.png,NULL,NULL,Warming Up With 7th Chords,Boogie Pattern,Reviewing Riffs,Triplet Riff,Trill,Wrap-Up,25,102,178,318,464,611,665,864917267,NULL
398583,day-18-developing-your-riffs-fills,Day 18 — Developing Your Riffs & Fills,pianote,challenge-part,5,150,published,2023-12-28 08:01:00,150,398563,20,xn4Yc,NULL,NULL,Kevin Castro,NULL,https://d1923uyy6spedc.cloudfront.net/30dbp-Day 18-1690568580.png,https://d1923uyy6spedc.cloudfront.net/30dbp-Day 18-1690568580.png,NULL,NULL,Warming Up With Rhythm,Broken 7th Chords,Improvise With Chord Notes,Improvise With Minor Blues Scale,Riff With A Slide,Wrap-Up,25,78,130,207,338,610,704,864917717,NULL
398584,day-19-the-art-of-blues-riffs,Day 19 — The Art Of Blues Riffs,pianote,challenge-part,5,150,published,2023-12-28 08:01:00,150,398563,21,-n4Yc,NULL,NULL,Kevin Castro,NULL,https://d1923uyy6spedc.cloudfront.net/30dbp-Day 19-1690568594.png,https://d1923uyy6spedc.cloudfront.net/30dbp-Day 19-1690568594.png,NULL,NULL,Warming Up With Boogie Pattern,Quarter Note Rhythm,Minor Blues Scale & Rhythm,Improvising With Riffs,Riff Solo,Wrap-Up,25,78,100,235,467,611,667,864917984,NULL
398585,day-20-from-riff-to-solo,Day 20 — From Riff To Solo,pianote,challenge-part,5,150,published,2023-12-28 08:01:00,150,398563,22,RvyYc,NULL,NULL,Kevin Castro,NULL,https://d1923uyy6spedc.cloudfront.net/30dbp-Day 20-1690568610.png,https://d1923uyy6spedc.cloudfront.net/30dbp-Day 20-1690568610.png,NULL,NULL,Establishing a Melody,Solo & Riffs,Trill,Boogie Pattern/Solo,Solo,Wrap-Up,25,129,180,209,390,620,721,864927011,NULL
398588,course-kick-off,Course Kick-Off,drumeo,challenge-part,5,150,published,2023-12-28 08:01:00,150,398587,1,NULL,NULL,NULL,Zack Grooves,NULL,https://d1923uyy6spedc.cloudfront.net/30-Day-Chops-KickOff-1683583259.jpg,https://d1923uyy6spedc.cloudfront.net/30-Day-Chops-KickOff-1683583259.jpg,NULL,NULL,Intro,Welcome,Course Overview,Wrap-up & Performance,NULL,NULL,0,15,29,72,NULL,NULL,84,887718426,NULL
398589,paradiddle-chops-lesson-workout-1,Paradiddle Chops | Lesson & Workout 1,drumeo,challenge-part,5,150,published,2023-12-28 08:01:00,150,398587,2,5-4Yc,NULL,NULL,Zack Grooves,NULL,https://d1923uyy6spedc.cloudfront.net/30-Day-Chops-01-1682942548.jpg,https://d1923uyy6spedc.cloudfront.net/30-Day-Chops-01-1682942548.jpg,NULL,NULL,Paradiddle Groove,Left-Hand Paradiddle On Beat 4,Add Two Bass Drums,Snare/Toms Paradiddles,Back-To-Back Paradiddles,Wrap-Up,121,217,313,409,601,697,715,831309461,NULL
398590,paradiddle-chops-workout-2,Paradiddle Chops | Workout 2,drumeo,challenge-part,5,150,published,2023-12-28 08:01:00,150,398587,3,g-4Yc,NULL,NULL,Zack Grooves,NULL,https://d1923uyy6spedc.cloudfront.net/30-Day-Chops-02-1682942597.jpg,https://d1923uyy6spedc.cloudfront.net/30-Day-Chops-02-1682942597.jpg,NULL,NULL,Hi-Hat Paradiddle Groove,Back-To-Back Paradiddles,Add A Bass Drum,Ride Paradiddle Groove,Snare/Toms Paradiddles,Wrap-Up,20,116,212,308,404,596,609,831309613,NULL
398591,paradiddle-chops-workout-3,Paradiddle Chops | Workout 3,drumeo,challenge-part,5,105,published,2023-12-28 08:01:00,105,398587,4,6-4Yc,NULL,NULL,Zack Grooves,NULL,https://d1923uyy6spedc.cloudfront.net/30-Day-Chops-03-1682944141.jpg,https://d1923uyy6spedc.cloudfront.net/30-Day-Chops-03-1682944141.jpg,NULL,NULL,Left-Hand Paradiddle On Beat 4,Add Two Bass Drums,Add Floor Tom,Right Hand On Ride Cymbal,Overall Combination,Wrap-up,19,217,307,403,499,591,615,831309714,NULL
398592,paradiddle-chops-workout-4,Paradiddle Chops | Workout 4,drumeo,challenge-part,5,150,published,2023-12-28 08:01:00,150,398587,5,G-4Yc,NULL,NULL,Zack Grooves,NULL,https://d1923uyy6spedc.cloudfront.net/30-Day-Chops-04-1682946691.jpg,https://d1923uyy6spedc.cloudfront.net/30-Day-Chops-04-1682946691.jpg,NULL,NULL,2 Bar Paradiddle Groove,Add Bass Drums,Right-Hand On Ride Cymbal,Add in the Crash Cymbal,Add In The Ending Lick,Wrap-Up,23,119,311,407,503,599,620,831309825,NULL
398593,paradiddle-chops-workout-5,Paradiddle Chops | Workout 5,drumeo,challenge-part,5,150,published,2023-12-28 08:01:00,150,398587,6,r-4Yc,NULL,NULL,Zack Grooves,NULL,https://d1923uyy6spedc.cloudfront.net/30-Day-Chops-05-1682948568.jpg,https://d1923uyy6spedc.cloudfront.net/30-Day-Chops-05-1682948568.jpg,NULL,NULL,Paradiddle Groove,Add Bass Drums,Hi-Hat Paradiddle Groove,Add Toms,Right-Hand On Ride Cymbal,Wrap-Up,29,139,249,358,468,578,594,887718679,NULL
398594,doubles-inverted-doubles-lesson-workout-1,Doubles & Inverted Doubles | Lesson & Workout 1,drumeo,challenge-part,5,150,published,2023-12-28 08:01:00,150,398587,7,NQ4Yc,NULL,NULL,Zack Grooves,NULL,https://d1923uyy6spedc.cloudfront.net/30-Day-Chops-Update-2023-07-1702409949.jpg,https://d1923uyy6spedc.cloudfront.net/30-Day-Chops-Update-2023-07-1702409949.jpg,NULL,NULL,Inverted Double Groove,Add Inverted Double On Beat 4,Add Two Bass Drums,Moving The Right Hand,Moving The Left Hand,Wrap-Up,162,258,354,450,546,738,759,832353552,NULL
398595,doubles-inverted-doubles-workout-2,Doubles & Inverted Doubles | Workout 2,drumeo,challenge-part,5,150,published,2023-12-28 08:01:00,150,398587,8,cQ4Yc,NULL,NULL,Zack Grooves,NULL,https://d1923uyy6spedc.cloudfront.net/30-Day-Chops-Update-2023-08-1702409969.jpg,https://d1923uyy6spedc.cloudfront.net/30-Day-Chops-Update-2023-08-1702409969.jpg,NULL,NULL,Inverted Double Groove,Right-Hand Double On Beat 2,Add Doubles On Floor Tom,Move Left Hand To Tom 1,Right-Hand On Ride Cymbal,Wrap-Up,25,217,313,409,505,605,630,832356825,NULL
398596,doubles-inverted-doubles-workout-3,Doubles & Inverted Doubles | Workout 3,drumeo,challenge-part,5,150,published,2023-12-28 08:01:00,150,398587,9,VQ4Yc,NULL,NULL,Zack Grooves,NULL,https://d1923uyy6spedc.cloudfront.net/30-Day-Chops-Update-2023-09-1702410115.jpg,https://d1923uyy6spedc.cloudfront.net/30-Day-Chops-Update-2023-09-1702410115.jpg,NULL,NULL,Inverted Double Groove,Right-Hand Double On Beat 2,Left-Hand Doubles On Beat 4,Add Hands & Feet Splits On Beat 4,Add Hands & Feet Splits On Beat 3,Wrap-Up,33,129,225,417,513,609,639,833478899,NULL
398597,doubles-inverted-doubles-workout-4,Doubles & Inverted Doubles | Workout 4,drumeo,challenge-part,5,150,published,2023-12-28 08:01:00,150,398587,10,fQ4Yc,NULL,NULL,Zack Grooves,NULL,https://d1923uyy6spedc.cloudfront.net/30-Day-Chops-Update-2023-10-1702410136.jpg,https://d1923uyy6spedc.cloudfront.net/30-Day-Chops-Update-2023-10-1702410136.jpg,NULL,NULL,Accent On The a Of 3,Add Open HiHat On The & Of 4,Right Hand On Ride Cymbal,Add Hands & Feet Splits On Beat 3 & 4,Invert Doubles On Beat 3 & 4,Wrap-Up,26,218,314,410,506,602,632,832361738,NULL
398598,doubles-inverted-doubles-workout-5,Doubles & Inverted Doubles | Workout 5,drumeo,challenge-part,5,150,published,2023-12-28 08:01:00,150,398587,11,DQ4Yc,NULL,NULL,Zack Grooves,NULL,https://d1923uyy6spedc.cloudfront.net/30-Day-Chops-Update-2023-11-1702410149.jpg,https://d1923uyy6spedc.cloudfront.net/30-Day-Chops-Update-2023-11-1702410149.jpg,NULL,NULL,Inverted Double Groove,Accent On The e Of 1,Add More Accents,Right Hand On Ride Cymbal,Add Hands & Feet Splits,Wrap-Up,34,144,214,363,473,583,600,887719253,NULL
398599,paradiddle-diddle-chops-lesson-workout-1,Paradiddle-diddle Chops | Lesson & Workout 1,drumeo,challenge-part,5,150,published,2023-12-28 08:01:00,150,398587,12,MQ4Yc,NULL,NULL,Zack Grooves,NULL,https://d1923uyy6spedc.cloudfront.net/30-Day-Chops-Update-2023-12-1702410235.jpg,https://d1923uyy6spedc.cloudfront.net/30-Day-Chops-Update-2023-12-1702410235.jpg,NULL,NULL,Paradiddle-diddle Groove,Right Hand On Ride Cymbal,Left Hand On Hi-Hat,Right Hand On Floor Tom,Left Hand On Tom 1,Wrap-Up,132,324,420,516,612,708,731,833756618,NULL
398600,paradiddle-diddle-chops-workout-2,Paradiddle-diddle Chops | Workout 2,drumeo,challenge-part,5,150,published,2023-12-28 08:01:00,150,398587,13,kQ4Yc,NULL,NULL,Zack Grooves,NULL,https://d1923uyy6spedc.cloudfront.net/30-Day-Chops-Update-2023-13-1702413709.jpg,https://d1923uyy6spedc.cloudfront.net/30-Day-Chops-Update-2023-13-1702413709.jpg,NULL,NULL,Paradiddle-diddle Groove,Move It Around The Toms,Right Hand On Ride Cymbal,Left Hand On Hi-Hat,Add In Open Hi-Hat Accent,Wrap-Up,19,211,307,403,499,595,614,833757035,NULL
398601,paradiddle-diddle-chops-workout-3,Paradiddle-diddle Chops | Workout 3,drumeo,challenge-part,5,150,published,2023-12-28 08:01:00,150,398587,14,4Q4Yc,NULL,NULL,Zack Grooves,NULL,https://d1923uyy6spedc.cloudfront.net/30-Day-Chops-Update-2023-14-1702413722.jpg,https://d1923uyy6spedc.cloudfront.net/30-Day-Chops-Update-2023-14-1702413722.jpg,NULL,NULL,Paradiddle-diddle Groove,Move It Around Over The Barline,Move It Around The Toms,Right Hand On Ride Cymbal,Left Hand On Hi-Hat (Hand Split Action),Wrap-Up,19,115,307,403,499,595,612,833757237,NULL
398602,paradiddle-diddle-chops-workout-4,Paradiddle-diddle Chops | Workout 4,drumeo,challenge-part,5,150,published,2023-12-28 08:01:00,150,398587,15,yQ4Yc,NULL,NULL,Zack Grooves,NULL,https://d1923uyy6spedc.cloudfront.net/30-Day-Chops-Update-2023-15-1702413733.jpg,https://d1923uyy6spedc.cloudfront.net/30-Day-Chops-Update-2023-15-1702413733.jpg,NULL,NULL,Sextuplet Paradiddle-diddle,Right Hand On Ride Cymbal,Move It Around The Toms,Add In Double Kick Action,2 Measures Long,Wrap-Up,175,284,394,504,668,723,629,833757567,NULL
398603,paradiddle-diddle-chops-workout-5,Paradiddle-diddle Chops | Workout 5,drumeo,challenge-part,5,150,published,2023-12-28 08:01:00,150,398587,16,wQ4Yc,NULL,NULL,Zack Grooves,NULL,https://d1923uyy6spedc.cloudfront.net/30-Day-Chops-Update-2023-16-1702413749.jpg,https://d1923uyy6spedc.cloudfront.net/30-Day-Chops-Update-2023-16-1702413749.jpg,NULL,NULL,Paradiddle-diddle Groove,Displace It By A 16th Note,Do It Twice In 1 Bar,Add In The Toms,Split Up The Hands On Ride & Hi-Hat,Wrap-Up,30,140,250,359,469,579,596,887719620,NULL
398604,creative-combinations-lesson-workout-1,Creative Combinations | Lesson & Workout 1,drumeo,challenge-part,5,150,published,2023-12-28 08:01:00,150,398587,17,YQ4Yc,NULL,NULL,Zack Grooves,NULL,https://d1923uyy6spedc.cloudfront.net/30-Day-Chops-Update-2023-17-1702413894.jpg,https://d1923uyy6spedc.cloudfront.net/30-Day-Chops-Update-2023-17-1702413894.jpg,NULL,NULL,Paradiddle-diddle On Hi-Hat,Paradiddle-diddle On Ride,Move It Around The Toms,Add In Double Kick Action,2 Measures Long,Wrap-Up,175,284,394,504,613,723,746,832358291,NULL
398605,creative-combinations-workout-2,Creative Combinations | Workout 2,drumeo,challenge-part,5,150,published,2023-12-28 08:01:00,150,398587,18,lQ4Yc,NULL,NULL,Zack Grooves,NULL,https://d1923uyy6spedc.cloudfront.net/30-Day-Chops-Update-2023-18-1702413920.jpg,https://d1923uyy6spedc.cloudfront.net/30-Day-Chops-Update-2023-18-1702413920.jpg,NULL,NULL,32nd Note Paradiddle-diddle,Paradiddle-diddle On Hi-Hat,Move It Around The Toms,Add Two Over One Splits,32nd Notes Between Hi-Hat & Toms,Wrap-Up,21,130,240,350,460,569,592,832388049,NULL
398606,creative-combinations-workout-3,Creative Combinations | Workout 3,drumeo,challenge-part,5,150,published,2023-12-28 08:01:00,150,398587,19,zQ4Yc,NULL,NULL,Zack Grooves,NULL,https://d1923uyy6spedc.cloudfront.net/30-Day-Chops-Update-2023-19-1702413932.jpg,https://d1923uyy6spedc.cloudfront.net/30-Day-Chops-Update-2023-19-1702413932.jpg,NULL,NULL,16th Note Chops,32nd Note Chops,Sextuplet Chops & Switch To Ride,Add In Double Kick Action,32nd Note Chops (Ride Groove),Wrap-Up,23,133,298,353,462,572,600,832391987,NULL
398607,creative-combinations-workout-4,Creative Combinations | Workout 4,drumeo,challenge-part,5,150,published,2023-12-28 08:01:00,150,398587,20,2Q4Yc,NULL,NULL,Zack Grooves,NULL,https://d1923uyy6spedc.cloudfront.net/30-Day-Chops-Update-2023-20-1702413943.jpg,https://d1923uyy6spedc.cloudfront.net/30-Day-Chops-Update-2023-20-1702413943.jpg,NULL,NULL,Intro,Trading 4s With Zack,Zack's Final Solo,Wrap-Up,NULL,NULL,0,33,585,597,NULL,NULL,648,832689150,NULL
398608,creative-combinations-workout-5,Creative Combinations | Workout 5,drumeo,challenge-part,5,150,published,2023-12-28 08:01:00,150,398587,21,x1wYc,NULL,NULL,Zack Grooves,NULL,https://d1923uyy6spedc.cloudfront.net/30-Day-Chops-Update-2023-21-1702413955.jpg,https://d1923uyy6spedc.cloudfront.net/30-Day-Chops-Update-2023-21-1702413955.jpg,NULL,NULL,Intro,Trading 4s With Zack,Zack's Final Solo,Wrap-Up,NULL,NULL,0,50,626,650,NULL,NULL,673,887719923,NULL
398610,day-0-course-kickoff,Day 0 - Course Kickoff,guitareo,challenge-part,1,100,draft,2024-01-01 14:00:00,100,398609,1,NULL,NULL,NULL,Ayla Tesler-Mabe,NULL,NULL,NULL,NULL,NULL,NULL,NULL,NULL,NULL,NULL,NULL,NULL,NULL,NULL,NULL,NULL,NULL,NULL,NULL,NULL
398611,day-01-tuning-your-guitar,Day 0.1 - Tuning Your Guitar,guitareo,challenge-part,1,100,draft,2024-01-01 14:00:00,100,398609,2,NULL,NULL,NULL,Ayla Tesler-Mabe,NULL,NULL,NULL,NULL,NULL,NULL,NULL,NULL,NULL,NULL,NULL,NULL,NULL,NULL,NULL,NULL,NULL,NULL,NULL,NULL
398612,day-02-how-to-hold-a-pick-strumming-basics,Day 0.2 - How To Hold A Pick & Strumming Basics,guitareo,challenge-part,1,100,draft,2024-01-01 14:00:00,100,398609,3,NULL,NULL,NULL,Ayla Tesler-Mabe,NULL,NULL,NULL,NULL,NULL,NULL,NULL,NULL,NULL,NULL,NULL,NULL,NULL,NULL,NULL,NULL,NULL,NULL,NULL,NULL
398613,day-1-start-with-one-note,Day 1 - Start With One Note,guitareo,challenge-part,1,100,published,2023-12-28 08:01:00,100,398609,4,RdwYc,NULL,NULL,Ayla Tesler-Mabe,NULL,https://d1923uyy6spedc.cloudfront.net/AcousticGuitaristsUpdated-04-1702500533.jpg,https://d1923uyy6spedc.cloudfront.net/AcousticGuitaristsUpdated-04-1702500533.jpg,NULL,NULL,"G, E & C - Play Once","G, E & C - Play Twice","G, E, C & D - Play Twice",Wrap-Up,NULL,NULL,54,248,455,663,NULL,NULL,685,890185626,NULL
398614,day-2-make-g-and-em-more-exciting,Day 2 - Make G And Em More Exciting,guitareo,challenge-part,1,100,published,2023-12-28 08:01:00,100,398609,5,HdwYc,NULL,NULL,Ayla Tesler-Mabe,NULL,https://d1923uyy6spedc.cloudfront.net/AcousticGuitaristsUpdated-05-1702500565.jpg,https://d1923uyy6spedc.cloudfront.net/AcousticGuitaristsUpdated-05-1702500565.jpg,NULL,NULL,"G Chord, E, C & D Single Notes","Em Chord, G, C & D Single Notes","G & Em Chords, C & D Single Notes",Wrap-Up,NULL,NULL,12,207,423,636,NULL,NULL,654,890185610,NULL
398615,day-3-take-c-to-the-next-level,Day 3 - Take C To The Next Level,guitareo,challenge-part,1,100,published,2023-12-28 08:01:00,100,398609,6,bdwYc,NULL,NULL,Ayla Tesler-Mabe,NULL,https://d1923uyy6spedc.cloudfront.net/AcousticGuitaristsUpdated-06-1702500582.jpg,https://d1923uyy6spedc.cloudfront.net/AcousticGuitaristsUpdated-06-1702500582.jpg,NULL,NULL,"G, Em Chords, C & D Single Notes","G & Em Chords, C & D Single Notes","G, Em, C Chords, D Single Note",Wrap-Up,NULL,NULL,12,207,416,618,NULL,NULL,633,890185652,NULL
398616,day-4-4-lush-chords,Day 4 - 4 Lush Chords,guitareo,challenge-part,1,100,published,2023-12-28 08:01:00,100,398609,7,sdwYc,NULL,NULL,Ayla Tesler-Mabe,NULL,https://d1923uyy6spedc.cloudfront.net/AcousticGuitaristsUpdated-07-1702500593.jpg,https://d1923uyy6spedc.cloudfront.net/AcousticGuitaristsUpdated-07-1702500593.jpg,NULL,NULL,"G, Em, C Chords, D Single Note","G, E, C Single Notes, D Chord","G, Em, C, D Chords",Wrap-Up,NULL,NULL,5,200,403,614,NULL,NULL,630,890185677,NULL
398617,day-5-add-in-a-chord-variation,Day 5 - Add In A Chord Variation,guitareo,challenge-part,1,100,published,2023-12-28 08:01:00,100,398609,8,1dwYc,NULL,NULL,Ayla Tesler-Mabe,NULL,https://d1923uyy6spedc.cloudfront.net/AcousticGuitaristsUpdated-08-1702500606.jpg,https://d1923uyy6spedc.cloudfront.net/AcousticGuitaristsUpdated-08-1702500606.jpg,NULL,NULL,"G, Em, C, D Chords","G, Em, C, D (improved) Chords","G, Em, C, D (improved) Chords",Wrap-Up,NULL,NULL,13,208,417,626,NULL,NULL,654,890185689,NULL
398618,day-6-playing-the-full-g,Day 6 - Playing The Full G,guitareo,challenge-part,1,100,published,2023-12-28 08:01:00,100,398609,9,ddwYc,NULL,NULL,Ayla Tesler-Mabe,NULL,https://d1923uyy6spedc.cloudfront.net/AcousticGuitaristsUpdated-09-1702500628.jpg,https://d1923uyy6spedc.cloudfront.net/AcousticGuitaristsUpdated-09-1702500628.jpg,NULL,NULL,"G, Em, C, D Chords","Full G Chord, E, C, D Single Notes","Full G, Em, C, D Chords",Outro,NULL,NULL,22,216,428,639,NULL,NULL,658,890186042,NULL
398619,day-7-playing-the-full-em,Day 7 - Playing The Full Em,guitareo,challenge-part,1,100,published,2023-12-28 08:01:00,100,398609,10,7dwYc,NULL,NULL,Ayla Tesler-Mabe,NULL,https://d1923uyy6spedc.cloudfront.net/AcousticGuitaristsUpdated-10-1702500640.jpg,https://d1923uyy6spedc.cloudfront.net/AcousticGuitaristsUpdated-10-1702500640.jpg,NULL,NULL,"G, Em, C, D Chords","G, Full Em, C, D Chords","G, Full Em, C, D Chords",Outro,NULL,NULL,3,198,406,627,NULL,NULL,636,890186056,NULL
398620,day-8-playing-the-full-c,Day 8 - Playing The Full C,guitareo,challenge-part,1,100,published,2023-12-28 08:01:00,100,398609,11,WdwYc,NULL,NULL,Ayla Tesler-Mabe,NULL,https://d1923uyy6spedc.cloudfront.net/AcousticGuitaristsUpdated-11-1702500652.jpg,https://d1923uyy6spedc.cloudfront.net/AcousticGuitaristsUpdated-11-1702500652.jpg,NULL,NULL,"G, Em, C, D Chords","G, Em, Full C, D Chords","G, Em, Full C, D Chords",Outro,NULL,NULL,1,196,405,610,NULL,NULL,623,890186066,NULL
398621,day-9-playing-the-full-d,Day 9 - Playing The Full D,guitareo,challenge-part,1,100,published,2023-12-28 08:01:00,100,398609,12,BdwYc,NULL,NULL,Ayla Tesler-Mabe,NULL,https://d1923uyy6spedc.cloudfront.net/AcousticGuitaristsUpdated-12-1702500663.jpg,https://d1923uyy6spedc.cloudfront.net/AcousticGuitaristsUpdated-12-1702500663.jpg,NULL,NULL,"G, Em, C, D Chords","G, Em, C, Full D Chords","G, Em, C, Full D Chords",Wrap-Up,NULL,NULL,1,196,400,613,NULL,NULL,639,890186077,NULL
398622,day-10-split-up-your-chords,Day 10 - Split Up Your Chords,guitareo,challenge-part,1,100,published,2023-12-28 08:01:00,100,398609,13,ZdwYc,NULL,NULL,Ayla Tesler-Mabe,NULL,https://d1923uyy6spedc.cloudfront.net/AcousticGuitaristsUpdated-13-1702500675.jpg,https://d1923uyy6spedc.cloudfront.net/AcousticGuitaristsUpdated-13-1702500675.jpg,NULL,NULL,"G, Em, C, D (Incomplete) Chords","G, Em, C, Full D Splitting Chords","G, Em, C, Full D Splitting Chords",Wrap-Up,NULL,NULL,10,205,408,618,NULL,NULL,634,890186088,NULL
398623,day-11-creating-a-mood-shift,Day 11 - Creating A Mood Shift,guitareo,challenge-part,1,100,published,2023-12-28 08:01:00,100,398609,14,LdwYc,NULL,NULL,Ayla Tesler-Mabe,NULL,https://d1923uyy6spedc.cloudfront.net/AcousticGuitaristsUpdated-14-1702500687.jpg,https://d1923uyy6spedc.cloudfront.net/AcousticGuitaristsUpdated-14-1702500687.jpg,NULL,NULL,"G, Em, C, D Strumming Pattern 1","Strumming Pattern 1, Em Break Up","Strumming Pattern 1, Em Break Up",Wrap-Up,NULL,NULL,23,218,418,641,NULL,NULL,668,890186583,NULL
398624,day-12-adding-more-texture-in-the-bridge,Day 12 - Adding More Texture In The Bridge,guitareo,challenge-part,1,100,published,2023-12-28 08:01:00,100,398609,15,jdwYc,NULL,NULL,Ayla Tesler-Mabe,NULL,https://d1923uyy6spedc.cloudfront.net/AcousticGuitaristsUpdated-15-1702500697.jpg,https://d1923uyy6spedc.cloudfront.net/AcousticGuitaristsUpdated-15-1702500697.jpg,NULL,NULL,"G, Em, C, D Strumming Pattern 1","Strumming Pattern 1, Em & C Break Up","Strumming Pattern 1, Em & C Break Up",Wrap-Up,NULL,NULL,4,198,409,614,NULL,NULL,661,890186598,NULL
398625,day-13-completing-the-bridge,Day 13 - Completing The Bridge,guitareo,challenge-part,1,100,published,2023-12-28 08:01:00,100,398609,16,9dwYc,NULL,NULL,Ayla Tesler-Mabe,NULL,https://d1923uyy6spedc.cloudfront.net/AcousticGuitaristsUpdated-16-1702500709.jpg,https://d1923uyy6spedc.cloudfront.net/AcousticGuitaristsUpdated-16-1702500709.jpg,NULL,NULL,"Strumming Pattern 1, Em & C Break Up","Strumming Pattern 1, Em, C, G Break Up","Strumming Pattern 1, Em, C, G Break Up",Outro,NULL,NULL,4,198,404,611,NULL,NULL,626,890186613,NULL
398626,day-14-a-new-groovy-strum-pattern,Day 14 - A New Groovy Strum Pattern,guitareo,challenge-part,1,100,published,2023-12-28 08:01:00,100,398609,17,KdwYc,NULL,NULL,Ayla Tesler-Mabe,NULL,https://d1923uyy6spedc.cloudfront.net/AcousticGuitaristsUpdated-17-1702500722.jpg,https://d1923uyy6spedc.cloudfront.net/AcousticGuitaristsUpdated-17-1702500722.jpg,NULL,NULL,"Strumming Pattern 1, Em, C, G Break Up","Strumming Pattern 2, Em, C, G Break Up","Strumming Pattern 2, Em, C, G Break Up",Wrap-Up,NULL,NULL,2,197,403,609,NULL,NULL,642,890186624,NULL
398627,day-15-getting-comfortable-with-strumming,Day 15 - Getting Comfortable With Strumming,guitareo,challenge-part,1,100,published,2023-12-28 08:01:00,100,398609,18,xdwYc,NULL,NULL,Ayla Tesler-Mabe,NULL,https://d1923uyy6spedc.cloudfront.net/AcousticGuitaristsUpdated-18-1702500734.jpg,https://d1923uyy6spedc.cloudfront.net/AcousticGuitaristsUpdated-18-1702500734.jpg,NULL,NULL,Strumming Pattern 1 Splitted,Strumming Pattern 1 Splitted,Strumming Patterns Combined,Wrap-Up,NULL,NULL,11,206,409,619,NULL,NULL,661,890186637,NULL
398628,day-16-bring-down-the-hammer,Day 16 - Bring Down The Hammer,guitareo,challenge-part,1,100,published,2023-12-28 08:01:00,100,398609,19,-dwYc,NULL,NULL,Ayla Tesler-Mabe,NULL,https://d1923uyy6spedc.cloudfront.net/AcousticGuitaristsUpdated-19-1702500758.jpg,https://d1923uyy6spedc.cloudfront.net/AcousticGuitaristsUpdated-19-1702500758.jpg,NULL,NULL,G Chord With Hammer-Ons,Em Chord With Hammer-Ons,G & Em Chord With Hammer-Ons,Wrap-Up,NULL,NULL,16,210,414,617,NULL,NULL,648,890186652,NULL
398629,day-17-hammer-ons-on-all-4-chords,Day 17 - Hammer-ons On All 4 Chords,guitareo,challenge-part,1,100,published,2023-12-28 08:01:00,100,398609,20,QdwYc,NULL,NULL,Ayla Tesler-Mabe,NULL,https://d1923uyy6spedc.cloudfront.net/AcousticGuitaristsUpdated-20-1702500772.jpg,https://d1923uyy6spedc.cloudfront.net/AcousticGuitaristsUpdated-20-1702500772.jpg,NULL,NULL,C Chord With Hammer-Ons,D Chord With Hammer-Ons,C & D Chords With Hammer-Ons,Wrap-Up,NULL,NULL,11,206,410,614,NULL,NULL,627,890186666,NULL
398630,day-18-learn-the-campfire-special,Day 18 - Learn The Campfire Special,guitareo,challenge-part,1,100,published,2023-12-28 08:01:00,100,398609,21,ndwYc,NULL,NULL,Ayla Tesler-Mabe,NULL,https://d1923uyy6spedc.cloudfront.net/AcousticGuitaristsUpdated-21-1702500785.jpg,https://d1923uyy6spedc.cloudfront.net/AcousticGuitaristsUpdated-21-1702500785.jpg,NULL,NULL,"G, Em, C, D With Hammer-Ons",Campfire Special,Campfire Special #2,Wrap-Up,NULL,NULL,13,207,430,637,NULL,NULL,655,890186685,NULL
398631,day-19-get-ready-to-perform,Day 19 - Get Ready To Perform,guitareo,challenge-part,1,100,published,2023-12-28 08:01:00,100,398609,22,FdwYc,NULL,NULL,Ayla Tesler-Mabe,NULL,https://d1923uyy6spedc.cloudfront.net/AcousticGuitaristsUpdated-22-1702500799.jpg,https://d1923uyy6spedc.cloudfront.net/AcousticGuitaristsUpdated-22-1702500799.jpg,NULL,NULL,Strumming Patterns Combined,Strumming Patterns Combined,Strumming Patterns With Dynamics,Wrap-Up,NULL,NULL,17,212,424,631,NULL,NULL,649,890186695,NULL
398632,day-20-final-performance,Day 20 - Final Performance,guitareo,challenge-part,1,100,published,2023-12-28 08:01:00,100,398609,23,tdwYc,NULL,NULL,Ayla Tesler-Mabe,NULL,https://d1923uyy6spedc.cloudfront.net/AcousticGuitaristsUpdated-23-1702500809.jpg,https://d1923uyy6spedc.cloudfront.net/AcousticGuitaristsUpdated-23-1702500809.jpg,NULL,NULL,Strumming Patterns Combined,Jam Session,Jam Session #2,Wrap-Up,NULL,NULL,35,230,454,665,NULL,NULL,715,890186704,NULL
398633,bonus-video-how-to-use-a-capo,Bonus Video - How To Use A Capo,guitareo,challenge-part,1,100,draft,2024-01-01 14:00:00,100,398609,24,NULL,NULL,NULL,Ayla Tesler-Mabe,NULL,NULL,NULL,NULL,NULL,NULL,NULL,NULL,NULL,NULL,NULL,NULL,NULL,NULL,NULL,NULL,NULL,NULL,NULL,NULL
398636,course-kick-off,Course Kick-Off,drumeo,challenge-part,1,100,published,2023-12-28 08:01:00,100,398635,1,NULL,NULL,NULL,Domino Santantonio,NULL,https://d1923uyy6spedc.cloudfront.net/KickOff-1702425169.jpg,https://d1923uyy6spedc.cloudfront.net/KickOff-1702425169.jpg,NULL,NULL,NULL,NULL,NULL,NULL,NULL,NULL,NULL,NULL,NULL,NULL,NULL,NULL,113,887785770,NULL
398637,acoustic-kit-setup,Acoustic Kit Setup,drumeo,challenge-part,1,100,published,2023-12-28 08:01:00,100,398635,2,NULL,NULL,NULL,Kyle Radomsky,NULL,https://d1923uyy6spedc.cloudfront.net/KitSetupThumbs-04-1702425200.jpg,https://d1923uyy6spedc.cloudfront.net/KitSetupThumbs-04-1702425200.jpg,NULL,NULL,NULL,NULL,NULL,NULL,NULL,NULL,NULL,NULL,NULL,NULL,NULL,NULL,1456,887785814,NULL
398638,electronic-kit-setup,Electronic Kit Setup,drumeo,challenge-part,1,100,published,2023-12-28 08:01:00,100,398635,3,NULL,NULL,NULL,Kyle Radomsky,NULL,https://d1923uyy6spedc.cloudfront.net/KitSetupThumbs-02-1702425215.jpg,https://d1923uyy6spedc.cloudfront.net/KitSetupThumbs-02-1702425215.jpg,NULL,NULL,NULL,NULL,NULL,NULL,NULL,NULL,NULL,NULL,NULL,NULL,NULL,NULL,1104,887785930,NULL
398639,practice-pad-setup,Practice Pad Setup,drumeo,challenge-part,1,100,published,2023-12-28 08:01:00,100,398635,4,NULL,NULL,NULL,Kyle Radomsky,NULL,https://d1923uyy6spedc.cloudfront.net/KitSetupThumbs-03-1702425232.jpg,https://d1923uyy6spedc.cloudfront.net/KitSetupThumbs-03-1702425232.jpg,NULL,NULL,NULL,NULL,NULL,NULL,NULL,NULL,NULL,NULL,NULL,NULL,NULL,NULL,869,887785994,NULL
398640,day-1-your-first-drum-beat-lesson-workout-1,Day 1 (Your First Drum Beat - Lesson & Workout 1),drumeo,challenge-part,1,100,published,2023-12-28 08:01:00,100,398635,5,9K4Yc,NULL,NULL,Domino Santantonio,NULL,https://d1923uyy6spedc.cloudfront.net/Day1-1702416920.jpg,https://d1923uyy6spedc.cloudfront.net/Day1-1702416920.jpg,NULL,NULL,Play Hi-Hat & Snare Drum,Play Hi-Hat & Bass Drum,Play The Snare & The Bass Drum,Hi-Hat Groove,Ride Groove,Wrap-Up,170,341,511,597,682,767,791,887787268,NULL
398641,your-first-drum-beat-workout-2,Your First Drum Beat - Workout 2,drumeo,challenge-part,1,100,published,2023-12-28 08:01:00,100,398635,6,KK4Yc,NULL,NULL,Domino Santantonio,NULL,https://d1923uyy6spedc.cloudfront.net/Day2-1702418589.jpg,https://d1923uyy6spedc.cloudfront.net/Day2-1702418589.jpg,NULL,NULL,Play Hi-Hat & Snare Drum,Play Hi-Hat & Bass Drum,Hi-Hat Groove,Ride Groove,Floor Tom Groove,Wrap-Up,37,208,293,464,549,634,661,887787391,NULL
398642,your-first-drum-beat-workout-3,Your First Drum Beat - Workout 3,drumeo,challenge-part,1,100,published,2023-12-28 08:01:00,100,398635,7,xK4Yc,NULL,NULL,Domino Santantonio,NULL,https://d1923uyy6spedc.cloudfront.net/Day3-1702418674.jpg,https://d1923uyy6spedc.cloudfront.net/Day3-1702418674.jpg,NULL,NULL,Play Hi-Hat & Snare Drum,Play Hi-Hat & Bass Drum,Hi-Hat Groove,Floor Tom Groove,Hi-Tom & Floor Tom Groove,Wrap-Up,27,198,283,369,454,625,648,887787490,NULL
398643,your-first-drum-beat-workout-4,Your First Drum Beat - Workout 4,drumeo,challenge-part,1,100,published,2023-12-28 08:01:00,100,398635,8,nK4Yc,NULL,NULL,Domino Santantonio,NULL,https://d1923uyy6spedc.cloudfront.net/Day4-1702418944.jpg,https://d1923uyy6spedc.cloudfront.net/Day4-1702418944.jpg,NULL,NULL,Play Hi-Hat & Snare Drum,Hi-Hat & Bass Into Hi-Hat Groove,Ride Groove,Hi-Tom & Floor Tom Groove,Hi-Tom & Ride Groove,Wrap-Up,36,206,377,462,548,633,663,887787563,NULL
398644,your-first-drum-beat-workout-5,Your First Drum Beat - Workout 5,drumeo,challenge-part,1,100,published,2023-12-28 08:01:00,100,398635,9,FK4Yc,NULL,NULL,Domino Santantonio,NULL,https://d1923uyy6spedc.cloudfront.net/Day5-1702419812.jpg,https://d1923uyy6spedc.cloudfront.net/Day5-1702419812.jpg,NULL,NULL,Play Hi-Hat & Snare Drum,Hi-Hat & Bass Into Hi-Hat Groove,Ride Groove,Floor Tom Groove,Hi-Tom & Floor Tom Groove,Wrap-Up,34,204,375,460,546,631,663,887787661,NULL
398645,doubling-it-up-lesson-workout-1,Doubling It Up - Lesson & Workout 1,drumeo,challenge-part,1,100,published,2023-12-28 08:01:00,100,398635,10,tK4Yc,NULL,NULL,Domino Santantonio,NULL,https://d1923uyy6spedc.cloudfront.net/Day6-1702419895.jpg,https://d1923uyy6spedc.cloudfront.net/Day6-1702419895.jpg,NULL,NULL,Play Hi-Hat & Snare Drum,Play Hi-Hat & Bass Drum,Building The Hi-Hat Groove,Hi-Hat To Ride Groove,Wrap-Up,NULL,183,354,525,610,781,NULL,818,887787800,NULL
398646,doubling-it-up-workout-2,Doubling It Up - Workout 2,drumeo,challenge-part,1,100,published,2023-12-28 08:01:00,100,398635,11,5K4Yc,NULL,NULL,Domino Santantonio,NULL,https://d1923uyy6spedc.cloudfront.net/Day7-1702420285.jpg,https://d1923uyy6spedc.cloudfront.net/Day7-1702420285.jpg,NULL,NULL,Play Hi-Hat & Snare Drum,Building The Hi-Hat Groove,Hi-Hat To Floor Tom Groove,Wrap-Up,NULL,NULL,32,203,459,629,NULL,NULL,663,887787896,NULL
398647,doubling-it-up-workout-3,Doubling It Up - Workout 3,drumeo,challenge-part,1,100,published,2023-12-28 08:01:00,100,398635,12,gK4Yc,NULL,NULL,Domino Santantonio,NULL,https://d1923uyy6spedc.cloudfront.net/Day8-1702420353.jpg,https://d1923uyy6spedc.cloudfront.net/Day8-1702420353.jpg,NULL,NULL,Play Hi-Hat & Snare Drum,Play Hi-Hat & Bass Drum,Hi-Hat Groove,Hi-Hat To Ride Groove,Floor Tom Groove,Wrap-Up,29,199,285,370,541,626,599,887787992,NULL
398648,doubling-it-up-workout-4,Doubling It Up - Workout 4,drumeo,challenge-part,1,100,published,2023-12-28 08:01:00,100,398635,13,6K4Yc,NULL,NULL,Domino Santantonio,NULL,https://d1923uyy6spedc.cloudfront.net/Day9-1702420456.jpg,https://d1923uyy6spedc.cloudfront.net/Day9-1702420456.jpg,NULL,NULL,Play Hi-Hat & Snare Drum,Play Hi-Hat & Bass Drum,Hi-Hat Groove,Ride Groove,Hi-Tom & Floor Tom Groove,Wrap-Up,28,198,284,369,454,625,653,887788071,NULL
398649,doubling-it-up-workout-5,Doubling It Up - Workout 5,drumeo,challenge-part,1,100,published,2023-12-28 08:01:00,100,398635,14,GK4Yc,NULL,NULL,Domino Santantonio,NULL,https://d1923uyy6spedc.cloudfront.net/Day10-1702420947.jpg,https://d1923uyy6spedc.cloudfront.net/Day10-1702420947.jpg,NULL,NULL,Hi-Hat To Hi-Hat Groove,Ride Groove,Floor Tom Groove,Hi-Tom & Floor Tom Groove,Hi-Tom & Ride Groove,Wrap-Up,31,201,287,372,457,628,648,887788188,NULL
398650,adding-fills-crashes-lesson-workout-1,Adding Fills & Crashes - Lesson & Workout 1,drumeo,challenge-part,1,100,published,2023-12-28 08:01:00,100,398635,15,rK4Yc,NULL,NULL,Domino Santantonio,NULL,https://d1923uyy6spedc.cloudfront.net/Day11-1702421163.jpg,https://d1923uyy6spedc.cloudfront.net/Day11-1702421163.jpg,NULL,NULL,Adding A Crash To The Hi-Hat Groove,Adding A Crash To The Ride Groove,Adding A Crash To The Floor Tom Groove,Moving Between The Grooves,Wrap-Up,NULL,186,357,442,527,783,NULL,1158,887788445,NULL
398651,adding-fills-crashes-workout-2,Adding Fills & Crashes - Workout 2,drumeo,challenge-part,1,100,published,2023-12-28 08:01:00,100,398635,16,hK4Yc,NULL,NULL,Domino Santantonio,NULL,https://d1923uyy6spedc.cloudfront.net/Day12-1702421182.jpg,https://d1923uyy6spedc.cloudfront.net/Day12-1702421182.jpg,NULL,NULL,Fill 1 With Hi-Hat Groove,Fill 1 With Ride Groove,Fill 1 With Floor Tom Groove,Wrap-Up,NULL,NULL,29,199,455,626,NULL,NULL,649,887788531,NULL
398652,adding-fills-crashes-workout-3,Adding Fills & Crashes - Workout 3,drumeo,challenge-part,1,100,published,2023-12-28 08:01:00,100,398635,17,mK4Yc,NULL,NULL,Domino Santantonio,NULL,https://d1923uyy6spedc.cloudfront.net/Day12-1702421239.jpg,https://d1923uyy6spedc.cloudfront.net/Day12-1702421239.jpg,NULL,NULL,Fill 2 With Hi-Hat Groove,Fill 2 With Ride Groove,Fill 2 With Floor Tom Groove,Wrap-Up,NULL,NULL,21,192,448,619,NULL,NULL,644,887788626,NULL
398653,adding-fills-crashes-workout-4,Adding Fills & Crashes - Workout 4,drumeo,challenge-part,1,100,published,2023-12-28 08:01:00,100,398635,18,vK4Yc,NULL,NULL,Domino Santantonio,NULL,https://d1923uyy6spedc.cloudfront.net/Day14-1702424251.jpg,https://d1923uyy6spedc.cloudfront.net/Day14-1702424251.jpg,NULL,NULL,Adding A Crash To The Hi-Hat Groove,Fill 1 With Hi-Hat & Ride Grooves,Fill 1 With Floor Tom Groove,Fill 2 With Hi-Hat & Ride Grooves,Fill 2 With Floor Tom Groove,Wrap-Up,24,110,280,366,536,622,648,887788699,NULL
398654,adding-fills-crashes-workout-5,Adding Fills & Crashes - Workout 5,drumeo,challenge-part,1,100,published,2023-12-28 08:01:00,100,398635,19,SK4Yc,NULL,NULL,Domino Santantonio,NULL,https://d1923uyy6spedc.cloudfront.net/Day15-1702424445.jpg,https://d1923uyy6spedc.cloudfront.net/Day15-1702424440.jpg,NULL,NULL,Adding A Crash To The Hi-Hat Groove,Both Fills With Hi-Hat Groove,Both Fills With Ride Groove,Both Fills With Floor Tom Groove,Wrap-Up,NULL,24,110,280,451,622,NULL,649,887788792,NULL
398655,your-first-song-lesson-workout-1,Your First Song - Lesson & Workout 1,drumeo,challenge-part,1,100,published,2023-12-28 08:01:00,100,398635,20,pK4Yc,NULL,NULL,Domino Santantonio,NULL,https://d1923uyy6spedc.cloudfront.net/Day16-1702424680.jpg,https://d1923uyy6spedc.cloudfront.net/Day16-1702424680.jpg,NULL,NULL,Intro,Overview,Practice The Verse,Wrap-Up,NULL,NULL,0,13,113,718,NULL,NULL,752,887789260,NULL
398656,your-first-song-workout-2,Your First Song - Workout 2,drumeo,challenge-part,1,100,published,2023-12-28 08:01:00,100,398635,21,Nx4Yc,NULL,NULL,Domino Santantonio,NULL,https://d1923uyy6spedc.cloudfront.net/Day17-1702424809.jpg,https://d1923uyy6spedc.cloudfront.net/Day17-1702424805.jpg,NULL,NULL,Intro,Overview,Practice The Verse & Chorus,Wrap-Up,NULL,NULL,0,8,28,571,NULL,NULL,599,887789332,NULL
398657,your-first-song-workout-3,Your First Song - Workout 3,drumeo,challenge-part,1,100,published,2023-12-28 08:01:00,100,398635,22,cx4Yc,NULL,NULL,Domino Santantonio,NULL,https://d1923uyy6spedc.cloudfront.net/Day18-1702424875.jpg,https://d1923uyy6spedc.cloudfront.net/Day18-1702424875.jpg,NULL,NULL,Intro,Overview,Practice Back-To-Back Verse & Choruses,Wrap-Up,NULL,NULL,0,8,27,613,NULL,NULL,638,887789394,NULL
398658,your-first-song-workout-4,Your First Song - Workout 4,drumeo,challenge-part,1,100,published,2023-12-28 08:01:00,100,398635,23,Vx4Yc,NULL,NULL,Domino Santantonio,NULL,https://d1923uyy6spedc.cloudfront.net/Day19-1702424930.jpg,https://d1923uyy6spedc.cloudfront.net/Day19-1702424930.jpg,NULL,NULL,Intro,Overview,"Practice The Verse, Chorus & Bridge",Wrap-Up,NULL,NULL,0,8,22,566,NULL,NULL,663,887789466,NULL
398659,your-first-song-workout-5,Your First Song - Workout 5,drumeo,challenge-part,1,100,published,2023-12-28 08:01:00,100,398635,24,fx4Yc,NULL,NULL,Domino Santantonio,NULL,https://d1923uyy6spedc.cloudfront.net/Day20-1702424984.jpg,https://d1923uyy6spedc.cloudfront.net/Day20-1702424984.jpg,NULL,NULL,Intro,Overview,Play The Full Song,Wrap-Up,NULL,NULL,0,9,29,677,NULL,NULL,702,887789522,NULL
398698,day-1-finding-your-breath,Day 1 - Finding Your Breath,singeo,challenge-part,1,100,published,2023-12-28 08:01:00,100,398697,2,gdwYc,NULL,NULL,Lisa Witt,NULL,https://d1923uyy6spedc.cloudfront.net/SingBetterIn30Days-01-1701203424.jpg,https://d1923uyy6spedc.cloudfront.net/SingBetterIn30Days-01-1701203424.jpg,NULL,NULL,Hissing,Humming,Bubble,Puffy Cheeks,"Humming, Ugly A & Bubble",Wrap-Up,42,162,251,402,525,602,641,889602567,NULL
398699,course-kick-off,Course Kick-Off,singeo,challenge-part,1,100,published,2023-12-28 08:01:00,100,398697,1,NULL,NULL,NULL,Lisa Witt,NULL,https://d1923uyy6spedc.cloudfront.net/SingBetterIn30Days-21-1701204663.jpg,https://d1923uyy6spedc.cloudfront.net/SingBetterIn30Days-21-1701204663.jpg,NULL,NULL,NULL,NULL,NULL,NULL,NULL,NULL,NULL,NULL,NULL,NULL,NULL,NULL,350,889601380,NULL
398703,day-5-it-s-all-about-ease,Day 5 - It's All About Ease,singeo,challenge-part,1,100,published,2023-12-28 08:01:00,100,398697,6,SdwYc,NULL,NULL,Lisa Witt,NULL,https://d1923uyy6spedc.cloudfront.net/SingBetterIn30Days-05-1701203560.jpg,https://d1923uyy6spedc.cloudfront.net/SingBetterIn30Days-05-1701203557.jpg,NULL,NULL,"Letter ""V"" With ""Whoa"" & Humming",Bubble,"Three, Two, One",Puffy Cheeks & Humming,Bubble,Outro,7,172,212,285,499,598,644,889603937,NULL
398704,day-6-the-voice-is-a-muscle,Day 6 - The Voice Is A Muscle,singeo,challenge-part,1,100,published,2023-12-28 08:01:00,100,398697,7,pdwYc,NULL,NULL,Lisa Witt,NULL,https://d1923uyy6spedc.cloudfront.net/SingBetterIn30Days-06-1701203772.jpg,https://d1923uyy6spedc.cloudfront.net/SingBetterIn30Days-06-1701203772.jpg,NULL,NULL,Humming & Bubble,Change The Pattern 1,Puffy Cheeks,Change The Pattern 2,"Bup, Gug & Bubble",Outro,37,133,235,329,465,615,655,889604080,NULL
398705,day-7-developing-strength-and-flexibility,Day 7 - Developing Strength And Flexibility,singeo,challenge-part,1,100,published,2023-12-28 08:01:00,100,398697,8,N7wYc,NULL,NULL,Lisa Witt,NULL,https://d1923uyy6spedc.cloudfront.net/SingBetterIn30Days-07-1701203812.jpg,https://d1923uyy6spedc.cloudfront.net/SingBetterIn30Days-07-1701203809.jpg,NULL,NULL,Bubble,New Pattern,"One, Five, One",Try Another New Pattern,Relaxing Pattern,Outro,0,74,163,293,503,603,668,889604273,NULL
398706,day-8-strength-should-feel-easy,Day 8 - Strength Should Feel Easy,singeo,challenge-part,1,100,published,2023-12-28 08:01:00,100,398697,9,f7wYc,NULL,NULL,Lisa Witt,NULL,https://d1923uyy6spedc.cloudfront.net/SingBetterIn30Days-08-1701203849.jpg,https://d1923uyy6spedc.cloudfront.net/SingBetterIn30Days-08-1701203846.jpg,NULL,NULL,"""E"" With A Thumb & Hum On 1-2-3-4-5",Change Pattern,"Relaxing Pattern, Bup & Gug",Change Patterns Again,Gentle Humming,Outro,27,149,209,334,527,601,650,889604506,NULL
398707,day-9-let-s-make-some-noise,Day 9 - Let's Make Some Noise,singeo,challenge-part,1,100,published,2023-12-28 08:01:00,100,398697,10,k7wYc,NULL,NULL,Lisa Witt,NULL,https://d1923uyy6spedc.cloudfront.net/SingBetterIn30Days-09-1701203864.jpg,https://d1923uyy6spedc.cloudfront.net/SingBetterIn30Days-09-1701203862.jpg,NULL,NULL,"Gentle Pattern, Then Up & Down The Scale","The ""E"" Sound","Strong Voice With ""Hey"",""Reset Your Voice & Sing ""Hey"" Again","Sing Into Your Hand, ""Hey"" & Relaxing Patterns",Outro,10,108,171,281,635,602,647,889604717,NULL,
398708,day-10-unleash-your-vocal-power,Day 10 - Unleash Your Vocal Power,singeo,challenge-part,1,100,published,2023-12-28 08:01:00,100,398697,11,47wYc,NULL,NULL,Lisa Witt,NULL,https://d1923uyy6spedc.cloudfront.net/SingBetterIn30Days-10-1701203895.jpg,https://d1923uyy6spedc.cloudfront.net/SingBetterIn30Days-10-1701203892.jpg,NULL,NULL,"Puffy Cheeks, Going Up & Down","Practice Your ""Heys"",""Relax & Change The Pattern","Bubble & ""V"",""Back To ""Hey"" & Bubble",Outro,11,174,298,406,539,604,658,889605000,NULL,,
398709,day-11-the-singer-s-scale,Day 11 - The Singer's Scale,singeo,challenge-part,1,100,published,2023-12-28 08:01:00,100,398697,12,y7wYc,NULL,NULL,Lisa Witt,NULL,https://d1923uyy6spedc.cloudfront.net/SingBetterIn30Days-11-1701203958.jpg,https://d1923uyy6spedc.cloudfront.net/SingBetterIn30Days-11-1701203955.jpg,NULL,NULL,Humming,Add A Note,1-2-3-5-6-5-3-2-1 & Start At The Top,Mix It Up,1-2-3-5-6-5-3-2-1 & Mix It Up,Outro,27,114,224,334,479,607,642,889605213,NULL
398712,day-14-shape-shifting-for-a-better-sound,Day 14 - Shape Shifting For A Better Sound,singeo,challenge-part,1,100,published,2023-12-28 08:01:00,100,398697,15,27wYc,NULL,NULL,Lisa Witt,NULL,https://d1923uyy6spedc.cloudfront.net/SingBetterIn30Days-14-1701204523.jpg,https://d1923uyy6spedc.cloudfront.net/SingBetterIn30Days-14-1701204520.jpg,NULL,NULL,Bubble,"Letter ""V"",""4 Note Scale",Sing With The Stars,Adding The Final Line & Bubble,Outro,6,55,83,154,280,601,668,889606392,NULL,
398713,day-15-make-it-your-own,Day 15 - Make It Your Own,singeo,challenge-part,1,100,published,2023-12-28 08:01:00,100,398697,16,C7wYc,NULL,NULL,Lisa Witt,NULL,https://d1923uyy6spedc.cloudfront.net/SingBetterIn30Days-15-1701204539.jpg,https://d1923uyy6spedc.cloudfront.net/SingBetterIn30Days-15-1701204534.jpg,NULL,NULL,"Bubble & Letter ""V"",""Sing With The Stars",Having Fun With It,Do Do Do,Pentatonic Bubble,Outro,16,194,253,460,542,604,649,889606547,NULL,
398714,day-16-style-tricks,Day 16 - Style Tricks,singeo,challenge-part,1,100,published,2023-12-28 08:01:00,100,398697,17,R7wYc,NULL,NULL,Lisa Witt,NULL,https://d1923uyy6spedc.cloudfront.net/SingBetterIn30Days-16-1701204550.jpg,https://d1923uyy6spedc.cloudfront.net/SingBetterIn30Days-16-1701204550.jpg,NULL,NULL,Pentatonic Scale,"Vocal Fry, 4 Note Scale & Sing ""E"",""Bubble & Whoa",Get Free,Reset With Bubble,Outro,24,78,293,445,521,598,655,889606651,NULL,
398715,day-17-a-new-song,Day 17 - A New Song,singeo,challenge-part,1,100,published,2023-12-28 08:01:00,100,398697,18,37wYc,NULL,NULL,Lisa Witt,NULL,https://d1923uyy6spedc.cloudfront.net/SingBetterIn30Days-17-1701204569.jpg,https://d1923uyy6spedc.cloudfront.net/SingBetterIn30Days-17-1701204569.jpg,NULL,NULL,Pentatonic Scale,Think Bratty & Dopey,Add Words And Sound Bratty & Dopey,Add Vocal Fry,Reset With Bubble,Outro,19,85,224,454,538,608,650,889606993,NULL
398716,day-18-nose-check,Day 18 - Nose Check,singeo,challenge-part,1,100,published,2023-12-28 08:01:00,100,398697,19,X7wYc,NULL,NULL,Lisa Witt,NULL,https://d1923uyy6spedc.cloudfront.net/SingBetterIn30Days-18-1701204589.jpg,https://d1923uyy6spedc.cloudfront.net/SingBetterIn30Days-18-1701204589.jpg,NULL,NULL,Pentatonic Scale,"Woo, Waa, Nuh & Buh",Playing With The Song,"""In You"" Different Ways",Cool Down,Outro,17,62,203,444,536,600,630,889607214,NULL
398717,day-19-vocal-runs,Day 19 - Vocal Runs,singeo,challenge-part,1,100,published,2023-12-28 08:01:00,100,398697,20,q7wYc,NULL,NULL,Lisa Witt,NULL,https://d1923uyy6spedc.cloudfront.net/SingBetterIn30Days-19-1701204605.jpg,https://d1923uyy6spedc.cloudfront.net/SingBetterIn30Days-19-1701204605.jpg,NULL,NULL,Warm Up Melody,3-2-1 Vocal Run,Add Run To The Song,"Add Run To ""You"",""Cool Down",Outro,11,80,154,457,556,587,606,889607392,NULL,
398718,day-20-you-sound-good,Day 20 - You Sound GOOD!,singeo,challenge-part,1,100,published,2023-12-28 08:01:00,100,398697,21,J7wYc,NULL,NULL,Lisa Witt,NULL,https://d1923uyy6spedc.cloudfront.net/SingBetterIn30Days-20-1701204618.jpg,https://d1923uyy6spedc.cloudfront.net/SingBetterIn30Days-20-1701204618.jpg,NULL,NULL,"Warm Up, 3-2-1 & Puffy Cheeks",Sing It With Runs,Add A Power Note,Sing The Song,Relax Your Voice,Outro,20,197,268,442,594,617,684,889607561,NULL
398725,course-kickoff,Course Kickoff,pianote,challenge-part,1,100,published,2023-12-28 08:01:00,100,398724,1,NULL,NULL,NULL,Lisa Witt,NULL,https://d1923uyy6spedc.cloudfront.net/Members-thumb-1920x1080_9-1676058791.jpg,https://d1923uyy6spedc.cloudfront.net/Members-thumb-1920x1080_9-1676058791.jpg,NULL,NULL,NULL,NULL,NULL,NULL,NULL,NULL,NULL,NULL,NULL,NULL,NULL,NULL,91,886627419,NULL
398726,let-s-get-started,Let's Get Started,pianote,challenge-part,1,100,published,2023-12-28 08:01:00,100,398724,2,NULL,NULL,NULL,Lisa Witt,NULL,https://d1923uyy6spedc.cloudfront.net/YT-thumb-1920x1080_11-1675295150.jpg,https://d1923uyy6spedc.cloudfront.net/YT-thumb-1920x1080_11-1675295150.jpg,NULL,NULL,NULL,NULL,NULL,NULL,NULL,NULL,NULL,NULL,NULL,NULL,NULL,NULL,366,797858281,NULL
398727,day-1-your-first-chord-progression,Day 1 - Your First Chord Progression,pianote,challenge-part,1,100,published,2023-12-28 08:01:00,100,398724,3,Dh4Yc,NULL,Essentials,Lisa Witt,NULL,https://d1923uyy6spedc.cloudfront.net/1-1675294817.jpg,https://d1923uyy6spedc.cloudfront.net/1-1675294817.jpg,NULL,NULL,Challenge Overview,Lesson,Round 1,Round 2,Round 3,Wrap-Up,0,54,229,439,657,851,887,802011057,NULL
398728,day-2-make-it-musical,Day 2 - Make It Musical,pianote,challenge-part,1,100,published,2023-12-28 08:01:00,100,398724,4,Mh4Yc,NULL,NULL,Lisa Witt,NULL,https://d1923uyy6spedc.cloudfront.net/2-1675294841.jpg,https://d1923uyy6spedc.cloudfront.net/2-1675294841.jpg,NULL,NULL,Challenge Overview,Round 1,Round 2,Round 3,Wrap-Up,NULL,0,30,245,452,646,NULL,671,802011087,NULL
398729,day-3-your-first-left-hand-chords,Day 3 - Your First Left Hand Chords,pianote,challenge-part,1,100,published,2023-12-28 08:01:00,100,398724,5,kh4Yc,NULL,NULL,Lisa Witt,NULL,https://d1923uyy6spedc.cloudfront.net/3-1675294849.jpg,https://d1923uyy6spedc.cloudfront.net/3-1675294849.jpg,NULL,NULL,Challenge Overview,Round 1,Round 2,Round 3,Wrap-Up,NULL,0,27,236,440,632,NULL,663,802011113,NULL
398730,day-4-playing-with-both-hands,Day 4 - Playing With Both Hands,pianote,challenge-part,1,100,published,2023-12-28 08:01:00,100,398724,6,4h4Yc,NULL,NULL,Lisa Witt,NULL,https://d1923uyy6spedc.cloudfront.net/4-1675294860.jpg,https://d1923uyy6spedc.cloudfront.net/4-1675294860.jpg,NULL,NULL,Challenge Overview,Round 1,Round 2,Round 3,Wrap-Up,NULL,0,20,232,440,634,NULL,651,802011140,NULL
398731,day-5-feeling-comfortable,Day 5 - Feeling Comfortable,pianote,challenge-part,1,100,published,2023-12-28 08:01:00,100,398724,7,yh4Yc,NULL,NULL,Lisa Witt,NULL,https://d1923uyy6spedc.cloudfront.net/5-1675294870.jpg,https://d1923uyy6spedc.cloudfront.net/5-1675294870.jpg,NULL,NULL,Challenge Overview,Round 1,Round 2,Round 3,Wrap-Up,NULL,0,21,226,431,623,NULL,658,891176724,NULL
398732,day-6-real-chords,Day 6 - Real Chords,pianote,challenge-part,1,100,published,2023-12-28 08:01:00,100,398724,8,wh4Yc,NULL,NULL,Lisa Witt,NULL,https://d1923uyy6spedc.cloudfront.net/6-1675294927.jpg,https://d1923uyy6spedc.cloudfront.net/6-1675294927.jpg,NULL,NULL,Challenge Overview,Triad Lesson,Round 1,Round 2,Round 3,Wrap-Up,0,25,69,280,496,688,715,802014072,NULL
398733,day-7-real-chords-hands-together,Day 7 - Real Chords Hands Together,pianote,challenge-part,1,100,published,2023-12-28 08:01:00,100,398724,9,Yh4Yc,NULL,NULL,Lisa Witt,NULL,https://d1923uyy6spedc.cloudfront.net/7-1675294937.jpg,https://d1923uyy6spedc.cloudfront.net/7-1675294937.jpg,NULL,NULL,Challenge Overview,Round 1,Round 2,Round 3,Wrap-Up,NULL,0,16,221,437,629,NULL,656,802014103,NULL
398734,day-8-a-more-exciting-left-hand,Day 8 - A More Exciting Left Hand,pianote,challenge-part,1,100,published,2023-12-28 08:01:00,100,398724,10,lh4Yc,NULL,NULL,Lisa Witt,NULL,https://d1923uyy6spedc.cloudfront.net/8-1675294951.jpg,https://d1923uyy6spedc.cloudfront.net/8-1675294951.jpg,NULL,NULL,Challenge Overview,Round 1,Round 2,Round 3,Wrap-Up,NULL,0,17,218,429,620,NULL,646,802014123,NULL
398735,day-9-feeling-confident,Day 9 - Feeling Confident,pianote,challenge-part,1,100,published,2023-12-28 08:01:00,100,398724,11,zh4Yc,NULL,NULL,Lisa Witt,NULL,https://d1923uyy6spedc.cloudfront.net/9-1675294958.jpg,https://d1923uyy6spedc.cloudfront.net/9-1675294958.jpg,NULL,NULL,Challenge Overview,Round 1,Round 2,Round 3,Wrap-Up,NULL,0,21,230,438,630,NULL,657,802014156,NULL
398736,day-10-start-sounding-better,Day 10 - Start Sounding Better,pianote,challenge-part,1,100,published,2023-12-28 08:01:00,100,398724,12,2h4Yc,NULL,NULL,Lisa Witt,NULL,https://d1923uyy6spedc.cloudfront.net/10-1675294967.jpg,https://d1923uyy6spedc.cloudfront.net/10-1675294967.jpg,NULL,NULL,Challenge Overview,Round 1,Round 2,Round 3,Wrap-Up,NULL,0,39,260,467,658,NULL,698,802014181,NULL
398737,day-11-quarter-notes,Day 11 - Quarter Notes,pianote,challenge-part,1,100,published,2023-12-28 08:01:00,100,398724,13,Ch4Yc,NULL,NULL,Lisa Witt,NULL,https://d1923uyy6spedc.cloudfront.net/11-1675294985.jpg,https://d1923uyy6spedc.cloudfront.net/11-1675294985.jpg,NULL,NULL,Challenge Overview,Rhythm Lesson,Round 1,Round 2,Round 3,Wrap-Up,0,17,87,293,502,694,717,802015253,NULL
398738,day-12-half-notes,Day 12 - Half Notes,pianote,challenge-part,1,100,published,2023-12-28 08:01:00,100,398724,14,Rh4Yc,NULL,NULL,Lisa Witt,NULL,https://d1923uyy6spedc.cloudfront.net/12-1675294995.jpg,https://d1923uyy6spedc.cloudfront.net/12-1675294995.jpg,NULL,NULL,Challenge Overview,Round 1,Round 2,Round 3,Wrap-Up,NULL,0,17,224,438,630,NULL,661,802015435,NULL
398739,day-13-gaining-confidence-with-rhythm,Day 13 - Gaining Confidence With Rhythm,pianote,challenge-part,1,100,published,2023-12-28 08:01:00,100,398724,15,3h4Yc,NULL,NULL,Lisa Witt,NULL,https://d1923uyy6spedc.cloudfront.net/13-1675295005.jpg,https://d1923uyy6spedc.cloudfront.net/13-1675295005.jpg,NULL,NULL,Challenge Overview,Round 1,Round 2,Round 3,Wrap-Up,NULL,0,16,221,425,617,NULL,630,802015465,NULL
398740,day-14-a-beautiful-pattern,Day 14 - A Beautiful Pattern,pianote,challenge-part,1,100,published,2023-12-28 08:01:00,100,398724,16,Xh4Yc,NULL,NULL,Lisa Witt,NULL,https://d1923uyy6spedc.cloudfront.net/14-1675295013.jpg,https://d1923uyy6spedc.cloudfront.net/14-1675295013.jpg,NULL,NULL,Challenge Overview,Round 1,Round 2,Round 3,Wrap-Up,NULL,0,18,223,432,623,NULL,650,802015495,NULL
398741,day-15-an-even-more-beautiful-pattern,Day 15 - An Even More Beautiful Pattern,pianote,challenge-part,1,100,published,2023-12-28 08:01:00,100,398724,17,qh4Yc,NULL,NULL,Lisa Witt,NULL,https://d1923uyy6spedc.cloudfront.net/15-1675295022.jpg,https://d1923uyy6spedc.cloudfront.net/15-1675295022.jpg,NULL,NULL,Challenge Overview,Round 1,Round 2,Round 3,Wrap-Up,NULL,0,24,230,439,631,NULL,662,891249713,NULL
398742,day-16-making-it-fancy,Day 16 - Making It Fancy,pianote,challenge-part,1,100,published,2023-12-28 08:01:00,100,398724,18,Hh4Yc,NULL,NULL,Lisa Witt,NULL,https://d1923uyy6spedc.cloudfront.net/16-1675295049.jpg,https://d1923uyy6spedc.cloudfront.net/16-1675295049.jpg,NULL,NULL,Challenge Overview,Octaves & Broken Chords,Round 1,Round 2,Round 3,Wrap-Up,0,48,178,410,619,812,821,802017037,NULL
398743,day-17-adding-power,Day 17 - Adding Power,pianote,challenge-part,1,100,published,2023-12-28 08:01:00,100,398724,19,Jh4Yc,NULL,NULL,Lisa Witt,NULL,https://d1923uyy6spedc.cloudfront.net/17-1675295058.jpg,https://d1923uyy6spedc.cloudfront.net/17-1675295058.jpg,NULL,NULL,Challenge Overview,Round 1,Round 2,Round 3,Wrap-Up,NULL,0,26,237,458,650,NULL,676,802017055,NULL
398744,day-18-a-beautiful-chord-secret,Day 18 - A Beautiful Chord Secret,pianote,challenge-part,1,100,published,2023-12-28 08:01:00,100,398724,20,bh4Yc,NULL,NULL,Lisa Witt,NULL,https://d1923uyy6spedc.cloudfront.net/18-1675295067.jpg,https://d1923uyy6spedc.cloudfront.net/18-1675295067.jpg,NULL,NULL,Challenge Overview,Round 1,Round 2,Round 3,Wrap-Up,NULL,0,14,222,440,631,NULL,661,802017076,NULL
398745,day-19-preparing-for-your-best-performance,Day 19 - Preparing For Your Best Performance,pianote,challenge-part,1,100,published,2023-12-28 08:01:00,100,398724,21,sh4Yc,NULL,NULL,Lisa Witt,NULL,https://d1923uyy6spedc.cloudfront.net/19-1675295080.jpg,https://d1923uyy6spedc.cloudfront.net/19-1675295080.jpg,NULL,NULL,Challenge Overview,Round 1,Round 2,Round 3,Wrap-Up,NULL,0,28,240,448,640,NULL,679,802017098,NULL
398746,day-20-your-best-performance,Day 20 - Your Best Performance,pianote,challenge-part,1,100,published,2023-12-28 08:01:00,100,398724,22,1h4Yc,NULL,NULL,Lisa Witt,NULL,https://d1923uyy6spedc.cloudfront.net/20-1675295091.jpg,https://d1923uyy6spedc.cloudfront.net/20-1675295091.jpg,NULL,NULL,Challenge Overview,Round 1,Round 2,Round 3,Wrap-Up,NULL,0,29,242,455,647,NULL,693,802017140,NULL
398748,course-kickoff,Course Kickoff,pianote,challenge-part,3,100,published,2023-12-28 08:01:00,100,398747,1,NULL,NULL,NULL,Lisa Witt,NULL,https://d1923uyy6spedc.cloudfront.net/EasyChords-1-course-kickoff-1682355885.jpg,https://d1923uyy6spedc.cloudfront.net/EasyChords-1-course-kickoff-1682355885.jpg,NULL,NULL,NULL,NULL,NULL,NULL,NULL,NULL,NULL,NULL,NULL,NULL,NULL,NULL,180,891225045,NULL
398749,let-s-get-started,Let's Get Started,pianote,challenge-part,3,100,published,2023-12-28 08:01:00,100,398747,2,NULL,NULL,NULL,Lisa Witt,NULL,https://d1923uyy6spedc.cloudfront.net/EasyChords-lets-get-started-1682355937.jpg,https://d1923uyy6spedc.cloudfront.net/EasyChords-lets-get-started-1682355937.jpg,NULL,NULL,NULL,NULL,NULL,NULL,NULL,NULL,NULL,NULL,NULL,NULL,NULL,NULL,429,824211328,NULL
398750,day-1-the-happiest-chord-progression,Day 1 - The Happiest Chord Progression,pianote,challenge-part,3,100,published,2023-12-28 08:01:00,100,398747,3,qr4Yc,NULL,NULL,Lisa Witt,NULL,https://d1923uyy6spedc.cloudfront.net/EasyChords-1-1682356048.jpg,https://d1923uyy6spedc.cloudfront.net/EasyChords-1-1682356048.jpg,NULL,NULL,Intro,Triad To Octave - Round 1,Triad To Octave - Round 2,Root To Octave,Wrap-Up,NULL,0,31,352,479,607,NULL,682,821009143,NULL
398751,day-2-rhythm-is-fun,Day 2 - Rhythm Is Fun,pianote,challenge-part,3,100,published,2023-12-28 08:01:00,100,398747,4,dr4Yc,NULL,NULL,Lisa Witt,NULL,https://d1923uyy6spedc.cloudfront.net/EasyChords-2-1682356102.jpg,https://d1923uyy6spedc.cloudfront.net/EasyChords-2-1682356102.jpg,NULL,NULL,"Triads - Whole, Half & Quarter Notes","Octaves - Whole, Half & Quarter Notes",Triads - Whole & Quarter Notes,Root To Octave,Triad To Octave,Wrap-Up,15,176,319,384,447,608,675,821009272,NULL
398752,day-3-the-power-of-the-fourth,Day 3 - The Power Of The Fourth,pianote,challenge-part,3,100,published,2023-12-28 08:01:00,100,398747,5,7r4Yc,NULL,NULL,Lisa Witt,NULL,https://d1923uyy6spedc.cloudfront.net/EasyChords-3-1682356156.jpg,https://d1923uyy6spedc.cloudfront.net/EasyChords-3-1682356156.jpg,NULL,NULL,Octaves,Building The 1st Inversion,"Triads, Octaves & Inversion",Triads & Inversion,Wrap-Up,NULL,16,64,304,480,608,NULL,678,821009355,NULL
398753,day-4-your-first-first-inversion,Day 4 - Your First First Inversion,pianote,challenge-part,3,100,published,2023-12-28 08:01:00,100,398747,6,Zr4Yc,NULL,NULL,Lisa Witt,NULL,https://d1923uyy6spedc.cloudfront.net/EasyChords-4-1682356202.jpg,https://d1923uyy6spedc.cloudfront.net/EasyChords-4-1682356202.jpg,NULL,NULL,Review Chord Progression,First 1st Inversions,Add Left Hand,Root Position,Build First Inversion Chords,Wrap-Up,15,159,415,447,511,610,660,821009439,NULL
398754,day-5-the-aha-moment,"Day 5 - The ""Aha!"" Moment",pianote,challenge-part,3,100,published,2023-12-28 08:01:00,100,398747,7,Wr4Yc,NULL,NULL,Lisa Witt,NULL,https://d1923uyy6spedc.cloudfront.net/EasyChords-5-1682356250.jpg,https://d1923uyy6spedc.cloudfront.net/EasyChords-5-1682356250.jpg,NULL,NULL,Warming-Up,1st Inversions,Root Position,1st Inversion G Chord,Single Note Movements,Wrap-Up,16,126,224,275,355,611,676,891245406,NULL
398755,day-6-wake-up-for-review,Day 6 - Wake-Up For Review,pianote,challenge-part,3,100,published,2023-12-28 08:01:00,100,398747,8,Br4Yc,NULL,NULL,Lisa Witt,NULL,https://d1923uyy6spedc.cloudfront.net/EasyChords-6-1682356465.jpg,https://d1923uyy6spedc.cloudfront.net/EasyChords-6-1682356465.jpg,NULL,NULL,Build Your Chord,Rhythm,Playing 5 & 2,Inversion Practice,Inversion Movements With Rhythm,Wrap-Up,15,110,181,255,365,609,693,821009607,NULL
398756,day-7-focusing-on-the-movements,Day 7 - Focusing On The Movements,pianote,challenge-part,3,100,published,2023-12-28 08:01:00,100,398747,9,Lr4Yc,NULL,NULL,Lisa Witt,NULL,https://d1923uyy6spedc.cloudfront.net/EasyChords-7-1682356525.jpg,https://d1923uyy6spedc.cloudfront.net/EasyChords-7-1682356525.jpg,NULL,NULL,Chord Shells,Add In Your Left Hand,Root To 5,Hands Together & Broken Chords,Full Chords,Wrap-Up,10,224,318,383,430,611,598,882705456,NULL
398757,day-8-putting-the-pieces-together,Day 8 - Putting The Pieces Together,pianote,challenge-part,3,100,published,2023-12-28 08:01:00,100,398747,10,jr4Yc,NULL,NULL,Lisa Witt,NULL,https://d1923uyy6spedc.cloudfront.net/EasyChords-8-1682356577.jpg,https://d1923uyy6spedc.cloudfront.net/EasyChords-8-1682356577.jpg,NULL,NULL,Root Position Triad,Adding Notes On Beat 2,Root Chord To Inversions,Simplified Chord Movements,Adding Rhythm,Wrap-Up,15,124,270,385,495,613,681,821009819,NULL
398758,day-9-time-to-get-comfortable,Day 9 - Time To Get Comfortable,pianote,challenge-part,3,100,published,2023-12-28 08:01:00,100,398747,11,Pr4Yc,NULL,NULL,Lisa Witt,NULL,https://d1923uyy6spedc.cloudfront.net/EasyChords-9-1682356637.jpg,https://d1923uyy6spedc.cloudfront.net/EasyChords-9-1682356637.jpg,NULL,NULL,Root To Octave,Adding Rhythm,Root Chord To Inversions,Broken Chords,Held Chords,Wrap-Up,15,208,237,303,363,613,658,821009947,NULL
398759,day-10-feel-good-focus,Day 10 - Feel Good Focus,pianote,challenge-part,3,100,published,2023-12-28 08:01:00,100,398747,12,9r4Yc,NULL,NULL,Lisa Witt,NULL,https://d1923uyy6spedc.cloudfront.net/EasyChords-10-1682356693.jpg,https://d1923uyy6spedc.cloudfront.net/EasyChords-10-1682356693.jpg,NULL,NULL,Warming-Up,Separating Chord Notes,Held Chords & Broken Pattern,Separating Chord Notes,Playing On Beat 2,Wrap-Up,15,48,158,257,304,611,670,821010042,NULL
398760,day-11-a-new-chord-progression,Day 11 - A New Chord Progression,pianote,challenge-part,3,100,published,2023-12-28 08:01:00,100,398747,13,Kr4Yc,NULL,NULL,Lisa Witt,NULL,https://d1923uyy6spedc.cloudfront.net/EasyChords-11-1682356812.jpg,https://d1923uyy6spedc.cloudfront.net/EasyChords-11-1682356812.jpg,NULL,NULL,Root Position,Using Inversions,Adding Rhythm,Root Notes With Finger 5,Add The 2 & 1 Finger,Wrap-Up,31,128,221,354,410,611,657,821072348,NULL
398761,day-12-dramatic-sounds,Day 12 - Dramatic Sounds,pianote,challenge-part,3,100,published,2023-12-28 08:01:00,100,398747,14,xr4Yc,NULL,NULL,Lisa Witt,NULL,https://d1923uyy6spedc.cloudfront.net/EasyChords-12-1682358658.jpg,https://d1923uyy6spedc.cloudfront.net/EasyChords-12-1682358658.jpg,NULL,NULL,Inversion Shortcuts,Adding The Left Hand,Root Notes With Finger 3,Adding Finger 5,Root Position & Inversion Shortcuts,Wrap-Up,15,158,188,231,285,611,679,821072394,NULL
398762,day-13-getting-used-to-the-shortcut-paths,Day 13 - Getting Used To The Shortcut Paths,pianote,challenge-part,3,100,published,2023-12-28 08:01:00,100,398747,15,-r4Yc,NULL,NULL,Lisa Witt,NULL,https://d1923uyy6spedc.cloudfront.net/EasyChords-13-1682358714.jpg,https://d1923uyy6spedc.cloudfront.net/EasyChords-13-1682358714.jpg,NULL,NULL,Root Notes With Finger 3,Inversion Shortcuts,Broken Chords,Adding The Left Hand,Root To Root,Wrap-Up,15,143,191,208,407,611,673,821072448,NULL
398763,day-14-the-magic-of-inversions,Day 14 - The Magic Of Inversions,pianote,challenge-part,3,100,published,2023-12-28 08:01:00,100,398747,16,Qr4Yc,NULL,NULL,Lisa Witt,NULL,https://d1923uyy6spedc.cloudfront.net/EasyChords-14-1682358781.jpg,https://d1923uyy6spedc.cloudfront.net/EasyChords-14-1682358781.jpg,NULL,NULL,Root Notes With Finger 3,Adding 2nd Inversion,Root Notes With Finger 3,Inversion Shortcut,Root Note To Chords,Wrap-Up,15,140,383,449,483,611,646,821072512,NULL
398764,day-15-minimizing-movement,Day 15 - Minimizing Movement,pianote,challenge-part,3,100,published,2023-12-28 08:01:00,100,398747,17,nr4Yc,NULL,NULL,Lisa Witt,NULL,https://d1923uyy6spedc.cloudfront.net/EasyChords-15-1682358819.jpg,https://d1923uyy6spedc.cloudfront.net/EasyChords-15-1682358819.jpg,NULL,NULL,Warming-Up,Adding Rhythm,Root Notes With Finger 3,Broken Chords,Inversion Shortcut,Wrap-Up,15,113,190,269,448,610,680,821072573,NULL
398765,day-16-refreshing-the-connections,Day 16 - Refreshing The Connections,pianote,challenge-part,3,100,published,2023-12-28 08:01:00,100,398747,18,Fr4Yc,NULL,NULL,Lisa Witt,NULL,https://d1923uyy6spedc.cloudfront.net/EasyChords-16-1682360443.jpg,https://d1923uyy6spedc.cloudfront.net/EasyChords-16-1682360443.jpg,NULL,NULL,Warming-Up,Adding Rhythm,Root Notes With Finger 3,Inversion Path,Improvisation,Wrap-Up,15,210,319,382,562,610,684,821074936,NULL
398766,day-17-confident-movements,Day 17 - Confident Movements,pianote,challenge-part,3,100,published,2023-12-28 08:01:00,100,398747,19,tr4Yc,NULL,NULL,Lisa Witt,NULL,https://d1923uyy6spedc.cloudfront.net/EasyChords-17-1682360587.jpg,https://d1923uyy6spedc.cloudfront.net/EasyChords-17-1682360587.jpg,NULL,NULL,Root Position To 1st Inversion,Root Notes With Finger 3,Adding Rhythm,Inversion Path,Broken Chords,Wrap-Up,15,191,152,350,447,610,639,821074976,NULL
398767,day-18-more-rhythmic-options,Day 18 - More Rhythmic Options,pianote,challenge-part,3,100,published,2023-12-28 08:01:00,100,398747,20,5r4Yc,NULL,NULL,Lisa Witt,NULL,https://d1923uyy6spedc.cloudfront.net/EasyChords-18-1682360638.jpg,https://d1923uyy6spedc.cloudfront.net/EasyChords-18-1682360638.jpg,NULL,NULL,Root Position To 1st Inversion,"Root, 1st Inversion, & Finger 3 Rhythm",Chord Break & Building Rhythm,Inversion Path,Broken Chords & Speed,Wrap-Up,15,142,287,398,513,610,671,821075012,NULL
398768,day-19-a-new-shortcut,Day 19 - A New Shortcut,pianote,challenge-part,3,100,published,2023-12-28 08:01:00,100,398747,21,gr4Yc,NULL,NULL,Lisa Witt,NULL,https://d1923uyy6spedc.cloudfront.net/EasyChords-19-1682360678.jpg,https://d1923uyy6spedc.cloudfront.net/EasyChords-19-1682360678.jpg,NULL,NULL,Warming-Up,Building Your Inversion Path,Back To Root Position,Playing On Beat 2 & 3,Chords & Inversion Path,Wrap-Up,15,79,192,254,496,611,730,821075068,NULL
398769,day-20-putting-it-all-together,Day 20 - Putting It All Together,pianote,challenge-part,3,100,published,2023-12-28 08:01:00,100,398747,22,Hr4Yc,NULL,NULL,Lisa Witt,NULL,https://d1923uyy6spedc.cloudfront.net/EasyChords-20-1682360713.jpg,https://d1923uyy6spedc.cloudfront.net/EasyChords-20-1682360713.jpg,NULL,NULL,Warming-Up,Inversion Path #1,Inversion Path #2,"Root, 1st Inversion, 2nd Inversion",Inversion Path,Wrap-Up,15,30,238,350,487,611,773,821075116,NULL
398774,level-1-i-v-vi-iv-chord-progression,Level 1: I-V-vi-IV Chord Progression,pianote,challenge-part,1,100,published,2023-12-28 08:01:00,100,398772,1,tbfYc,NULL,NULL,David Bennett,NULL,https://d1923uyy6spedc.cloudfront.net/5LevelsOfThe1-5-6-4-01-1701206874.jpg,https://d1923uyy6spedc.cloudfront.net/5LevelsOfThe1-5-6-4-01-1701206872.jpg,NULL,NULL,Intro,Right Hand,Add Left Hand Root,Upper Octave,Lower Octave,Outro,0,22,89,224,301,331,341,884519430,NULL
398775,level-2-i-v-vi-iv-chord-progression,Level 2: I-V-vi-IV Chord Progression,pianote,challenge-part,2,100,published,2023-12-28 08:01:00,100,398772,2,vSDYc,NULL,NULL,David Bennett,NULL,https://d1923uyy6spedc.cloudfront.net/5LevelsOfThe1-5-6-4-02-1701277911.jpg,https://d1923uyy6spedc.cloudfront.net/5LevelsOfThe1-5-6-4-02-1701277911.jpg,NULL,NULL,Introducing Inversions,Half Notes,Up An Octave,Down An Octave,Whole Notes,Outro,24,110,148,225,263,332,334,884524464,NULL
398776,level-3-i-v-vi-iv-chord-progression,Level 3: I-V-vi-IV Chord Progression,pianote,challenge-part,3,100,published,2023-12-28 08:01:00,100,398772,3,Q5VYc,NULL,NULL,David Bennett,NULL,https://d1923uyy6spedc.cloudfront.net/5LevelsOfThe1-5-6-4-03-1701208774.jpg,https://d1923uyy6spedc.cloudfront.net/5LevelsOfThe1-5-6-4-03-1701208774.jpg,NULL,NULL,Whole Notes,Half Notes,Quarter Notes,Left Hand Rhythm,Whole Note Ending,Outro,35,83,141,198,333,344,354,884558816,NULL
398777,level-4-i-v-vi-iv-chord-progression,Level 4: I-V-vi-IV Chord Progression,pianote,challenge-part,4,150,published,2023-12-28 08:01:00,150,398772,4,xpDYc,NULL,NULL,David Bennett,NULL,https://d1923uyy6spedc.cloudfront.net/5LevelsOfThe1-5-6-4-04-1701208938.jpg,https://d1923uyy6spedc.cloudfront.net/5LevelsOfThe1-5-6-4-04-1701208938.jpg,NULL,NULL,Introducing Passing Chords,Left Hand - Rhythm Increase,Octave Exploration,Right Hand - Rhythmic Pattern,Whole Notes,Outro,27,133,152,267,325,337,347,884559451,NULL
398778,level-5-i-v-vi-iv-chord-progression,Level 5: I-V-vi-IV Chord Progression,pianote,challenge-part,5,150,published,2023-12-28 08:01:00,150,398772,5,hcMYc,NULL,NULL,David Bennett,NULL,https://d1923uyy6spedc.cloudfront.net/5LevelsOfThe1-5-6-4-05-1701209052.jpg,https://d1923uyy6spedc.cloudfront.net/5LevelsOfThe1-5-6-4-05-1701209052.jpg,NULL,NULL,Intro,Alternate Left Hand Notes,Increased Rhythm,Right Hand Arpeggio,Solid Chords,Outro,0,46,113,170,209,354,371,884559881,NULL
398789,day-1,Day 1,drumeo,challenge-part,2,100,published,2023-12-28 08:01:00,100,398788,1,JwYYc,NULL,NULL,Domino Santantonio,NULL,https://d1923uyy6spedc.cloudfront.net/GhostNotes-Co-1-1695825039.jpg,https://d1923uyy6spedc.cloudfront.net/GhostNotes-Co-1-1695825039.jpg,NULL,NULL,Play Hi-Hat & Snare Drum,Add One Ghost Note,Add Two Ghost Notes,Play On The Ride,Play On The Floor Tom,Wrap-Up,120,208,294,550,635,720,714,869378719,NULL
398790,day-2,Day 2,drumeo,challenge-part,2,100,published,2023-12-28 08:01:00,100,398788,2,bwYYc,NULL,NULL,Domino Santantonio,NULL,https://d1923uyy6spedc.cloudfront.net/GhostNotes-Co-2-1695833356.jpg,https://d1923uyy6spedc.cloudfront.net/GhostNotes-Co-2-1695833356.jpg,NULL,NULL,Hi-Hat Rock Groove,Add One Ghost Note,Add Two Ghost Notes,Hi-Hat To Ride Ghost-Note Grooves,Floor Tom Ghost-Note Groove,Wrap-Up,20,105,191,276,532,617,651,869378776,NULL
398791,day-3,Day 3,drumeo,challenge-part,2,100,published,2023-12-28 08:01:00,100,398788,3,swYYc,NULL,NULL,Domino Santantonio,NULL,https://d1923uyy6spedc.cloudfront.net/GhostNotes-Co-3-1695834056.jpg,https://d1923uyy6spedc.cloudfront.net/GhostNotes-Co-3-1695834056.jpg,NULL,NULL,Hi-Hat Rock Groove,Add One Ghost Note,Add Two Ghost Notes,Hi-Hat To Ride Ghost-Note Grooves,Floor Tom Ghost-Note Groove,Wrap-Up,20,90,160,300,509,579,604,869378824,NULL
398792,day-4,Day 4,drumeo,challenge-part,2,100,published,2023-12-28 08:01:00,100,398788,4,1wYYc,NULL,NULL,Domino Santantonio,NULL,https://d1923uyy6spedc.cloudfront.net/GhostNotes-Co-4-1695836520.jpg,https://d1923uyy6spedc.cloudfront.net/GhostNotes-Co-4-1695836520.jpg,NULL,NULL,Hi-Hat Rock Groove,Add One Ghost Note,Add Two Ghost Notes,Hi-Hat To Ride Ghost-Note Grooves,Floor Tom Ghost-Note Groove,Wrap-Up,27,113,198,369,539,625,647,869378873,NULL
398793,day-5,Day 5,drumeo,challenge-part,2,100,published,2023-12-28 08:01:00,100,398788,5,dwYYc,NULL,NULL,Domino Santantonio,NULL,https://d1923uyy6spedc.cloudfront.net/GhostNotes-Co-5-1695837323.jpg,https://d1923uyy6spedc.cloudfront.net/GhostNotes-Co-5-1695837323.jpg,NULL,NULL,Hi-Hat Rock Groove,Add One Ghost Note,Add Two Ghost Notes,Hi-Hat To Ride Ghost-Note Grooves,Floor Tom Ghost-Note Groove,Wrap-Up,37,122,208,378,549,635,655,869378955,NULL
398794,day-6,Day 6,drumeo,challenge-part,2,100,published,2023-12-28 08:01:00,100,398788,6,7wYYc,NULL,NULL,Domino Santantonio,NULL,https://d1923uyy6spedc.cloudfront.net/GhostNotes-Co-6-1695838019.jpg,https://d1923uyy6spedc.cloudfront.net/GhostNotes-Co-6-1695838019.jpg,NULL,NULL,Hi-Hat Rock Groove,Add One Ghost Note,Add Two Ghost Notes,Hi-Hat To Ride Ghost-Note Grooves,Floor Tom Ghost-Note Groove,Wrap-Up,16,86,155,295,504,575,595,869379001,NULL
398795,day-7,Day 7,drumeo,challenge-part,2,100,published,2023-12-28 08:01:00,100,398788,7,WwYYc,NULL,NULL,Domino Santantonio,NULL,https://d1923uyy6spedc.cloudfront.net/GhostNotes-Co-7-1695898216.jpg,https://d1923uyy6spedc.cloudfront.net/GhostNotes-Co-7-1695898216.jpg,NULL,NULL,Floor Tom Rock Groove,Add One Ghost Note,Add Two Ghost Notes,Floor Tom Rock Groove,Floor Tom Ghost-Note Grooves,Wrap-Up,24,109,195,365,451,622,636,869379042,NULL
398796,day-8,Day 8,drumeo,challenge-part,2,100,published,2023-12-28 08:01:00,100,398788,8,BwYYc,NULL,NULL,Domino Santantonio,NULL,https://d1923uyy6spedc.cloudfront.net/GhostNotes-Co-8-1695900539.jpg,https://d1923uyy6spedc.cloudfront.net/GhostNotes-Co-8-1695900539.jpg,NULL,NULL,Floor Tom Rock Groove,Add One Ghost Note,Add Two Ghost Notes,Floor Tom Rock Groove,Floor Tom Ghost-Note Grooves,Wrap-Up,13,83,153,292,362,572,604,869379139,NULL
398797,day-9,Day 9,drumeo,challenge-part,2,100,published,2023-12-28 08:01:00,100,398788,9,ZwYYc,NULL,NULL,Domino Santantonio,NULL,https://d1923uyy6spedc.cloudfront.net/GhostNotes-Co-9-1695900996.jpg,https://d1923uyy6spedc.cloudfront.net/GhostNotes-Co-9-1695900996.jpg,NULL,NULL,Verse 1 To Chorus 1,Verse 2 To Chorus 2,Bridge 1 To Chorus 3,Verse 4 To Chorus 5,Bridge 2 To Final Chorus,Wrap-Up,26,111,196,378,763,549,572,869379191,NULL
398798,day-10,Day 10,drumeo,challenge-part,2,100,published,2023-12-28 08:01:00,100,398788,10,LwYYc,NULL,NULL,Domino Santantonio,NULL,https://d1923uyy6spedc.cloudfront.net/GhostNotes-Co-10-1695901358.jpg,https://d1923uyy6spedc.cloudfront.net/GhostNotes-Co-10-1695901358.jpg,NULL,NULL,Verse 1 To Chorus 1,Verse 2 To Bridge 1,Chorus 3 To Rest 1,Chorus 5 To Bridge 2,Bridge 2 To Final Chorus,Wrap-Up,24,128,198,347,600,671,711,869379247,NULL
398800,day-1,Day 1,drumeo,challenge-part,2,100,published,2023-12-28 08:01:00,100,398799,1,jwYYc,NULL,NULL,Domino Santantonio,NULL,https://d1923uyy6spedc.cloudfront.net/s02-1-1695856080.jpg,https://d1923uyy6spedc.cloudfront.net/s02-1-1695856080.jpg,NULL,NULL,Short Fill,Hi-Hat Groove + Short Fill,Hi-Hat + Short Fill,Ride Groove + Short Fill,Tom Groove + Short Fill,Wrap-Up,77,162,247,418,503,674,703,868503352,NULL
398801,day-2,Day 2,drumeo,challenge-part,2,100,published,2023-12-28 08:01:00,100,398799,2,PwYYc,NULL,NULL,Domino Santantonio,NULL,https://d1923uyy6spedc.cloudfront.net/s02-2-1695856195.jpg,https://d1923uyy6spedc.cloudfront.net/s02-2-1695856195.jpg,NULL,NULL,Short Fill,Hi-Hat Groove + Short Fill,Short Fill,Ride Groove + Short Fill,Tom Groove + Short Fill,Wrap-Up,18,103,274,316,487,573,609,868526256,NULL
398802,day-3,Day 3,drumeo,challenge-part,2,100,published,2023-12-28 08:01:00,100,398799,3,9wYYc,NULL,NULL,Domino Santantonio,NULL,https://d1923uyy6spedc.cloudfront.net/s02-3-1695856233.jpg,https://d1923uyy6spedc.cloudfront.net/s02-3-1695856233.jpg,NULL,NULL,Hi-Hat Groove,Hi-Hat Groove + Short Fill,Hi-Hat Groove + Short Tom Fill,Ride Groove + Fills,Tom Groove + Fills,Wrap-Up,20,90,160,229,439,579,608,868526327,NULL
398803,day-4,Day 4,drumeo,challenge-part,2,100,published,2023-12-28 08:01:00,100,398799,4,KwYYc,NULL,NULL,Domino Santantonio,NULL,https://d1923uyy6spedc.cloudfront.net/s02-4-1695856513.jpg,https://d1923uyy6spedc.cloudfront.net/s02-4-1695856513.jpg,NULL,NULL,Long Fill,Hi-Hat Groove + Long Fill,Long Fill,Ride Groove + Long Fill,Tom Groove + Long Fill,Wrap-Up,23,108,279,364,535,621,644,868526455,NULL
398804,day-5,Day 5,drumeo,challenge-part,2,100,published,2023-12-28 08:01:00,100,398799,5,xwYYc,NULL,NULL,Domino Santantonio,NULL,https://d1923uyy6spedc.cloudfront.net/s02-5-1695856472.jpg,https://d1923uyy6spedc.cloudfront.net/s02-5-1695856472.jpg,NULL,NULL,Long Fill,Hi-Hat Groove + Long Fill,Long Fill,Ride Groove + Long Fill,Tom Groove + Long Fill,Wrap-Up,13,98,269,354,525,611,643,868526572,NULL
398805,day-6,Day 6,drumeo,challenge-part,2,100,published,2023-12-28 08:01:00,100,398799,6,-wYYc,NULL,NULL,Domino Santantonio,NULL,https://d1923uyy6spedc.cloudfront.net/s02-6_2-1701456728.jpg,https://d1923uyy6spedc.cloudfront.net/s02-6_2-1701456728.jpg,NULL,NULL,Hi-Hat Groove,Hi-Hat Groove + Long Fill,Hi-Hat Groove + Long Tom Fill,Ride Groove + Fills,Tom Groove + Fills,Wrap-Up,22,92,162,231,411,582,610,868051016,NULL
398806,day-7,Day 7,drumeo,challenge-part,2,100,published,2023-12-28 08:01:00,100,398799,7,QwYYc,NULL,NULL,Domino Santantonio,NULL,https://d1923uyy6spedc.cloudfront.net/s02-7-1695856384.jpg,https://d1923uyy6spedc.cloudfront.net/s02-7-1695856384.jpg,NULL,NULL,Crash Fill,Hi-Hat Groove + Crash Fill,Crash Fill,Ride Groove + Crash Fill,Tom Groove + Crash FIll,Wrap-Up,32,118,288,374,544,631,656,868529957,NULL
398807,day-8,Day 8,drumeo,challenge-part,2,100,published,2023-12-28 08:01:00,100,398799,8,nwYYc,NULL,NULL,Domino Santantonio,NULL,https://d1923uyy6spedc.cloudfront.net/s02-8-1695856356.jpg,https://d1923uyy6spedc.cloudfront.net/s02-8-1695856356.jpg,NULL,NULL,Hi-Hat Groove,Hi-Hat To Ride + Crash FIll,Tom Groove + Crash FIll,Hi-Hat Groove + Crash Fill,Ride To Tom Groove + Crash FIll,Wrap-Up,22,91,231,371,441,581,613,868051444,NULL
398808,day-9,Day 9,drumeo,challenge-part,2,100,published,2023-12-28 08:01:00,100,398799,9,FwYYc,NULL,NULL,Domino Santantonio,NULL,https://d1923uyy6spedc.cloudfront.net/s02-9-1701456686.jpg,https://d1923uyy6spedc.cloudfront.net/s02-9-1701456686.jpg,NULL,NULL,Hi-Hat & Ride Grooves + Long Fill,Hi-Hat & Ride Grooves + Short Fill,Floor Tom & Ride Grooves + Crash Fill,Practice The Entire Song,Wrap-Up,NULL,25,113,198,283,550,NULL,578,868051685,NULL
398809,day-10,Day 10,drumeo,challenge-part,2,100,published,2023-12-28 08:01:00,100,398799,10,twYYc,NULL,NULL,Domino Santantonio,NULL,https://d1923uyy6spedc.cloudfront.net/s02-10-1695856296.jpg,https://d1923uyy6spedc.cloudfront.net/s02-10-1695856296.jpg,NULL,NULL,Hi-Hat & Ride Grooves + Snare Fills,Hi-Hat & Ride Grooves + Tom Fills,Floor Tom & Ride Grooves + Crash Fill,Practice The Entire Song,Wrap-Up,NULL,21,93,163,223,669,NULL,719,868051981,NULL
