title,brand,type,soundslice_slug,video,original_thumbnail_url,thumbnail_url,difficulty,xp,registration_url,topic,style,instructor,description,permissions,status,published_on,enrollment_start_date,enrollment_end_date,logo_image_url,header_image_url,parent,Chapter 1,Chapter 2,Chapter 3,Chapter 4,Chapter 5,Chapter 6,Video Host
10-Day Fills,drumeo,challenge,,,https://d1923uyy6spedc.cloudfront.net/Fills-PackCards-WithLogo-1695855950.jpg,https://d1923uyy6spedc.cloudfront.net/Fills-PackCards-WithLogo-1695855950.jpg,2,100,,Creativity,,Domino Santantonio,,"1,78,91,92",published,2023-12-28 08:01:00,,,https://d1923uyy6spedc.cloudfront.net/FillsLogo--1702680617.svg,https://d1923uyy6spedc.cloudfront.net/Headers-Ghost-Notes-Fills-02-1701991165.jpg,,,,,,,,
10-Day Ghost Notes,drumeo,challenge,,,https://d1923uyy6spedc.cloudfront.net/GhostNotes-PackCards_Mobile copy 4-1695855891.jpg,https://d1923uyy6spedc.cloudfront.net/GhostNotes-PackCards_Mobile copy 4-1695855891.jpg,2,100,,Grooves,,Domino Santantonio,,"1,78,91,92",published,2023-12-28 08:01:00,,,https://d1923uyy6spedc.cloudfront.net/GhostNotesLogo-1702680500.svg,https://d1923uyy6spedc.cloudfront.net/Headers-Ghost-Notes-Fills-01-1701991220.jpg,,,,,,,,
30-Day Drummer,drumeo,challenge,,,https://d1923uyy6spedc.cloudfront.net/30DayDrummer-16x9-1702425557.jpg,https://d1923uyy6spedc.cloudfront.net/30DayDrummer-16x9-1702425557.jpg,1,100,,30-Day Drummer,,Domino Santantonio,,"1,78,91,92 ,101",published,2023-12-28 08:01:00,,,https://d1923uyy6spedc.cloudfront.net/30DayDrummer-Logos-07-1702425574.svg,https://d1fyshwdvi6fth.cloudfront.net/Drumeo/carousels/c81fc533-403d-4b98-9ee0-b18bbe375cdb-Desktop.jpg,,,,,,,,
30-Day Chops,drumeo,challenge,,,https://d1923uyy6spedc.cloudfront.net/30DayChops-Banner-1683560940.jpg,https://d1923uyy6spedc.cloudfront.net/30DayChops-Banner-1683560940.jpg,5,150,https://www.musora.com/drumeo/enrollment/30-day-drummer,Grooves,,Zack Grooves,"<p>Learn to explode creatively around the drums. <em>30-Day Chops</em> will teach you the fundamentals of drum chops through consistent daily practice. By the end of the month, you'll have a new arsenal of chops to help you explode in 1, 2, and 4 bar patterns anytime the song calls for it.</p>",,published,2024-01-01 14:00:00,2023-11-22 08:00:00,2023-12-15 08:00:00,https://d1923uyy6spedc.cloudfront.net/30DayChops-Logo-1683560809.png,https://d1923uyy6spedc.cloudfront.net/30DayChops-Header-No-Logo-1683566896.jpg,,,,,,,,
Day 1,drumeo,challenge-part,jwYYc,868503352,https://d1923uyy6spedc.cloudfront.net/s02-1-1695856080.jpg,https://d1923uyy6spedc.cloudfront.net/s02-1-1695856080.jpg,2,100,,,,Domino Santantonio,,"1,78,91,92",published,2023-12-28 08:01:00,,,,,10-Day Fills,Short Fill:77,Hi-Hat Groove + Short Fill:162,Hi-Hat + Short Fill:247,Ride Groove + Short Fill:418,Tom Groove + Short Fill:503,Wrap-Up:674,Vimeo
Day 2,drumeo,challenge-part,PwYYc,868526256,https://d1923uyy6spedc.cloudfront.net/s02-2-1695856195.jpg,https://d1923uyy6spedc.cloudfront.net/s02-2-1695856195.jpg,2,100,,,,Domino Santantonio,,"1,78,91,92",published,2023-12-28 08:01:00,,,,,10-Day Fills,Short Fill:18,Hi-Hat Groove + Short Fill:103,Short Fill:274,Ride Groove + Short Fill:316,Tom Groove + Short Fill:487,Wrap-Up:573,Vimeo
Day 3,drumeo,challenge-part,9wYYc,868526327,https://d1923uyy6spedc.cloudfront.net/s02-3-1695856233.jpg,https://d1923uyy6spedc.cloudfront.net/s02-3-1695856233.jpg,2,100,,,,Domino Santantonio,,"1,78,91,92",published,2023-12-28 08:01:00,,,,,10-Day Fills,Hi-Hat Groove:20,Hi-Hat Groove + Short Fill:90,Hi-Hat Groove + Short Tom Fill:160,Ride Groove + Fills:229,Tom Groove + Fills:439,Wrap-Up:579,Vimeo
Day 4,drumeo,challenge-part,KwYYc,868526455,https://d1923uyy6spedc.cloudfront.net/s02-4-1695856513.jpg,https://d1923uyy6spedc.cloudfront.net/s02-4-1695856513.jpg,2,100,,,,Domino Santantonio,,"1,78,91,92",published,2023-12-28 08:01:00,,,,,10-Day Fills,Long Fill:23,Hi-Hat Groove + Long Fill:108,Long Fill:279,Ride Groove + Long Fill:364,Tom Groove + Long Fill:535,Wrap-Up:621,Vimeo
Day 5,drumeo,challenge-part,xwYYc,868526572,https://d1923uyy6spedc.cloudfront.net/s02-5-1695856472.jpg,https://d1923uyy6spedc.cloudfront.net/s02-5-1695856472.jpg,2,100,,,,Domino Santantonio,,"1,78,91,92",published,2023-12-28 08:01:00,,,,,10-Day Fills,Long Fill:13,Hi-Hat Groove + Long Fill:98,Long Fill:269,Ride Groove + Long Fill:354,Tom Groove + Long Fill:525,Wrap-Up:611,Vimeo
Day 6,drumeo,challenge-part,-wYYc,868051016,https://d1923uyy6spedc.cloudfront.net/s02-6_2-1701456728.jpg,https://d1923uyy6spedc.cloudfront.net/s02-6_2-1701456728.jpg,2,100,,,,Domino Santantonio,,"1,78,91,92",published,2023-12-28 08:01:00,,,,,10-Day Fills,Hi-Hat Groove:22,Hi-Hat Groove + Long Fill:92,Hi-Hat Groove + Long Tom Fill:162,Ride Groove + Fills:231,Tom Groove + Fills:411,Wrap-Up:582,Vimeo
Day 7,drumeo,challenge-part,QwYYc,868529957,https://d1923uyy6spedc.cloudfront.net/s02-7-1695856384.jpg,https://d1923uyy6spedc.cloudfront.net/s02-7-1695856384.jpg,2,100,,,,Domino Santantonio,,"1,78,91,92",published,2023-12-28 08:01:00,,,,,10-Day Fills,Crash Fill:32,Hi-Hat Groove + Crash Fill:118,Crash Fill:288,Ride Groove + Crash Fill:374,Tom Groove + Crash Fill:544,Wrap-Up:631,Vimeo
Day 8,drumeo,challenge-part,nwYYc,868051444,https://d1923uyy6spedc.cloudfront.net/s02-8-1695856356.jpg,https://d1923uyy6spedc.cloudfront.net/s02-8-1695856356.jpg,2,100,,,,Domino Santantonio,,"1,78,91,92",published,2023-12-28 08:01:00,,,,,10-Day Fills,Hi-Hat Groove:22,Hi-Hat To Ride + Crash Fill:91,Tom Groove + Crash Fill:231,Hi-Hat Groove + Crash Fill:371,Ride To Tom Groove + Crash Fill:441,Wrap-Up:581,Vimeo
Day 9,drumeo,challenge-part,FwYYc,868051685,https://d1923uyy6spedc.cloudfront.net/s02-9-1701456686.jpg,https://d1923uyy6spedc.cloudfront.net/s02-9-1701456686.jpg,2,100,,,,Domino Santantonio,,"1,78,91,92",published,2023-12-28 08:01:00,,,,,10-Day Fills,Hi-Hat & Ride Grooves + Long Fill:25,Hi-Hat & Ride Grooves + Short Fill:113,Floor Tom & Ride Grooves + Crash Fill:198,Practice The Entire Song:283,Wrap-Up:550,,Vimeo
Day 10,drumeo,challenge-part,twYYc,868051981,https://d1923uyy6spedc.cloudfront.net/s02-10-1695856296.jpg,https://d1923uyy6spedc.cloudfront.net/s02-10-1695856296.jpg,2,100,,,,Domino Santantonio,,"1,78,91,92",published,2023-12-28 08:01:00,,,,,10-Day Fills,Hi-Hat & Ride Grooves + Snare Fills:21,Hi-Hat & Ride Grooves + Tom Fills:93,Floor Tom & Ride Grooves + Crash Fill:163,Practice The Entire Song:223,Wrap-Up:669,,Vimeo
Day 1,drumeo,challenge-part,JwYYc,868051981,https://d1923uyy6spedc.cloudfront.net/GhostNotes-Co-1-1695825039.jpg,https://d1923uyy6spedc.cloudfront.net/GhostNotes-Co-1-1695825039.jpg,2,100,,,,Domino Santantonio,,"1,78,91,92",published,2023-12-28 08:01:00,,,,,10-Day Ghost Notes,Play Hi-Hat & Snare Drum:120,Add One Ghost Note:208,Add Two Ghost Notes:294,Play On The Ride:550,Play On The Floor Tom:635,Wrap-Up:720,Vimeo
Day 2,drumeo,challenge-part,bwYYc,869378776,https://d1923uyy6spedc.cloudfront.net/GhostNotes-Co-2-1695833356.jpg,https://d1923uyy6spedc.cloudfront.net/GhostNotes-Co-2-1695833356.jpg,2,100,,,,Domino Santantonio,,"1,78,91,92",published,2023-12-28 08:01:00,,,,,10-Day Ghost Notes,Hi-Hat Rock Groove:20,Add One Ghost Note:105,Add Two Ghost Notes:191,Hi-Hat To Ride Ghost-Note Grooves:276,Floor Tom Ghost-Note Groove:532,Wrap-Up:617,Vimeo
Day 3,drumeo,challenge-part,swYYc,869378824,https://d1923uyy6spedc.cloudfront.net/GhostNotes-Co-3-1695834056.jpg,https://d1923uyy6spedc.cloudfront.net/GhostNotes-Co-3-1695834056.jpg,2,100,,,,Domino Santantonio,,"1,78,91,92",published,2023-12-28 08:01:00,,,,,10-Day Ghost Notes,Hi-Hat Rock Groove:2020,Add One Ghost Note:90,Add Two Ghost Notes:160,Hi-Hat To Ride Ghost-Note Grooves:300,Floor Tom Ghost-Note Groove:509,Wrap-Up:579,Vimeo
Day 4,drumeo,challenge-part,1wYYc,869378873,https://d1923uyy6spedc.cloudfront.net/GhostNotes-Co-4-1695836520.jpg,https://d1923uyy6spedc.cloudfront.net/GhostNotes-Co-4-1695836520.jpg,2,100,,,,Domino Santantonio,,"1,78,91,92",published,2023-12-28 08:01:00,,,,,10-Day Ghost Notes,Hi-Hat Rock Groove:27,Add One Ghost Note:113,Add Two Ghost Notes:198,Hi-Hat To Ride Ghost-Note Grooves:369,Floor Tom Ghost-Note Groove:539,Wrap-Up:625,Vimeo
Day 5,drumeo,challenge-part,dwYYc,869378955,https://d1923uyy6spedc.cloudfront.net/GhostNotes-Co-5-1695837323.jpg,https://d1923uyy6spedc.cloudfront.net/GhostNotes-Co-5-1695837323.jpg,2,100,,,,Domino Santantonio,,"1,78,91,92",published,2023-12-28 08:01:00,,,,,10-Day Ghost Notes,Hi-Hat Rock Groove:37,Add One Ghost Note:122,Add Two Ghost Notes:208,Hi-Hat To Ride Ghost-Note Grooves:378,Floor Tom Ghost-Note Groove:549,Wrap-Up:635,Vimeo
Day 6,drumeo,challenge-part,7wYYc,869379001,https://d1923uyy6spedc.cloudfront.net/GhostNotes-Co-6-1695838019.jpg,https://d1923uyy6spedc.cloudfront.net/GhostNotes-Co-6-1695838019.jpg,2,100,,,,Domino Santantonio,,"1,78,91,92",published,2023-12-28 08:01:00,,,,,10-Day Ghost Notes,Hi-Hat Rock Groove:16,Add One Ghost Note:86,Add Two Ghost Notes:155,Hi-Hat To Ride Ghost-Note Grooves:295,Floor Tom Ghost-Note Groove:504,Wrap-Up:575,Vimeo
Day 7,drumeo,challenge-part,WwYYc,869379042,https://d1923uyy6spedc.cloudfront.net/GhostNotes-Co-7-1695898216.jpg,https://d1923uyy6spedc.cloudfront.net/GhostNotes-Co-7-1695898216.jpg,2,100,,,,Domino Santantonio,,"1,78,91,92",published,2023-12-28 08:01:00,,,,,10-Day Ghost Notes,Floor Tom Rock Groove:24,Add One Ghost Note:109,Add Two Ghost Notes:195,Floor Tom Rock Groove:365,Floor Tom Ghost-Note Grooves:451,Wrap-Up:622,Vimeo
Day 8,drumeo,challenge-part,BwYYc,869379139,https://d1923uyy6spedc.cloudfront.net/GhostNotes-Co-8-1695900539.jpg,https://d1923uyy6spedc.cloudfront.net/GhostNotes-Co-8-1695900539.jpg,2,100,,,,Domino Santantonio,,"1,78,91,92",published,2023-12-28 08:01:00,,,,,10-Day Ghost Notes,Floor Tom Rock Groove:13,Add One Ghost Note:83,Add Two Ghost Notes:153,Floor Tom Rock Groove:292,Floor Tom Ghost-Note Grooves:362,Wrap-Up:572,Vimeo
Day 9,drumeo,challenge-part,ZwYYc,869379191,https://d1923uyy6spedc.cloudfront.net/GhostNotes-Co-9-1695900996.jpg,https://d1923uyy6spedc.cloudfront.net/GhostNotes-Co-9-1695900996.jpg,2,100,,,,Domino Santantonio,,"1,78,91,92",published,2023-12-28 08:01:00,,,,,10-Day Ghost Notes,Verse 1 To Chorus 1:26,Verse 2 To Chorus 2:111,Bridge 1 To Chorus 3:196,Verse 4 To Chorus 5:378,Bridge 2 To Final Chorus:763,Wrap-Up:549,Vimeo
Day 10,drumeo,challenge-part,LwYYc,869379247,https://d1923uyy6spedc.cloudfront.net/GhostNotes-Co-10-1695901358.jpg,https://d1923uyy6spedc.cloudfront.net/GhostNotes-Co-10-1695901358.jpg,2,100,,,,Domino Santantonio,,"1,78,91,92",published,2023-12-28 08:01:00,,,,,10-Day Ghost Notes,Verse 1 To Chorus 1:24,Verse 2 To Bridge 1:128,Chorus 3 To Rest 1:198,Chorus 5 To Bridge 2:347,Bridge 2 To Final Chorus:600,Wrap-Up:671,Vimeo
Course Kick-Off,drumeo,challenge-part,,887785770,https://d1923uyy6spedc.cloudfront.net/KickOff-1702425169.jpg,https://d1923uyy6spedc.cloudfront.net/KickOff-1702425169.jpg,1,100,,,,Domino Santantonio,,"1,78,91,92 ,101",published,2023-12-28 08:01:00,,,,,30-Day Drummer,,,,,,,Vimeo
Acoustic Kit Setup,drumeo,challenge-part,,887785814,https://d1923uyy6spedc.cloudfront.net/KitSetupThumbs-04-1702425200.jpg,https://d1923uyy6spedc.cloudfront.net/KitSetupThumbs-04-1702425200.jpg,1,100,,,,Kyle Radomsky,,"1,78,91,92 ,101",published,2023-12-28 08:01:00,,,,,30-Day Drummer,,,,,,,Vimeo
Electronic Kit Setup,drumeo,challenge-part,,887785930,https://d1923uyy6spedc.cloudfront.net/KitSetupThumbs-02-1702425215.jpg,https://d1923uyy6spedc.cloudfront.net/KitSetupThumbs-02-1702425215.jpg,1,100,,,,Kyle Radomsky,,"1,78,91,92 ,101",published,2023-12-28 08:01:00,,,,,30-Day Drummer,,,,,,,Vimeo
Practice Pad Setup,drumeo,challenge-part,,887785994,https://d1923uyy6spedc.cloudfront.net/KitSetupThumbs-03-1702425232.jpg,https://d1923uyy6spedc.cloudfront.net/KitSetupThumbs-03-1702425232.jpg,1,100,,,,Kyle Radomsky,,"1,78,91,92 ,101",published,2023-12-28 08:01:00,,,,,30-Day Drummer,,,,,,,Vimeo
Day 1 (Your First Drum Beat - Lesson & Workout 1),drumeo,challenge-part,9K4Yc,887787268,https://d1923uyy6spedc.cloudfront.net/Day1-1702416920.jpg,https://d1923uyy6spedc.cloudfront.net/Day1-1702416920.jpg,1,100,,,,Domino Santantonio,,"1,78,91,92 ,101",published,2023-12-28 08:01:00,,,,,30-Day Drummer,Play Hi-Hat & Snare Drum:170,Play Hi-Hat & Bass Drum:341,Play The Snare & The Bass Drum:511,Hi-Hat Groove:597,Ride Groove:682,Wrap-Up:767,Vimeo
Your First Drum Beat - Workout 2,drumeo,challenge-part,KK4Yc,887787391,https://d1923uyy6spedc.cloudfront.net/Day2-1702418589.jpg,https://d1923uyy6spedc.cloudfront.net/Day2-1702418589.jpg,1,100,,,,Domino Santantonio,,"1,78,91,92 ,101",published,2023-12-28 08:01:00,,,,,30-Day Drummer,Play Hi-Hat & Snare Drum:37,Play Hi-Hat & Bass Drum:208,Hi-Hat Groove:293,Ride Groove:464,Floor Tom Groove:549,Wrap-Up:634,Vimeo
Your First Drum Beat - Workout 3,drumeo,challenge-part,xK4Yc,887787490,https://d1923uyy6spedc.cloudfront.net/Day3-1702418674.jpg,https://d1923uyy6spedc.cloudfront.net/Day3-1702418674.jpg,1,100,,,,Domino Santantonio,,"1,78,91,92 ,101",published,2023-12-28 08:01:00,,,,,30-Day Drummer,Play Hi-Hat & Snare Drum:27,Play Hi-Hat & Bass Drum:198,Hi-Hat Groove:283,Floor Tom Groove:369,Hi-Tom & Floor Tom Groove:454,Wrap-Up:625,Vimeo
Your First Drum Beat - Workout 4,drumeo,challenge-part,nK4Yc,887787563,https://d1923uyy6spedc.cloudfront.net/Day4-1702418944.jpg,https://d1923uyy6spedc.cloudfront.net/Day4-1702418944.jpg,1,100,,,,Domino Santantonio,,"1,78,91,92 ,101",published,2023-12-28 08:01:00,,,,,30-Day Drummer,Play Hi-Hat & Snare Drum:36,Hi-Hat & Bass Into Hi-Hat Groove:206,Ride Groove:377,Hi-Tom & Floor Tom Groove:462,Hi-Tom & Ride Groove:548,Wrap-Up:633,Vimeo
Your First Drum Beat - Workout 5,drumeo,challenge-part,FK4Yc,887787661,https://d1923uyy6spedc.cloudfront.net/Day5-1702419812.jpg,https://d1923uyy6spedc.cloudfront.net/Day5-1702419812.jpg,1,100,,,,Domino Santantonio,,"1,78,91,92 ,101",published,2023-12-28 08:01:00,,,,,30-Day Drummer,,,,,,,Vimeo
Doubling It Up - Lesson & Workout 1,drumeo,challenge-part,tK4Yc,887787800,https://d1923uyy6spedc.cloudfront.net/Day6-1702419895.jpg,https://d1923uyy6spedc.cloudfront.net/Day6-1702419895.jpg,1,100,,,,Domino Santantonio,,"1,78,91,92 ,101",published,2023-12-28 08:01:00,,,,,30-Day Drummer,,,,,,,Vimeo
Doubling It Up - Workout 2,drumeo,challenge-part,5K4Yc,887787896,https://d1923uyy6spedc.cloudfront.net/Day7-1702420285.jpg,https://d1923uyy6spedc.cloudfront.net/Day7-1702420285.jpg,1,100,,,,Domino Santantonio,,"1,78,91,92 ,101",published,2023-12-28 08:01:00,,,,,30-Day Drummer,,,,,,,Vimeo
Doubling It Up - Workout 3,drumeo,challenge-part,gK4Yc,887787992,https://d1923uyy6spedc.cloudfront.net/Day8-1702420353.jpg,https://d1923uyy6spedc.cloudfront.net/Day8-1702420353.jpg,1,100,,,,Domino Santantonio,,"1,78,91,92 ,101",published,2023-12-28 08:01:00,,,,,30-Day Drummer,,,,,,,Vimeo
Doubling It Up - Workout 4,drumeo,challenge-part,6K4Yc,887788071,https://d1923uyy6spedc.cloudfront.net/Day9-1702420456.jpg,https://d1923uyy6spedc.cloudfront.net/Day9-1702420456.jpg,1,100,,,,Domino Santantonio,,"1,78,91,92 ,101",published,2023-12-28 08:01:00,,,,,30-Day Drummer,,,,,,,Vimeo
Doubling It Up - Workout 5,drumeo,challenge-part,GK4Yc,887788188,https://d1923uyy6spedc.cloudfront.net/Day10-1702420947.jpg,https://d1923uyy6spedc.cloudfront.net/Day10-1702420947.jpg,1,100,,,,Domino Santantonio,,"1,78,91,92 ,101",published,2023-12-28 08:01:00,,,,,30-Day Drummer,,,,,,,Vimeo
Adding Fills & Crashes - Lesson & Workout 1,drumeo,challenge-part,rK4Yc,887788445,https://d1923uyy6spedc.cloudfront.net/Day11-1702421163.jpg,https://d1923uyy6spedc.cloudfront.net/Day11-1702421163.jpg,1,100,,,,Domino Santantonio,,"1,78,91,92 ,101",published,2023-12-28 08:01:00,,,,,30-Day Drummer,,,,,,,Vimeo
Adding Fills & Crashes - Workout 2,drumeo,challenge-part,hK4Yc,887788531,https://d1923uyy6spedc.cloudfront.net/Day12-1702421182.jpg,https://d1923uyy6spedc.cloudfront.net/Day12-1702421182.jpg,1,100,,,,Domino Santantonio,,"1,78,91,92 ,101",published,2023-12-28 08:01:00,,,,,30-Day Drummer,,,,,,,Vimeo
Adding Fills & Crashes - Workout 3,drumeo,challenge-part,mK4Yc,887788626,https://d1923uyy6spedc.cloudfront.net/Day12-1702421239.jpg,https://d1923uyy6spedc.cloudfront.net/Day12-1702421239.jpg,1,100,,,,Domino Santantonio,,"1,78,91,92 ,101",published,2023-12-28 08:01:00,,,,,30-Day Drummer,,,,,,,Vimeo
Adding Fills & Crashes - Workout 4,drumeo,challenge-part,vK4Yc,887788699,https://d1923uyy6spedc.cloudfront.net/Day14-1702424251.jpg,https://d1923uyy6spedc.cloudfront.net/Day14-1702424251.jpg,1,100,,,,Domino Santantonio,,"1,78,91,92 ,101",published,2023-12-28 08:01:00,,,,,30-Day Drummer,,,,,,,Vimeo
Adding Fills & Crashes - Workout 5,drumeo,challenge-part,SK4Yc,887788792,https://d1923uyy6spedc.cloudfront.net/Day15-1702424440.jpg,https://d1923uyy6spedc.cloudfront.net/Day15-1702424440.jpg,1,100,,,,Domino Santantonio,,"1,78,91,92 ,101",published,2023-12-28 08:01:00,,,,,30-Day Drummer,,,,,,,Vimeo
Your First Song - Lesson & Workout 1,drumeo,challenge-part,pK4Yc,887789260,https://d1923uyy6spedc.cloudfront.net/Day16-1702424680.jpg,https://d1923uyy6spedc.cloudfront.net/Day16-1702424680.jpg,1,100,,,,Domino Santantonio,,"1,78,91,92 ,101",published,2023-12-28 08:01:00,,,,,30-Day Drummer,,,,,,,Vimeo
Your First Song - Workout 2,drumeo,challenge-part,Nx4Yc,887789332,https://d1923uyy6spedc.cloudfront.net/Day17-1702424805.jpg,https://d1923uyy6spedc.cloudfront.net/Day17-1702424805.jpg,1,100,,,,Domino Santantonio,,"1,78,91,92 ,101",published,2023-12-28 08:01:00,,,,,30-Day Drummer,,,,,,,Vimeo
Your First Song - Workout 3,drumeo,challenge-part,cx4Yc,887789394,https://d1923uyy6spedc.cloudfront.net/Day18-1702424875.jpg,https://d1923uyy6spedc.cloudfront.net/Day18-1702424875.jpg,1,100,,,,Domino Santantonio,,"1,78,91,92 ,101",published,2023-12-28 08:01:00,,,,,30-Day Drummer,,,,,,,Vimeo
Your First Song - Workout 4,drumeo,challenge-part,Vx4Yc,887789466,https://d1923uyy6spedc.cloudfront.net/Day19-1702424930.jpg,https://d1923uyy6spedc.cloudfront.net/Day19-1702424930.jpg,1,100,,,,Domino Santantonio,,"1,78,91,92 ,101",published,2023-12-28 08:01:00,,,,,30-Day Drummer,,,,,,,Vimeo
Your First Song - Workout 5,drumeo,challenge-part,fx4Yc,887789522,https://d1923uyy6spedc.cloudfront.net/Day20-1702424984.jpg,https://d1923uyy6spedc.cloudfront.net/Day20-1702424984.jpg,1,100,,,,Domino Santantonio,,"1,78,91,92 ,101",published,2023-12-28 08:01:00,,,,,30-Day Drummer,,,,,,,Vimeo
Sing Better In 30 Days!,singeo,challenge,,,https://d1923uyy6spedc.cloudfront.net/BetterSingerIn30Days-CourseCards_Mobile-16x9-1701276178.jpg,https://d1923uyy6spedc.cloudfront.net/BetterSingerIn30Days-CourseCards_Mobile-16x9-1701276178.jpg,1,100,,Essentials,,Lisa Witt,,"73,90,91,92",published,2023-12-28 08:01:00,,,https://d1923uyy6spedc.cloudfront.net/BetterSingerIn30Days-CourseCards-05-1702568047.svg,https://d1923uyy6spedc.cloudfront.net/test4-1702671467.jpg,,,,,,,,
Course Kick-Off,singeo,challenge-part,,889601380,https://d1923uyy6spedc.cloudfront.net/SingBetterIn30Days-21-1701204663.jpg,https://d1923uyy6spedc.cloudfront.net/SingBetterIn30Days-21-1701204663.jpg,1,100,,,,Lisa Witt,,"1,78,91,92 ,101",published,2023-12-28 08:01:00,,,,,Sing Better In 30 Days!,,,,,,,Vimeo
Day 1 - Finding Your Breath,singeo,challenge-part,gdwYc,889602567,https://d1923uyy6spedc.cloudfront.net/SingBetterIn30Days-01-1701203424.jpg,https://d1923uyy6spedc.cloudfront.net/SingBetterIn30Days-01-1701203424.jpg,1,100,,,,Lisa Witt,,"1,78,91,92 ,101",published,2023-12-28 08:01:00,,,,,Sing Better In 30 Days!,,,,,,,Vimeo
Day 2 - The Most Important Vocal Exercises,singeo,challenge-part,6dwYc,889603297,https://d1923uyy6spedc.cloudfront.net/SingBetterIn30Days-02-1701203440.jpg,https://d1923uyy6spedc.cloudfront.net/SingBetterIn30Days-02-1701203440.jpg,1,100,,,,Lisa Witt,,"1,78,91,92 ,101",published,2023-12-28 08:01:00,,,,,Sing Better In 30 Days!,,,,,,,Vimeo
Day 3 - Breath = Power,singeo,challenge-part,hdwYc,889603452,https://d1923uyy6spedc.cloudfront.net/SingBetterIn30Days-03-1701203452.jpg,https://d1923uyy6spedc.cloudfront.net/SingBetterIn30Days-03-1701203452.jpg,1,100,,,,Lisa Witt,,"1,78,91,92 ,101",published,2023-12-28 08:01:00,,,,,Sing Better In 30 Days!,,,,,,,Vimeo
Day 4 - You Have Enough Breath,singeo,challenge-part,vdwYc,889603591,https://d1923uyy6spedc.cloudfront.net/SingBetterIn30Days-04-1701203543.jpg,https://d1923uyy6spedc.cloudfront.net/SingBetterIn30Days-04-1701203543.jpg,1,100,,,,Lisa Witt,,"1,78,91,92 ,101",published,2023-12-28 08:01:00,,,,,Sing Better In 30 Days!,,,,,,,Vimeo
Day 5 - It's All About Ease,singeo,challenge-part,SdwYc,889603937,https://d1923uyy6spedc.cloudfront.net/SingBetterIn30Days-05-1701203557.jpg,https://d1923uyy6spedc.cloudfront.net/SingBetterIn30Days-05-1701203557.jpg,1,100,,,,Lisa Witt,,"1,78,91,92 ,101",published,2023-12-28 08:01:00,,,,,Sing Better In 30 Days!,,,,,,,Vimeo
Day 6 - The Voice Is A Muscle,singeo,challenge-part,pdwYc,889604080,https://d1923uyy6spedc.cloudfront.net/SingBetterIn30Days-06-1701203772.jpg,https://d1923uyy6spedc.cloudfront.net/SingBetterIn30Days-06-1701203772.jpg,1,100,,,,Lisa Witt,,"1,78,91,92 ,101",published,2023-12-28 08:01:00,,,,,Sing Better In 30 Days!,,,,,,,Vimeo
Day 7 - Developing Strength And Flexibility,singeo,challenge-part,N7wYc,889604273,https://d1923uyy6spedc.cloudfront.net/SingBetterIn30Days-07-1701203809.jpg,https://d1923uyy6spedc.cloudfront.net/SingBetterIn30Days-07-1701203809.jpg,1,100,,,,Lisa Witt,,"1,78,91,92 ,101",published,2023-12-28 08:01:00,,,,,Sing Better In 30 Days!,,,,,,,Vimeo
Day 8 - Strength Should Feel Easy,singeo,challenge-part,f7wYc,889604506,https://d1923uyy6spedc.cloudfront.net/SingBetterIn30Days-08-1701203846.jpg,https://d1923uyy6spedc.cloudfront.net/SingBetterIn30Days-08-1701203846.jpg,1,100,,,,Lisa Witt,,"1,78,91,92 ,101",published,2023-12-28 08:01:00,,,,,Sing Better In 30 Days!,,,,,,,Vimeo
Day 9 - Let's Make Some Noise,singeo,challenge-part,k7wYc,889604717,https://d1923uyy6spedc.cloudfront.net/SingBetterIn30Days-09-1701203862.jpg,https://d1923uyy6spedc.cloudfront.net/SingBetterIn30Days-09-1701203862.jpg,1,100,,,,Lisa Witt,,"1,78,91,92 ,101",published,2023-12-28 08:01:00,,,,,Sing Better In 30 Days!,,,,,,,Vimeo
Day 10 - Unleash Your Vocal Power,singeo,challenge-part,47wYc,889605000,https://d1923uyy6spedc.cloudfront.net/SingBetterIn30Days-10-1701203892.jpg,https://d1923uyy6spedc.cloudfront.net/SingBetterIn30Days-10-1701203892.jpg,1,100,,,,Lisa Witt,,"1,78,91,92 ,101",published,2023-12-28 08:01:00,,,,,Sing Better In 30 Days!,,,,,,,Vimeo
Day 11 - The Singer's Scale,singeo,challenge-part,y7wYc,889605213,https://d1923uyy6spedc.cloudfront.net/SingBetterIn30Days-11-1701203955.jpg,https://d1923uyy6spedc.cloudfront.net/SingBetterIn30Days-11-1701203955.jpg,1,100,,,,Lisa Witt,,"1,78,91,92 ,101",published,2023-12-28 08:01:00,,,,,Sing Better In 30 Days!,,,,,,,Vimeo
Day 12 - Stylizing The Scale,singeo,challenge-part,Y7wYc,889605455,https://d1923uyy6spedc.cloudfront.net/SingBetterIn30Days-12-1701204470.jpg,https://d1923uyy6spedc.cloudfront.net/SingBetterIn30Days-12-1701204470.jpg,1,100,,,,Lisa Witt,,"1,78,91,92 ,101",published,2023-12-28 08:01:00,,,,,Sing Better In 30 Days!,,,,,,,Vimeo
Day 13 -  Introducing Lyrics,singeo,challenge-part,l7wYc,889605795,https://d1923uyy6spedc.cloudfront.net/SingBetterIn30Days-13-1701204498.jpg,https://d1923uyy6spedc.cloudfront.net/SingBetterIn30Days-13-1701204498.jpg,1,100,,,,Lisa Witt,,"1,78,91,92 ,101",published,2023-12-28 08:01:00,,,,,Sing Better In 30 Days!,,,,,,,Vimeo
Day 14 - Shape Shifting For A Better Sound,singeo,challenge-part,27wYc,889606392,https://d1923uyy6spedc.cloudfront.net/SingBetterIn30Days-14-1701204520.jpg,https://d1923uyy6spedc.cloudfront.net/SingBetterIn30Days-14-1701204520.jpg,1,100,,,,Lisa Witt,,"1,78,91,92 ,101",published,2023-12-28 08:01:00,,,,,Sing Better In 30 Days!,,,,,,,Vimeo
Day 15 - Make It Your Own,singeo,challenge-part,C7wYc,889606547,https://d1923uyy6spedc.cloudfront.net/SingBetterIn30Days-15-1701204534.jpg,https://d1923uyy6spedc.cloudfront.net/SingBetterIn30Days-15-1701204539.jpg,1,100,,,,Lisa Witt,,"1,78,91,92 ,101",published,2023-12-28 08:01:00,,,,,Sing Better In 30 Days!,,,,,,,Vimeo
Day 16 - Style Tricks,singeo,challenge-part,R7wYc,889606651,https://d1923uyy6spedc.cloudfront.net/SingBetterIn30Days-16-1701204550.jpg,https://d1923uyy6spedc.cloudfront.net/SingBetterIn30Days-16-1701204550.jpg,1,100,,,,Lisa Witt,,"1,78,91,92 ,101",published,2023-12-28 08:01:00,,,,,Sing Better In 30 Days!,,,,,,,Vimeo
Day 17 - A New Song,singeo,challenge-part,37wYc,889606993,https://d1923uyy6spedc.cloudfront.net/SingBetterIn30Days-17-1701204569.jpg,https://d1923uyy6spedc.cloudfront.net/SingBetterIn30Days-17-1701204569.jpg,1,100,,,,Lisa Witt,,"1,78,91,92 ,101",published,2023-12-28 08:01:00,,,,,Sing Better In 30 Days!,,,,,,,Vimeo
Day 18 - Nose Check,singeo,challenge-part,X7wYc,889607214,https://d1923uyy6spedc.cloudfront.net/SingBetterIn30Days-18-1701204589.jpg,https://d1923uyy6spedc.cloudfront.net/SingBetterIn30Days-18-1701204589.jpg,1,100,,,,Lisa Witt,,"1,78,91,92 ,101",published,2023-12-28 08:01:00,,,,,Sing Better In 30 Days!,,,,,,,Vimeo
Day 19 - Vocal Runs,singeo,challenge-part,q7wYc,889607392,https://d1923uyy6spedc.cloudfront.net/SingBetterIn30Days-19-1701204605.jpg,https://d1923uyy6spedc.cloudfront.net/SingBetterIn30Days-19-1701204605.jpg,1,100,,,,Lisa Witt,,"1,78,91,92 ,101",published,2023-12-28 08:01:00,,,,,Sing Better In 30 Days!,,,,,,,Vimeo
Day 20 - You Sound GOOD!,singeo,challenge-part,J7wYc,889607561,https://d1923uyy6spedc.cloudfront.net/SingBetterIn30Days-20-1701204618.jpg,https://d1923uyy6spedc.cloudfront.net/SingBetterIn30Days-20-1701204618.jpg,1,100,,,,Lisa Witt,,"1,78,91,92 ,101",published,2023-12-28 08:01:00,,,,,Sing Better In 30 Days!,,,,,,,Vimeo
