id,slug,coach_card_image,coach_bottom_banner_image,coach_top_banner_image,coach_featured_image
257517,ghost-note,https://d1923uyy6spedc.cloudfront.net/coach-cards/Ghost-Note-Portrait.jpg,https://d1923uyy6spedc.cloudfront.net/coach-cards/Ghost-Note-1920-823.jpg,https://d1923uyy6spedc.cloudfront.net/coach-cards/Ghost-Note-1920-823.jpg,https://d1923uyy6spedc.cloudfront.net/coach-cards/Ghost-Note-1920x1080.jpg
255287,aquiles-priester,https://d1923uyy6spedc.cloudfront.net/coach-cards/Aquiles-Priester-Portrait.jpg,https://d1923uyy6spedc.cloudfront.net/coach-cards/Aquiles-Priester-1920-823.jpg,https://d1923uyy6spedc.cloudfront.net/coach-cards/Aquiles-Priester-1920-823.jpg,https://d1923uyy6spedc.cloudfront.net/coach-cards/Aquiles-Priester-1920x1080.jpg
252399,horacio-hernandez,https://d1923uyy6spedc.cloudfront.net/coach-cards/Horacio-Hernandez-Portrait.jpg,https://d1923uyy6spedc.cloudfront.net/coach-cards/Horacio-Hernandez-1920x823.jpg,https://d1923uyy6spedc.cloudfront.net/coach-cards/Horacio-Hernandez-1920x823.jpg,https://d1923uyy6spedc.cloudfront.net/coach-cards/Horacio-Hernandez-1920x1080.jpg
251228,chris-coleman,https://d1923uyy6spedc.cloudfront.net/coach-cards/Chris-Coleman-Portrait.jpg,https://d1923uyy6spedc.cloudfront.net/coach-cards/Chris-Coleman-1920-823.jpg,https://d1923uyy6spedc.cloudfront.net/coach-cards/Chris-Coleman-1920-823.jpg,https://d1923uyy6spedc.cloudfront.net/coach-cards/Chris-Coleman-1920x1080.jpg
247864,alex-rudinger,https://d1923uyy6spedc.cloudfront.net/coach-cards/Alex-Rudinger-Portrait.jpg,https://d1923uyy6spedc.cloudfront.net/coach-cards/Alex-Rudinger-1920-823.jpg,https://d1923uyy6spedc.cloudfront.net/coach-cards/Alex-Rudinger-1920-823.jpg,https://d1923uyy6spedc.cloudfront.net/coach-cards/Alex-Rudinger-1920x1080.jpg
240515,steve-gadd,https://d1923uyy6spedc.cloudfront.net/coach-cards/Steve-Gadd-Portrait.jpg,https://d1923uyy6spedc.cloudfront.net/coach-cards/Steve-Gadd-1920x823.jpg,https://d1923uyy6spedc.cloudfront.net/coach-cards/Steve-Gadd-1920x823.jpg,https://d1923uyy6spedc.cloudfront.net/coach-cards/Steve-Gadd-1920x1080.jpg
239928,stephane-chamberland,https://d1923uyy6spedc.cloudfront.net/coach-cards/Stephane-Chamberland-Portrait.jpg,https://d1923uyy6spedc.cloudfront.net/coach-cards/Stephane-Chamberland-1920-823.jpg,https://d1923uyy6spedc.cloudfront.net/coach-cards/Stephane-Chamberland-1920-823.jpg,https://d1923uyy6spedc.cloudfront.net/coach-cards/Stephane-Chamberland-1920x1080.jpg
236679,aaron-gillespie,https://d1923uyy6spedc.cloudfront.net/coach-cards/Aaron-Gillespie-Portrait.jpg,https://d1923uyy6spedc.cloudfront.net/coach-cards/Aaron-Gillespie-1920x823.jpg,https://d1923uyy6spedc.cloudfront.net/coach-cards/Aaron-Gillespie-1920x823.jpg,https://d1923uyy6spedc.cloudfront.net/coach-cards/Aaron-Gillespie-1920x1080.jpg
235178,tim-proznick,https://d1923uyy6spedc.cloudfront.net/coach-cards/Tim-Proznick-Portrait.jpg,https://d1923uyy6spedc.cloudfront.net/coach-cards/Tim-Proznick-1920x823.jpg,https://d1923uyy6spedc.cloudfront.net/coach-cards/Tim-Proznick-1920x823.jpg,https://d1923uyy6spedc.cloudfront.net/coach-cards/Tim-Proznick-1920x1080.jpg
235167,david-raouf,https://d1923uyy6spedc.cloudfront.net/coach-cards/David-Raouf-Portrait.jpg,https://d1923uyy6spedc.cloudfront.net/coach-cards/David-Raouf-1920-823.jpg,https://d1923uyy6spedc.cloudfront.net/coach-cards/David-Raouf-1920-823.jpg,https://d1923uyy6spedc.cloudfront.net/coach-cards/David-Raouf-1920x1080.jpg
233797,babyboydrummer,https://d1923uyy6spedc.cloudfront.net/coach-cards/Baby-Boy-Drummer-Portrait.jpg,https://d1923uyy6spedc.cloudfront.net/coach-cards/Baby-Boy-Drummer-1920-823.jpg,https://d1923uyy6spedc.cloudfront.net/coach-cards/Baby-Boy-Drummer-1920-823.jpg,https://d1923uyy6spedc.cloudfront.net/coach-cards/Baby-Boy-Drummer-1920x1080.jpg
233364,raghav-mehrotra,https://d1923uyy6spedc.cloudfront.net/coach-cards/Raghav-Mehrotra-Portrait.jpg,https://d1923uyy6spedc.cloudfront.net/coach-cards/Raghav-Mehrotra-1920-823.jpg,https://d1923uyy6spedc.cloudfront.net/coach-cards/Raghav-Mehrotra-1920-823.jpg,https://d1923uyy6spedc.cloudfront.net/coach-cards/Raghav-Mehrotra-1920x1080.jpg
232650,gregg-bissonette,https://d1923uyy6spedc.cloudfront.net/coach-cards/Gregg-Bissonette-Portrait.jpg,https://d1923uyy6spedc.cloudfront.net/coach-cards/Gregg-Bissonette-1920-823.jpg,https://d1923uyy6spedc.cloudfront.net/coach-cards/Gregg-Bissonette-1920-823.jpg,https://d1923uyy6spedc.cloudfront.net/coach-cards/Gregg-Bissonette-1920x1080.jpg
231920,heather-thomas,https://d1923uyy6spedc.cloudfront.net/coach-cards/Heather-Thomas-Portrait.jpg,https://d1923uyy6spedc.cloudfront.net/coach-cards/Heather-Thomas-1920-823.jpg,https://d1923uyy6spedc.cloudfront.net/coach-cards/Heather-Thomas-1920-823.jpg,https://d1923uyy6spedc.cloudfront.net/coach-cards/Heather-Thomas-1920x1080.jpg
230449,gil-sharone,https://d1923uyy6spedc.cloudfront.net/coach-cards/Gil-Sharone-Portrait.jpg,https://d1923uyy6spedc.cloudfront.net/coach-cards/Gil-Sharone-1920-823.jpg,https://d1923uyy6spedc.cloudfront.net/coach-cards/Gil-Sharone-1920-823.jpg,https://d1923uyy6spedc.cloudfront.net/coach-cards/Gil_Sharone-1920x1080.jpg
225962,rashid-williams,https://d1923uyy6spedc.cloudfront.net/coach-cards/Rashid-Williams-Portrait.jpg,https://d1923uyy6spedc.cloudfront.net/coach-cards/Rashid-Williams-1920-823.jpg,https://d1923uyy6spedc.cloudfront.net/coach-cards/Rashid-Williams-1920-823.jpg,https://d1923uyy6spedc.cloudfront.net/coach-cards/Rashid-Williams-1920x1080.jpg
224273,keith-carlock,https://d1923uyy6spedc.cloudfront.net/coach-cards/Keith-Cardlock-Portrait.jpg,https://d1923uyy6spedc.cloudfront.net/coach-cards/Keith-Carlock-1920-823.jpg,https://d1923uyy6spedc.cloudfront.net/coach-cards/Keith-Carlock-1920-823.jpg,https://d1923uyy6spedc.cloudfront.net/coach-cards/Keith-Carlock-1920x1080.jpg
220967,daru-jones,https://d1923uyy6spedc.cloudfront.net/coach-cards/Daru-Jones-Portrait.jpg,https://d1923uyy6spedc.cloudfront.net/coach-cards/Daru-Jones-1920-823.jpg,https://d1923uyy6spedc.cloudfront.net/coach-cards/Daru-Jones-1920-823.jpg,https://d1923uyy6spedc.cloudfront.net/coach-cards/Daru-Jones-1920x1080.jpg
220743,david-frank,https://d1923uyy6spedc.cloudfront.net/coach-cards/David-Frank-Portrait.jpg,https://d1923uyy6spedc.cloudfront.net/coach-cards/David-Frank-1920-823.jpg,https://d1923uyy6spedc.cloudfront.net/coach-cards/David-Frank-1920-823.jpg,https://d1923uyy6spedc.cloudfront.net/coach-cards/David-Frank-1920x1080.jpg
220741,tony-coleman,https://d1923uyy6spedc.cloudfront.net/coach-cards/Tony-Coleman-Portrait.jpg,https://d1923uyy6spedc.cloudfront.net/coach-cards/Tony-Coleman-1920-823.jpg,https://d1923uyy6spedc.cloudfront.net/coach-cards/Tony-Coleman-1920-823.jpg,https://d1923uyy6spedc.cloudfront.net/coach-cards/Tony-Coleman-1920x1080.jpg
220735,marco-minneman,https://d1923uyy6spedc.cloudfront.net/coach-cards/Marco-Minnemann-Portrait.jpg,https://d1923uyy6spedc.cloudfront.net/coach-cards/Marco-Minnemann-1920-823.jpg,https://d1923uyy6spedc.cloudfront.net/coach-cards/Marco-Minnemann-1920-823.jpg,https://d1923uyy6spedc.cloudfront.net/coach-cards/Marco-Minnemann-1920x1080.jpg
215677,brian-tichy,https://d1923uyy6spedc.cloudfront.net/coach-cards/Brian-Tichy-Portrait.jpg,https://d1923uyy6spedc.cloudfront.net/coach-cards/Brian-Tichy-1920-823.jpg,https://d1923uyy6spedc.cloudfront.net/coach-cards/Brian-Tichy-1920-823.jpg,https://d1923uyy6spedc.cloudfront.net/coach-cards/Brian-Tichy-1920-1080.jpg
215078,harry-miree,https://d1923uyy6spedc.cloudfront.net/coach-cards/Harry-Miree-Portrait.jpg,https://d1923uyy6spedc.cloudfront.net/coach-cards/Harry-Miree-1920-823.jpg,https://d1923uyy6spedc.cloudfront.net/coach-cards/Harry-Miree-1920-823.jpg,https://d1923uyy6spedc.cloudfront.net/coach-cards/Harry-Miree-1920-1080.jpg
214093,stan-bicknell,https://d1923uyy6spedc.cloudfront.net/coach-cards/Stan-Bicknell-Portrait.jpg,https://d1923uyy6spedc.cloudfront.net/coach-cards/Stan-Bicknell-1920-823.jpg,https://d1923uyy6spedc.cloudfront.net/coach-cards/Stan-Bicknell-1920-823.jpg,https://d1923uyy6spedc.cloudfront.net/coach-cards/Stan-Bicknell-1920x1080.jpg
212789,mike-mangini,https://d1923uyy6spedc.cloudfront.net/coach-cards/Mike-Mangini-Portrait.jpg,https://d1923uyy6spedc.cloudfront.net/coach-cards/Mike-Mangini-1920x823.jpg,https://d1923uyy6spedc.cloudfront.net/coach-cards/Mike-Mangini-1920x823.jpg,https://d1923uyy6spedc.cloudfront.net/coach-cards/Mike-Mangini-1920x1080.jpg
212787,neil-peart,https://d1923uyy6spedc.cloudfront.net/coach-cards/Neal-Peart-Portrait.jpg,https://d1923uyy6spedc.cloudfront.net/coach-cards/Neal-Peart-1920-823.jpg,https://d1923uyy6spedc.cloudfront.net/coach-cards/Neal-Peart-1920-823.jpg,https://d1923uyy6spedc.cloudfront.net/coach-cards/Neal-Peart-1920x1080.jpg
212107,dom-famularo,https://d1923uyy6spedc.cloudfront.net/coach-cards/Dom-Famularo-Portrait.jpg,https://d1923uyy6spedc.cloudfront.net/coach-cards/Dom-Famularo-1920-823.jpg,https://d1923uyy6spedc.cloudfront.net/coach-cards/Dom-Famularo-1920-823.jpg,https://d1923uyy6spedc.cloudfront.net/coach-cards/Dom-Famularo-1920x1080.jpg
209790,camille-bigeault,https://d1923uyy6spedc.cloudfront.net/coach-cards/Camille-Bigeault-Portrait.jpg,https://d1923uyy6spedc.cloudfront.net/coach-cards/Camille-Bigeault-1920-823.jpg,https://d1923uyy6spedc.cloudfront.net/coach-cards/Camille-Bigeault-1920-823.jpg,https://d1923uyy6spedc.cloudfront.net/coach-cards/Camille-Bigeault-1920x1080.jpg
208840,joseph-mintz,https://d1923uyy6spedc.cloudfront.net/coach-cards/Joseph-Mintz-Portrait.jpg,https://d1923uyy6spedc.cloudfront.net/coach-cards/Joseph-Mintz-1920-823.jpg,https://d1923uyy6spedc.cloudfront.net/coach-cards/Joseph-Mintz-1920-823.jpg,https://d1923uyy6spedc.cloudfront.net/coach-cards/Joseph-Mintz-1920x1080.jpg
208181,dave-king,https://d1923uyy6spedc.cloudfront.net/coach-cards/Dave-King-Portrait.jpg,https://d1923uyy6spedc.cloudfront.net/coach-cards/Dave-King-1920-823.jpg,https://d1923uyy6spedc.cloudfront.net/coach-cards/Dave-King-1920-823.jpg,https://d1923uyy6spedc.cloudfront.net/coach-cards/Dave-King-1920x1080.jpg
207124,jojo-mayer,https://d1923uyy6spedc.cloudfront.net/coach-cards/Jojo-Mayer-Portrait.jpg,https://d1923uyy6spedc.cloudfront.net/coach-cards/Jojo-Mayer-1920-823.jpg,https://d1923uyy6spedc.cloudfront.net/coach-cards/Jojo-Mayer-1920-823.jpg,https://d1923uyy6spedc.cloudfront.net/coach-cards/Jojo-Mayer-1920x1080.jpg
203863,dan-wilding,https://d1923uyy6spedc.cloudfront.net/coach-cards/Dan-Wilding-Portrait.jpg,https://d1923uyy6spedc.cloudfront.net/coach-cards/Dan-Wilding-1920-823.jpg,https://d1923uyy6spedc.cloudfront.net/coach-cards/Dan-Wilding-1920-823.jpg,https://d1923uyy6spedc.cloudfront.net/coach-cards/Dan-Wilding-1920x1080.jpg
203857,russ-miller,https://d1923uyy6spedc.cloudfront.net/coach-cards/Russ-Miller-Portrait.jpg,https://d1923uyy6spedc.cloudfront.net/coach-cards/Russ-Miller-1920x823.jpg,https://d1923uyy6spedc.cloudfront.net/coach-cards/Russ-Miller-1920x823.jpg,https://d1923uyy6spedc.cloudfront.net/coach-cards/Russ-Miller-1920x1080.jpg
203172,nick-dvirgilio,https://d1923uyy6spedc.cloudfront.net/coach-cards/Nick-Dvrilio-Portrait.jpg,https://d1923uyy6spedc.cloudfront.net/coach-cards/Nick-Dvrilio-1920-823.jpg,https://d1923uyy6spedc.cloudfront.net/coach-cards/Nick-Dvrilio-1920-823.jpg,https://d1923uyy6spedc.cloudfront.net/coach-cards/Nick-Dvrilio-1920x1080.jpg
202766,harvey-mason,https://d1923uyy6spedc.cloudfront.net/coach-cards/Harvey-Mason-Portrait.jpg,https://d1923uyy6spedc.cloudfront.net/coach-cards/Harvey-Mason-1920-823.jpg,https://d1923uyy6spedc.cloudfront.net/coach-cards/Harvey-Mason-1920-823.jpg,https://d1923uyy6spedc.cloudfront.net/coach-cards/Harvey-Mason-1920x1080.jpg
202308,jonathan-moffett,https://d1923uyy6spedc.cloudfront.net/coach-cards/Johnathan-Moffett-Portrait.jpg,https://d1923uyy6spedc.cloudfront.net/coach-cards/Johnathan-Moffett-1920-823.jpg,https://d1923uyy6spedc.cloudfront.net/coach-cards/Johnathan-Moffett-1920-823.jpg,https://d1923uyy6spedc.cloudfront.net/coach-cards/Johnathan-Moffett-1920x1080.jpg
202287,sarah-thawer,https://d1923uyy6spedc.cloudfront.net/coach-cards/Sarah-Thawer-Portrait.jpg,https://d1923uyy6spedc.cloudfront.net/coach-cards/Sarah-Thawer-1920-823.jpg,https://d1923uyy6spedc.cloudfront.net/coach-cards/Sarah-Thawer-1920-823.jpg,https://d1923uyy6spedc.cloudfront.net/coach-cards/Sarah-Thawer-1920x1080.jpg
198672,senri-kawaguchi,https://d1923uyy6spedc.cloudfront.net/coach-cards/Senri-Kawaguchi-Portrait.jpg,https://d1923uyy6spedc.cloudfront.net/coach-cards/Senri-Kawaguchi-1920-823.jpg,https://d1923uyy6spedc.cloudfront.net/coach-cards/Senri-Kawaguchi-1920-823.jpg,https://d1923uyy6spedc.cloudfront.net/coach-cards/Senri-Kawaguchi-1920x1080.jpg
198474,jessica-burdeaux,https://d1923uyy6spedc.cloudfront.net/coach-cards/Jessica-Burdeaux-Portrait.jpg,https://d1923uyy6spedc.cloudfront.net/coach-cards/Jessica-Burdeaux-1920-823.jpg,https://d1923uyy6spedc.cloudfront.net/coach-cards/Jessica-Burdeaux-1920-823.jpg,https://d1923uyy6spedc.cloudfront.net/coach-cards/Jessica-Burdeaux-1920x1080.jpg
198468,steven-mcwhirter,https://d1923uyy6spedc.cloudfront.net/coach-cards/Steven-McWhirter-Portrait.jpg,https://d1923uyy6spedc.cloudfront.net/coach-cards/Steven-McWhirter-1920-823.jpg,https://d1923uyy6spedc.cloudfront.net/coach-cards/Steven-McWhirter-1920-823.jpg,https://d1923uyy6spedc.cloudfront.net/coach-cards/Steven-McWhirter-1920x1080.jpg
198105,alex-acua,https://d1923uyy6spedc.cloudfront.net/coach-cards/Alex-Acuna-Portrait.jpg,https://d1923uyy6spedc.cloudfront.net/coach-cards/Alex-Acuna-1920x823.jpg,https://d1923uyy6spedc.cloudfront.net/coach-cards/Alex-Acuna-1920x823.jpg,https://d1923uyy6spedc.cloudfront.net/coach-cards/Alex-Acuna-1920x1080.jpg
196848,jason-mcgerr,https://d1923uyy6spedc.cloudfront.net/coach-cards/Jason-McGerr-Portrait.jpg,https://d1923uyy6spedc.cloudfront.net/coach-cards/Jason-Mcgerr-1920-823.jpg,https://d1923uyy6spedc.cloudfront.net/coach-cards/Jason-Mcgerr-1920-823.jpg,https://d1923uyy6spedc.cloudfront.net/coach-cards/Jason-Mcgerr-1920x1080.jpg
196087,gene-hoglan,https://d1923uyy6spedc.cloudfront.net/coach-cards/Gene-Hoglan-Portrait.jpg,https://d1923uyy6spedc.cloudfront.net/coach-cards/Gene-Hoglan-1920-823.jpg,https://d1923uyy6spedc.cloudfront.net/coach-cards/Gene-Hoglan-1920-823.jpg,https://d1923uyy6spedc.cloudfront.net/coach-cards/Gene-Hoglan-1920x1080.jpg
195923,mark-guiliana,https://d1923uyy6spedc.cloudfront.net/coach-cards/Mark-Guiliana-Portrait.jpg,https://d1923uyy6spedc.cloudfront.net/coach-cards/Mark-Guiliana-1920-823.jpg,https://d1923uyy6spedc.cloudfront.net/coach-cards/Mark-Guiliana-1920-823.jpg,https://d1923uyy6spedc.cloudfront.net/coach-cards/Mark-Guiliana-1920x1080.jpg
191330,spencer-bowman,https://d1923uyy6spedc.cloudfront.net/coach-cards/Spencer-Bowman-Portrait.jpg,https://d1923uyy6spedc.cloudfront.net/coach-cards/Spencer-Bowman-1920x823.jpg,https://d1923uyy6spedc.cloudfront.net/coach-cards/Spencer-Bowman-1920x823.jpg,https://d1923uyy6spedc.cloudfront.net/coach-cards/Spencer-Bowman-1920x1080.jpg
191329,isaac-dumont,https://d1923uyy6spedc.cloudfront.net/coach-cards/Issac-Durmont-Portrait.jpg,https://d1923uyy6spedc.cloudfront.net/coach-cards/Issac-Durmont-1920-823.jpg,https://d1923uyy6spedc.cloudfront.net/coach-cards/Issac-Durmont-1920-823.jpg,https://d1923uyy6spedc.cloudfront.net/coach-cards/Issac-Durmont-1920x1080.jpg
191327,brandon-khoo,https://d1923uyy6spedc.cloudfront.net/coach-cards/Brandon-Khoo-Portrait.jpg,https://d1923uyy6spedc.cloudfront.net/coach-cards/Brandon-Khoo-1920-823.jpg,https://d1923uyy6spedc.cloudfront.net/coach-cards/Brandon-Khoo-1920-823.jpg,https://d1923uyy6spedc.cloudfront.net/coach-cards/Brandon-Khoo-1920-1080.jpg
190993,austin-burcham,https://d1923uyy6spedc.cloudfront.net/coach-cards/Austin-Burcham-Portrait.jpg,https://d1923uyy6spedc.cloudfront.net/coach-cards/Austin-Burcham-1920x823.jpg,https://d1923uyy6spedc.cloudfront.net/coach-cards/Austin-Burcham-1920x823.jpg,https://d1923uyy6spedc.cloudfront.net/coach-cards/Austin-Burcham-1920x1080.jpg
190814,dali-mraz,https://d1923uyy6spedc.cloudfront.net/coach-cards/Dali-Mraz-Portrait.jpg,https://d1923uyy6spedc.cloudfront.net/coach-cards/Dali-Mraz-1920-823.jpg,https://d1923uyy6spedc.cloudfront.net/coach-cards/Dali-Mraz-1920-823.jpg,https://d1923uyy6spedc.cloudfront.net/coach-cards/Dali-Mraz-1920x1080.jpg
190697,jc-bryant,https://d1923uyy6spedc.cloudfront.net/coach-cards/JC-Bryant-Portrait.jpg,https://d1923uyy6spedc.cloudfront.net/coach-cards/JC-Bryant-1920-823.jpg,https://d1923uyy6spedc.cloudfront.net/coach-cards/JC-Bryant-1920-823.jpg,https://d1923uyy6spedc.cloudfront.net/coach-cards/JC_Bryant-1920x1080.jpg
190202,rodney-holmes,https://d1923uyy6spedc.cloudfront.net/coach-cards/Rodney-Holmes-Portrait.jpg,https://d1923uyy6spedc.cloudfront.net/coach-cards/Rodney-Holmes-1920-823.jpg,https://d1923uyy6spedc.cloudfront.net/coach-cards/Rodney-Holmes-1920-823.jpg,https://d1923uyy6spedc.cloudfront.net/coach-cards/Rodney-Holmes-1920x1080.jpg
189975,nikki-glaspie,https://d1923uyy6spedc.cloudfront.net/coach-cards/Nikki-Glaspie-Portrait.jpg,https://d1923uyy6spedc.cloudfront.net/coach-cards/Nikki-Glaspie-1920x823.jpg,https://d1923uyy6spedc.cloudfront.net/coach-cards/Nikki-Glaspie-1920x823.jpg,https://d1923uyy6spedc.cloudfront.net/coach-cards/Nikki-Glaspie-1920x1080.jpg
189952,josh-dion,https://d1923uyy6spedc.cloudfront.net/coach-cards/Josh-Dion-Portrait.jpg,https://d1923uyy6spedc.cloudfront.net/coach-cards/Josh-Dion-1920-823.jpg,https://d1923uyy6spedc.cloudfront.net/coach-cards/Josh-Dion-1920-823.jpg,https://d1923uyy6spedc.cloudfront.net/coach-cards/Josh-Dion-1920x1080.jpg
189941,siemy-di,https://d1923uyy6spedc.cloudfront.net/coach-cards/Siemy-Di-Portrait.jpg,https://d1923uyy6spedc.cloudfront.net/coach-cards/Siemy-Di-1920-823.jpg,https://d1923uyy6spedc.cloudfront.net/coach-cards/Siemy-Di-1920-823.jpg,https://d1923uyy6spedc.cloudfront.net/coach-cards/Siemy-Di-1920x1080.jpg
31985,frank-briggs,https://d1923uyy6spedc.cloudfront.net/coach-cards/Frank-Briggs-Portrait.jpg,https://d1923uyy6spedc.cloudfront.net/coach-cards/Frank-Briggs-1920x823.jpg,https://d1923uyy6spedc.cloudfront.net/coach-cards/Frank-Briggs-1920x823.jpg,https://d1923uyy6spedc.cloudfront.net/coach-cards/Frank-Briggs-1920x1080.jpg
31984,jp-bouvet,https://d1923uyy6spedc.cloudfront.net/coach-cards/JP-Bouvet-Portrait.jpg,https://d1923uyy6spedc.cloudfront.net/coach-cards/JP-Bouvet-1920-823.jpg,https://d1923uyy6spedc.cloudfront.net/coach-cards/JP-Bouvet-1920-823.jpg,https://d1923uyy6spedc.cloudfront.net/coach-cards/JP-Bouvet-1920x1080.jpg
31983,gavin-harrison,https://d1923uyy6spedc.cloudfront.net/coach-cards/Gavin-Harrison-Portrait.jpg,https://d1923uyy6spedc.cloudfront.net/coach-cards/Gavin-Harrison-1920-823.jpg,https://d1923uyy6spedc.cloudfront.net/coach-cards/Gavin-Harrison-1920-823.jpg,https://d1923uyy6spedc.cloudfront.net/coach-cards/Gavin-Harrison-1920x1080.jpg
31982,matt-johnson,https://d1923uyy6spedc.cloudfront.net/coach-cards/Matt-Johnson-Portrait.jpg,https://d1923uyy6spedc.cloudfront.net/coach-cards/Matt-Johnson-1920-823.jpg,https://d1923uyy6spedc.cloudfront.net/coach-cards/Matt-Johnson-1920-823.jpg,https://d1923uyy6spedc.cloudfront.net/coach-cards/Matt-Jonson-1920x1080.jpg
31981,randy-cooke,https://d1923uyy6spedc.cloudfront.net/coach-cards/Randy-Cooke-Portrait.jpg,https://d1923uyy6spedc.cloudfront.net/coach-cards/Randy-Cooke-1920-823.jpg,https://d1923uyy6spedc.cloudfront.net/coach-cards/Randy-Cooke-1920-823.jpg,https://d1923uyy6spedc.cloudfront.net/coach-cards/Randy-Cooke-1920x1080.jpg
31979,luke-holland,https://d1923uyy6spedc.cloudfront.net/coach-cards/Luke-Holland-Portrait.jpg,https://d1923uyy6spedc.cloudfront.net/coach-cards/Luke-Holland1920-823.jpg,https://d1923uyy6spedc.cloudfront.net/coach-cards/Luke-Holland1920-823.jpg,https://d1923uyy6spedc.cloudfront.net/coach-cards/Luke-Holland-1920x1080.jpg
31977,jason-sutter,https://d1923uyy6spedc.cloudfront.net/coach-cards/Jason-Sutter-Portrait.jpg,https://d1923uyy6spedc.cloudfront.net/coach-cards/Jason-Sutter-1920-823.jpg,https://d1923uyy6spedc.cloudfront.net/coach-cards/Jason-Sutter-1920-823.jpg,https://d1923uyy6spedc.cloudfront.net/coach-cards/Jason-Sutter-1920x1080.jpg
31976,tosin-aribisala,https://d1923uyy6spedc.cloudfront.net/coach-cards/Tosin-Aribasala-Portrait.jpg,https://d1923uyy6spedc.cloudfront.net/coach-cards/Tosin-Aribasala-1920-823.jpg,https://d1923uyy6spedc.cloudfront.net/coach-cards/Tosin-Aribasala-1920-823.jpg,https://d1923uyy6spedc.cloudfront.net/coach-cards/Tosin-Aribasala-1920x1080.jpg
31974,peter-szendofi,https://d1923uyy6spedc.cloudfront.net/coach-cards/Peter-Szendofi-Portrait.jpg,https://d1923uyy6spedc.cloudfront.net/coach-cards/Peter-Szendofi-1920-823.jpg,https://d1923uyy6spedc.cloudfront.net/coach-cards/Peter-Szendofi-1920-823.jpg,https://d1923uyy6spedc.cloudfront.net/coach-cards/Peter-Szendofi-1920x1080.jpg
31972,eric-boudreault,https://d1923uyy6spedc.cloudfront.net/coach-cards/Eric-Boudreault-Portrait.jpg,https://d1923uyy6spedc.cloudfront.net/coach-cards/Eric-Boudreault-1920x823.jpg,https://d1923uyy6spedc.cloudfront.net/coach-cards/Eric-Boudreault-1920x823.jpg,https://d1923uyy6spedc.cloudfront.net/coach-cards/Eric-Boudreault-1920x1080.jpg
31971,adam-marko,https://d1923uyy6spedc.cloudfront.net/coach-cards/Adam-Marko-Portrait.jpg,https://d1923uyy6spedc.cloudfront.net/coach-cards/Adam-Marko-1920-823.jpg,https://d1923uyy6spedc.cloudfront.net/coach-cards/Adam-Marko-1920-823.jpg,https://d1923uyy6spedc.cloudfront.net/coach-cards/Adam-Marko-1920x1080.jpg
31970,derek-roddy,https://d1923uyy6spedc.cloudfront.net/coach-cards/Derek-Roddy-Portrait.jpg,https://d1923uyy6spedc.cloudfront.net/coach-cards/Derek-Roddy-1920x823.jpg,https://d1923uyy6spedc.cloudfront.net/coach-cards/Derek-Roddy-1920x823.jpg,https://d1923uyy6spedc.cloudfront.net/coach-cards/Derek-Roddy-1920x1080.jpg
31969,chip-ritter,https://d1923uyy6spedc.cloudfront.net/coach-cards/Chip-Ritter-Portrait.jpg,https://d1923uyy6spedc.cloudfront.net/coach-cards/Chip-Ritter-1920-823.jpg,https://d1923uyy6spedc.cloudfront.net/coach-cards/Chip-Ritter-1920-823.jpg,https://d1923uyy6spedc.cloudfront.net/coach-cards/Chip-Ritter-1920-1080.jpg
31968,jeff-salem,https://d1923uyy6spedc.cloudfront.net/coach-cards/Jeff-Salem-Portrait.jpg,https://d1923uyy6spedc.cloudfront.net/coach-cards/Jeff-Salem-1920-823.jpg,https://d1923uyy6spedc.cloudfront.net/coach-cards/Jeff-Salem-1920-823.jpg,https://d1923uyy6spedc.cloudfront.net/coach-cards/Jeff-Salem-1920x1080.jpg
31967,pete-lockett,https://d1923uyy6spedc.cloudfront.net/coach-cards/Pete-Lockett-Portrait.jpg,https://d1923uyy6spedc.cloudfront.net/coach-cards/Pete-Lockett-1920-823.jpg,https://d1923uyy6spedc.cloudfront.net/coach-cards/Pete-Lockett-1920-823.jpg,https://d1923uyy6spedc.cloudfront.net/coach-cards/Pete-Lockett-1920x1080.jpg
31966,david-garibaldi,https://d1923uyy6spedc.cloudfront.net/coach-cards/David-Garibaldi-Portrait.jpg,https://d1923uyy6spedc.cloudfront.net/coach-cards/David-Garibaldi-1920-823.jpg,https://d1923uyy6spedc.cloudfront.net/coach-cards/David-Garibaldi-1920-823.jpg,https://d1923uyy6spedc.cloudfront.net/coach-cards/David-Garibaldi-1920x1080.jpg
31965,claus-hessler,https://d1923uyy6spedc.cloudfront.net/coach-cards/Claus-Hessler-Portrait.jpg,https://d1923uyy6spedc.cloudfront.net/coach-cards/Claus-Hessler-1920-823.jpg,https://d1923uyy6spedc.cloudfront.net/coach-cards/Claus-Hessler-1920-823.jpg,https://d1923uyy6spedc.cloudfront.net/coach-cards/Claus-Hessler-1920x1080.jpg
31963,gulli-briem,https://d1923uyy6spedc.cloudfront.net/coach-cards/Gulli-Briem-Portrait.jpg,https://d1923uyy6spedc.cloudfront.net/coach-cards/Gulli-Briem-1920-823.jpg,https://d1923uyy6spedc.cloudfront.net/coach-cards/Gulli-Briem-1920-823.jpg,https://d1923uyy6spedc.cloudfront.net/coach-cards/Gulli-Briem-1920x1080.jpg
31962,billy-cobham,https://d1923uyy6spedc.cloudfront.net/coach-cards/Billy-Cobham-Portrait.jpg,https://d1923uyy6spedc.cloudfront.net/coach-cards/Billy-Cobham-1920-823.jpg,https://d1923uyy6spedc.cloudfront.net/coach-cards/Billy-Cobham-1920-823.jpg,https://d1923uyy6spedc.cloudfront.net/coach-cards/Billy-Cobham-1920-1080.jpg
31961,john-lamb,https://d1923uyy6spedc.cloudfront.net/coach-cards/John-Lamb-Portrait.jpg,https://d1923uyy6spedc.cloudfront.net/coach-cards/John-Lamb-1920-823.jpg,https://d1923uyy6spedc.cloudfront.net/coach-cards/John-Lamb-1920-823.jpg,https://d1923uyy6spedc.cloudfront.net/coach-cards/John-Lamb-1920x1080.jpg
31960,dave-dicenso,https://d1923uyy6spedc.cloudfront.net/coach-cards/Dave-Dicenso-Portrait.jpg,https://d1923uyy6spedc.cloudfront.net/coach-cards/Dave-Dicenso-1920-823.jpg,https://d1923uyy6spedc.cloudfront.net/coach-cards/Dave-Dicenso-1920-823.jpg,https://d1923uyy6spedc.cloudfront.net/coach-cards/Dave-Dicenso-1920x1080.jpg
31958,eric-moore,https://d1923uyy6spedc.cloudfront.net/coach-cards/Eric-Moore-Portrait.jpg,https://d1923uyy6spedc.cloudfront.net/coach-cards/Eric-Moore-1920-823.jpg,https://d1923uyy6spedc.cloudfront.net/coach-cards/Eric-Moore-1920-823.jpg,https://d1923uyy6spedc.cloudfront.net/coach-cards/Eric-Moore-1920x1080.jpg
31956,matthew-hodgins,https://d1923uyy6spedc.cloudfront.net/coach-cards/Matthew-Hodgins-Portrait.jpg,https://d1923uyy6spedc.cloudfront.net/coach-cards/Matthew-Hodgins-1920x823.jpg,https://d1923uyy6spedc.cloudfront.net/coach-cards/Matthew-Hodgins-1920x823.jpg,https://d1923uyy6spedc.cloudfront.net/coach-cards/Matthew-Hodgins-1920x1080.jpg
31955,billy-rymer,https://d1923uyy6spedc.cloudfront.net/coach-cards/Billy-Rymer-Portrait.jpg,https://d1923uyy6spedc.cloudfront.net/coach-cards/Billy-Rymer-1920-823.jpg,https://d1923uyy6spedc.cloudfront.net/coach-cards/Billy-Rymer-1920-823.jpg,https://d1923uyy6spedc.cloudfront.net/coach-cards/Billy-Rymer-1920x1080.jpg
31954,will-calhoun,https://d1923uyy6spedc.cloudfront.net/coach-cards/Will-Calhoun-Portrait.jpg,https://d1923uyy6spedc.cloudfront.net/coach-cards/Will-Calhoun-1920-823.jpg,https://d1923uyy6spedc.cloudfront.net/coach-cards/Will-Calhoun-1920-823.jpg,https://d1923uyy6spedc.cloudfront.net/coach-cards/Will-Calhoun-1920x1080.jpg
31953,danny-seraphine,https://d1923uyy6spedc.cloudfront.net/coach-cards/Danny-Seraphine-Portrait.jpg,https://d1923uyy6spedc.cloudfront.net/coach-cards/Danny-Seraphine-1920-823.jpg,https://d1923uyy6spedc.cloudfront.net/coach-cards/Danny-Seraphine-1920-823.jpg,https://d1923uyy6spedc.cloudfront.net/coach-cards/Danny-Seraphine-1920x1080.jpg
31952,brian-frasier-moore,https://d1923uyy6spedc.cloudfront.net/coach-cards/Brian-Frasier-Moore-Portrait.jpg,https://d1923uyy6spedc.cloudfront.net/coach-cards/Brian-Frasier-Moore-1920-823.jpg,https://d1923uyy6spedc.cloudfront.net/coach-cards/Brian-Frasier-Moore-1920-823.jpg,https://d1923uyy6spedc.cloudfront.net/coach-cards/Brian-Frasier-Moore-1920x1080.jpg
31951,carter-mclean,https://d1923uyy6spedc.cloudfront.net/coach-cards/Carter-McClean-Portrait.jpg,https://d1923uyy6spedc.cloudfront.net/coach-cards/Carter-Mclean-1920-823.jpg,https://d1923uyy6spedc.cloudfront.net/coach-cards/Carter-Mclean-1920-823.jpg,https://d1923uyy6spedc.cloudfront.net/coach-cards/Carter-Mclean-1920x1080.jpg
31950,gerry-brown,https://d1923uyy6spedc.cloudfront.net/coach-cards/Gerry-Brown-Portrait.jpg,https://d1923uyy6spedc.cloudfront.net/coach-cards/Gerry-Brown-1920-823.jpg,https://d1923uyy6spedc.cloudfront.net/coach-cards/Gerry-Brown-1920-823.jpg,https://d1923uyy6spedc.cloudfront.net/coach-cards/Gerry-Brown-1920x1080.jpg
31949,bernard-purdie,https://d1923uyy6spedc.cloudfront.net/coach-cards/Bernard-Purdie-Portrait.jpg,https://d1923uyy6spedc.cloudfront.net/coach-cards/Bernard-Purdie-1920-823.jpg,https://d1923uyy6spedc.cloudfront.net/coach-cards/Bernard-Purdie-1920-823.jpg,https://d1923uyy6spedc.cloudfront.net/coach-cards/Bernard-Purdie-1920x1080.jpg
31947,paul-delong,https://d1923uyy6spedc.cloudfront.net/coach-cards/Paul-Delong-Portrait.jpg,https://d1923uyy6spedc.cloudfront.net/coach-cards/Paul-Delong-1920x823.jpg,https://d1923uyy6spedc.cloudfront.net/coach-cards/Paul-Delong-1920x823.jpg,https://d1923uyy6spedc.cloudfront.net/coach-cards/Paul-Delong-1920x1080.jpg
31946,jack-duncan,https://d1923uyy6spedc.cloudfront.net/coach-cards/Jack-Duncan-Portrait.jpg,https://d1923uyy6spedc.cloudfront.net/coach-cards/Jack-Duncan-1920x823.jpg,https://d1923uyy6spedc.cloudfront.net/coach-cards/Jack-Duncan-1920x823.jpg,https://d1923uyy6spedc.cloudfront.net/coach-cards/Jack-Duncan-1920x1080.jpg
31945,ben-sesar,https://d1923uyy6spedc.cloudfront.net/coach-cards/Ben-Sesar-Portrait.jpg,https://d1923uyy6spedc.cloudfront.net/coach-cards/Ben-Sesar-1920-823.jpg,https://d1923uyy6spedc.cloudfront.net/coach-cards/Ben-Sesar-1920-823.jpg,https://d1923uyy6spedc.cloudfront.net/coach-cards/Ben-Sesar-1920x1080.jpg
31944,dafnis-prieto,https://d1923uyy6spedc.cloudfront.net/coach-cards/Dafnis-Prieto-Portrait.jpg,https://d1923uyy6spedc.cloudfront.net/coach-cards/Dafnis-Prieto-1920-823.jpg,https://d1923uyy6spedc.cloudfront.net/coach-cards/Dafnis-Prieto-1920-823.jpg,https://d1923uyy6spedc.cloudfront.net/coach-cards/Dafnis-Prieto-1920x1080.jpg
31943,flo-mounier,https://d1923uyy6spedc.cloudfront.net/coach-cards/Flo-Mounier-Portrait.jpg,https://d1923uyy6spedc.cloudfront.net/coach-cards/Flo-Mounier-1920x823.jpg,https://d1923uyy6spedc.cloudfront.net/coach-cards/Flo-Mounier-1920x823.jpg,https://d1923uyy6spedc.cloudfront.net/coach-cards/Flo-Mounier-1920x1080.jpg
31942,thomas-pridgen,https://d1923uyy6spedc.cloudfront.net/coach-cards/Thomas-Pridgeon-Portrait.jpg,https://d1923uyy6spedc.cloudfront.net/coach-cards/Thomas-Pridgeon-1920-823.jpg,https://d1923uyy6spedc.cloudfront.net/coach-cards/Thomas-Pridgeon-1920-823.jpg,https://d1923uyy6spedc.cloudfront.net/coach-cards/Thomas-Pridgeon-1920x1080.jpg
31941,steve-goold,https://d1923uyy6spedc.cloudfront.net/coach-cards/Steve-Goold-Portrait.jpg,https://d1923uyy6spedc.cloudfront.net/coach-cards/Steve-Goold-1920x823.jpg,https://d1923uyy6spedc.cloudfront.net/coach-cards/Steve-Goold-1920x823.jpg,https://d1923uyy6spedc.cloudfront.net/coach-cards/Steve-Goold-1920x1080.jpg
31939,ronn-dunnett,https://d1923uyy6spedc.cloudfront.net/coach-cards/Ronn-Dunnett-Portrait.jpg,https://d1923uyy6spedc.cloudfront.net/coach-cards/Ronn-Dunnett-1920-823.jpg,https://d1923uyy6spedc.cloudfront.net/coach-cards/Ronn-Dunnett-1920-823.jpg,https://d1923uyy6spedc.cloudfront.net/coach-cards/Ronn-Dunnett-1920x1080.jpg
31938,sonny-emory,https://d1923uyy6spedc.cloudfront.net/coach-cards/Sonny-Emory-Portrait.jpg,https://d1923uyy6spedc.cloudfront.net/coach-cards/Sonny-Emory-1920x823.jpg,https://d1923uyy6spedc.cloudfront.net/coach-cards/Sonny-Emory-1920x823.jpg,https://d1923uyy6spedc.cloudfront.net/coach-cards/Sonny-Emory-1920x1080.jpg
31937,kenny-aronoff,https://d1923uyy6spedc.cloudfront.net/coach-cards/Kenny-Aronoff-Portrait.jpg,https://d1923uyy6spedc.cloudfront.net/coach-cards/Kenny-Aronoff-1920x823.jpg,https://d1923uyy6spedc.cloudfront.net/coach-cards/Kenny-Aronoff-1920x823.jpg,https://d1923uyy6spedc.cloudfront.net/coach-cards/Kenny-Aronoff-1920x1080.jpg
31936,mark-mclean,https://d1923uyy6spedc.cloudfront.net/coach-cards/Mark-Mclean-Portrait.jpg,https://d1923uyy6spedc.cloudfront.net/coach-cards/Mark-Mclean-1920x823.jpg,https://d1923uyy6spedc.cloudfront.net/coach-cards/Mark-Mclean-1920x823.jpg,https://d1923uyy6spedc.cloudfront.net/coach-cards/Mark-Mclean-1920x1080.jpg
31934,chuck-silverman,https://d1923uyy6spedc.cloudfront.net/coach-cards/Chuck-Silverman-Portrait.jpg,https://d1923uyy6spedc.cloudfront.net/coach-cards/Chuck-Silverman-1920x823.jpg,https://d1923uyy6spedc.cloudfront.net/coach-cards/Chuck-Silverman-1920x823.jpg,https://d1923uyy6spedc.cloudfront.net/coach-cards/Chuck-Silverman-1920x1080.jpg
31933,joe-crabtree,https://d1923uyy6spedc.cloudfront.net/coach-cards/Joe-Crabtree-Portrait.jpg,https://d1923uyy6spedc.cloudfront.net/coach-cards/Joe-Crabtree-1920x823.jpg,https://d1923uyy6spedc.cloudfront.net/coach-cards/Joe-Crabtree-1920x823.jpg,https://d1923uyy6spedc.cloudfront.net/coach-cards/Joe-Crabtree-1920x1080.jpg
31932,sean-browne,https://d1923uyy6spedc.cloudfront.net/coach-cards/Sean-Browne-Portrait.jpg,https://d1923uyy6spedc.cloudfront.net/coach-cards/Sean-Browne-1920x823.jpg,https://d1923uyy6spedc.cloudfront.net/coach-cards/Sean-Browne-1920x823.jpg,https://d1923uyy6spedc.cloudfront.net/coach-cards/Sean-Browne-1920x1080.jpg
31930,kenton-wiens,https://d1923uyy6spedc.cloudfront.net/coach-cards/Kenton-Wiens-Portrait.jpg,https://d1923uyy6spedc.cloudfront.net/coach-cards/Kenton-Wiens-1920x823.jpg,https://d1923uyy6spedc.cloudfront.net/coach-cards/Kenton-Wiens-1920x823.jpg,https://d1923uyy6spedc.cloudfront.net/coach-cards/Kenton-Wiens-1920x1080.jpg
31929,stephen-taylor,https://d1923uyy6spedc.cloudfront.net/coach-cards/Stephen-Taylor-Portrait.jpg,https://d1923uyy6spedc.cloudfront.net/coach-cards/Stephen-Taylor-1920-823.jpg,https://d1923uyy6spedc.cloudfront.net/coach-cards/Stephen-Taylor-1920-823.jpg,https://d1923uyy6spedc.cloudfront.net/coach-cards/Stephen-Taylor-1920x1080.jpg
31928,stanley-randolph,https://d1923uyy6spedc.cloudfront.net/coach-cards/Stanley-Randolph-Portrait.jpg,https://d1923uyy6spedc.cloudfront.net/coach-cards/Stanley-Randolph-1920-823.jpg,https://d1923uyy6spedc.cloudfront.net/coach-cards/Stanley-Randolph-1920-823.jpg,https://d1923uyy6spedc.cloudfront.net/coach-cards/Stanley-Randolph-1920x1080.jpg
31927,cobus-potgieter,https://d1923uyy6spedc.cloudfront.net/coach-cards/Cobus-Portrait.jpg,https://d1923uyy6spedc.cloudfront.net/coach-cards/Cobus-1920x823.jpg,https://d1923uyy6spedc.cloudfront.net/coach-cards/Cobus-1920x823.jpg,https://d1923uyy6spedc.cloudfront.net/coach-cards/Cobus-1920x1080.jpg
31925,gabor-dornyei,https://d1923uyy6spedc.cloudfront.net/coach-cards/Gabor-Dornyei-Portrait.jpg,https://d1923uyy6spedc.cloudfront.net/coach-cards/Gabor-Dornyei-1920-823.jpg,https://d1923uyy6spedc.cloudfront.net/coach-cards/Gabor-Dornyei-1920-823.jpg,https://d1923uyy6spedc.cloudfront.net/coach-cards/Gabor-Dornyei-1920x1080.jpg
31924,jimmy-rainsford,https://d1923uyy6spedc.cloudfront.net/coach-cards/Jimmy-Rainsford-Portrait.jpg,https://d1923uyy6spedc.cloudfront.net/coach-cards/Jimmy-Rainsford-1920-823.jpg,https://d1923uyy6spedc.cloudfront.net/coach-cards/Jimmy-Rainsford-1920-823.jpg,https://d1923uyy6spedc.cloudfront.net/coach-cards/Jimmy-Rainsford-1920x1080.jpg
31923,gary-grace,https://d1923uyy6spedc.cloudfront.net/coach-cards/Gary-Grace-Portrait.jpg,https://d1923uyy6spedc.cloudfront.net/coach-cards/Gary-Grace-1920-823.jpg,https://d1923uyy6spedc.cloudfront.net/coach-cards/Gary-Grace-1920-823.jpg,https://d1923uyy6spedc.cloudfront.net/coach-cards/Gary-Grace-1920x1080.jpg
31921,florian-alexandru-zorn,https://d1923uyy6spedc.cloudfront.net/coach-cards/Florian-Alexandru-Zorn-Portrait.jpg,https://d1923uyy6spedc.cloudfront.net/coach-cards/Florian-Alexandru-Zorn-1920-823.jpg,https://d1923uyy6spedc.cloudfront.net/coach-cards/Florian-Alexandru-Zorn-1920-823.jpg,https://d1923uyy6spedc.cloudfront.net/coach-cards/Florian-Alexandru-Zorn-1920x1080.jpg
31920,anika-nilles,https://d1923uyy6spedc.cloudfront.net/coach-cards/Anika-Nilles-Portrait.jpg,https://d1923uyy6spedc.cloudfront.net/coach-cards/Anika-Nilles-1920-823.jpg,https://d1923uyy6spedc.cloudfront.net/coach-cards/Anika-Nilles-1920-823.jpg,https://d1923uyy6spedc.cloudfront.net/coach-cards/Anika-Nilles-1920x1080.jpg
31919,henrique-de-almeida,https://d1923uyy6spedc.cloudfront.net/coach-cards/Henrique-De-Almeida-Portrait.jpg,https://d1923uyy6spedc.cloudfront.net/coach-cards/Henrique-De-Almeida-1920-823.jpg,https://d1923uyy6spedc.cloudfront.net/coach-cards/Henrique-De-Almeida-1920-823.jpg,https://d1923uyy6spedc.cloudfront.net/coach-cards/Henrique-De-Almeida-1920x1080.jpg
31918,jason-bittner,https://d1923uyy6spedc.cloudfront.net/coach-cards/Jason-Bittner-Portrait.jpg,https://d1923uyy6spedc.cloudfront.net/coach-cards/Jason-Bittner-1920-823.jpg,https://d1923uyy6spedc.cloudfront.net/coach-cards/Jason-Bittner-1920-823.jpg,https://d1923uyy6spedc.cloudfront.net/coach-cards/Jason-Bittner-1920x1080.jpg
31917,tony-royster-jr,https://d1923uyy6spedc.cloudfront.net/coach-cards/Tony-Royster-Jr-Portrait.jpg,https://d1923uyy6spedc.cloudfront.net/coach-cards/Tony-Royster-Jr-1920-823.jpg,https://d1923uyy6spedc.cloudfront.net/coach-cards/Tony-Royster-Jr-1920-823.jpg,https://d1923uyy6spedc.cloudfront.net/coach-cards/Tony-Royster-Jr-1920x1080.jpg
31916,meytal-cohen,https://d1923uyy6spedc.cloudfront.net/coach-cards/Meytal-Cohen-Portrait.jpg,https://d1923uyy6spedc.cloudfront.net/coach-cards/Meytal-Cohen-1920x823.jpg,https://d1923uyy6spedc.cloudfront.net/coach-cards/Meytal-Cohen-1920x823.jpg,https://d1923uyy6spedc.cloudfront.net/coach-cards/Meytal-Cohen-1920x1080.jpg
31914,rich-redmond,https://d1923uyy6spedc.cloudfront.net/coach-cards/Rick-Redmond-Portrait.jpg,https://d1923uyy6spedc.cloudfront.net/coach-cards/Rich-Redmond-1920-823.jpg,https://d1923uyy6spedc.cloudfront.net/coach-cards/Rich-Redmond-1920-823.jpg,https://d1923uyy6spedc.cloudfront.net/coach-cards/Rich-Redmond-1920x1080.jpg
31913,reuben-spyker,https://d1923uyy6spedc.cloudfront.net/coach-cards/Reuben-Spyker-Portrait.jpg,https://d1923uyy6spedc.cloudfront.net/coach-cards/Reuben-Spyker-1920-823.jpg,https://d1923uyy6spedc.cloudfront.net/coach-cards/Reuben-Spyker-1920-823.jpg,https://d1923uyy6spedc.cloudfront.net/coach-cards/Reuben-Spyker-1920x1080.jpg
31912,daniel-glass,https://d1923uyy6spedc.cloudfront.net/coach-cards/Daniel-Glass-Portrait.jpg,https://d1923uyy6spedc.cloudfront.net/coach-cards/Daniel-Glass-1920-823.jpg,https://d1923uyy6spedc.cloudfront.net/coach-cards/Daniel-Glass-1920-823.jpg,https://d1923uyy6spedc.cloudfront.net/coach-cards/Daniel-Glass-1920x1080.jpg
31911,gergo-borlai,https://d1923uyy6spedc.cloudfront.net/coach-cards/Grego-Borlai-Portrait.jpg,https://d1923uyy6spedc.cloudfront.net/coach-cards/Grego-Borlai-1920-823.jpg,https://d1923uyy6spedc.cloudfront.net/coach-cards/Grego-Borlai-1920-823.jpg,https://d1923uyy6spedc.cloudfront.net/coach-cards/Grego-Borlai-1920x1080.jpg
31910,carmine-appice,https://d1923uyy6spedc.cloudfront.net/coach-cards/Carmine-Appice-Portrait.jpg,https://d1923uyy6spedc.cloudfront.net/coach-cards/Carmine-Appice-1920-823.jpg,https://d1923uyy6spedc.cloudfront.net/coach-cards/Carmine-Appice-1920-823.jpg,https://d1923uyy6spedc.cloudfront.net/coach-cards/Carmine-Appice-1920x1080.jpg
31909,adam-tuminaro,https://d1923uyy6spedc.cloudfront.net/coach-cards/Adam-Tuminaro-Portrait.jpg,https://d1923uyy6spedc.cloudfront.net/coach-cards/Adam-Tuminaro-1920-823.jpg,https://d1923uyy6spedc.cloudfront.net/coach-cards/Adam-Tuminaro-1920-823.jpg,https://d1923uyy6spedc.cloudfront.net/coach-cards/Adam-Tuminaro-1920x1080.jpg
31908,benny-greb,https://d1923uyy6spedc.cloudfront.net/coach-cards/Benny-Greb-Portrait.jpg,https://d1923uyy6spedc.cloudfront.net/coach-cards/Benny-Greb-1920-823.jpg,https://d1923uyy6spedc.cloudfront.net/coach-cards/Benny-Greb-1920-823.jpg,https://d1923uyy6spedc.cloudfront.net/coach-cards/Benny-Greb-1920x1080.jpg
31907,thomas-lang,https://d1923uyy6spedc.cloudfront.net/coach-cards/Thomas-Lang-Portrait.jpg,https://d1923uyy6spedc.cloudfront.net/coach-cards/Thomas-Lang-1920-823.jpg,https://d1923uyy6spedc.cloudfront.net/coach-cards/Thomas-Lang-1920-823.jpg,https://d1923uyy6spedc.cloudfront.net/coach-cards/Thomas-Lang-1920-1080.jpg
31906,antonio-sanchez,https://d1923uyy6spedc.cloudfront.net/coach-cards/Antonio-Sanchez-Portrait.jpg,https://d1923uyy6spedc.cloudfront.net/coach-cards/Antonio-Sanchez-1920-823.jpg,https://d1923uyy6spedc.cloudfront.net/coach-cards/Antonio-Sanchez-1920-823.jpg,https://d1923uyy6spedc.cloudfront.net/coach-cards/Antonio-Sanchez-1920x1080.jpg
31905,casey-cooper,https://d1923uyy6spedc.cloudfront.net/coach-cards/Casey-Cooper-Portrait.jpg,https://d1923uyy6spedc.cloudfront.net/coach-cards/Casey-Cooper-1920-823.jpg,https://d1923uyy6spedc.cloudfront.net/coach-cards/Casey-Cooper-1920-823.jpg,https://d1923uyy6spedc.cloudfront.net/coach-cards/Casey-Cooper-1920x1080.jpg
31904,scott-pellegrom,https://d1923uyy6spedc.cloudfront.net/coach-cards/Scott-Pellegrom-Portrait.jpg,https://d1923uyy6spedc.cloudfront.net/coach-cards/Scott-Pellegrom-1920-823.jpg,https://d1923uyy6spedc.cloudfront.net/coach-cards/Scott-Pellegrom-1920-823.jpg,https://d1923uyy6spedc.cloudfront.net/coach-cards/Scott-Pellegrom-1920x1080.jpg
31903,josh-trager,https://d1923uyy6spedc.cloudfront.net/coach-cards/Josh-Trager-Portrait.jpg,https://d1923uyy6spedc.cloudfront.net/coach-cards/Josh-Trager-1920-823.jpg,https://d1923uyy6spedc.cloudfront.net/coach-cards/Josh-Trager-1920-823.jpg,https://d1923uyy6spedc.cloudfront.net/coach-cards/Josh-Trager-1920x1080.jpg
31902,matt-garstka,https://d1923uyy6spedc.cloudfront.net/coach-cards/Matt-Garstka-Portrait.jpg,https://d1923uyy6spedc.cloudfront.net/coach-cards/Matt-Garska-1920-823.jpg,https://d1923uyy6spedc.cloudfront.net/coach-cards/Matt-Garska-1920-823.jpg,https://d1923uyy6spedc.cloudfront.net/coach-cards/Matt-Garska-1920x1080.jpg
31899,stanton-moore,https://d1923uyy6spedc.cloudfront.net/coach-cards/Stanton-Moore-Portrait.jpg,https://d1923uyy6spedc.cloudfront.net/coach-cards/Stanton-Moore-1920-823.jpg,https://d1923uyy6spedc.cloudfront.net/coach-cards/Stanton-Moore-1920-823.jpg,https://d1923uyy6spedc.cloudfront.net/coach-cards/Stanton-Moore-1920x1080.jpg
31898,peter-erskine,https://d1923uyy6spedc.cloudfront.net/coach-cards/Peter-Erskine-Portrait.jpg,https://d1923uyy6spedc.cloudfront.net/coach-cards/Peter-Erskine-1920-823.jpg,https://d1923uyy6spedc.cloudfront.net/coach-cards/Peter-Erskine-1920-823.jpg,https://d1923uyy6spedc.cloudfront.net/coach-cards/Peter-Erskine-1920x1080.jpg
31897,john-blackwell,https://d1923uyy6spedc.cloudfront.net/coach-cards/John-Blackwell-Portrait.jpg,https://d1923uyy6spedc.cloudfront.net/coach-cards/John-Blackwell-1920x823.jpg,https://d1923uyy6spedc.cloudfront.net/coach-cards/John-Blackwell-1920x823.jpg,https://d1923uyy6spedc.cloudfront.net/coach-cards/John-Blackwell-1920x1080.jpg
31894,murray-creed,https://d1923uyy6spedc.cloudfront.net/coach-cards/Murray-Creed-Portrait.jpg,https://d1923uyy6spedc.cloudfront.net/coach-cards/Murray-Creed-1920-823.jpg,https://d1923uyy6spedc.cloudfront.net/coach-cards/Murray-Creed-1920-823.jpg,https://d1923uyy6spedc.cloudfront.net/coach-cards/Murray-Creed-1920x1080.jpg
31893,ydna-murd,https://d1923uyy6spedc.cloudfront.net/coach-cards/Ydna-Murd-Portrait.jpg,https://d1923uyy6spedc.cloudfront.net/coach-cards/Ydna-Murd-1920-823.jpg,https://d1923uyy6spedc.cloudfront.net/coach-cards/Ydna-Murd-1920-823.jpg,https://d1923uyy6spedc.cloudfront.net/coach-cards/Ydna-Murd-1920x1080.jpg
31891,jay-deachman,https://d1923uyy6spedc.cloudfront.net/coach-cards/Jay-Deachman-Portrait.jpg,https://d1923uyy6spedc.cloudfront.net/coach-cards/Jay-Deachman-1920-823.jpg,https://d1923uyy6spedc.cloudfront.net/coach-cards/Jay-Deachman-1920-823.jpg,https://d1923uyy6spedc.cloudfront.net/coach-cards/Jay-Deachman-1920x1080.jpg
31890,chad-bjorgan,https://d1923uyy6spedc.cloudfront.net/coach-cards/Chad-Bjorgan-Portrait.jpg,https://d1923uyy6spedc.cloudfront.net/coach-cards/Chad-Bjorgan-1920x823.jpg,https://d1923uyy6spedc.cloudfront.net/coach-cards/Chad-Bjorgan-1920x823.jpg,https://d1923uyy6spedc.cloudfront.net/coach-cards/Chad-Bjorgan-1920x1080.jpg
31889,calum-rees,https://d1923uyy6spedc.cloudfront.net/coach-cards/Calum-Rees-Portrait.jpg,https://d1923uyy6spedc.cloudfront.net/coach-cards/Calum-Reese-1920x823.jpg,https://d1923uyy6spedc.cloudfront.net/coach-cards/Calum-Reese-1920x823.jpg,https://d1923uyy6spedc.cloudfront.net/coach-cards/Calum-Reese-1920x1080.jpg
31886,chris-warunki,https://d1923uyy6spedc.cloudfront.net/coach-cards/Chris-Warunki-Portrait.jpg,https://d1923uyy6spedc.cloudfront.net/coach-cards/Chris-Warunki-1920-823.jpg,https://d1923uyy6spedc.cloudfront.net/coach-cards/Chris-Warunki-1920-823.jpg,https://d1923uyy6spedc.cloudfront.net/coach-cards/Chris-Warunki-1920x1080.jpg
31884,sean-lang,https://d1923uyy6spedc.cloudfront.net/coach-cards/Sean-Lang-Portrait.jpg,https://d1923uyy6spedc.cloudfront.net/coach-cards/Sean-Lang-1920-823.jpg,https://d1923uyy6spedc.cloudfront.net/coach-cards/Sean-Lang-1920-823.jpg,https://d1923uyy6spedc.cloudfront.net/coach-cards/Sean-Lang-1920x1080.jpg
31883,sam-heard,https://d1923uyy6spedc.cloudfront.net/coach-cards/Sam-Heard-Portrait.jpg,https://d1923uyy6spedc.cloudfront.net/coach-cards/Sam-Heard-1920x823.jpg,https://d1923uyy6spedc.cloudfront.net/coach-cards/Sam-Heard-1920x823.jpg,https://d1923uyy6spedc.cloudfront.net/coach-cards/Sam-Heard-1920x1080.jpg
31882,jerry-adolphe,https://d1923uyy6spedc.cloudfront.net/coach-cards/Jerry-Adolphe-Portrait.jpg,https://d1923uyy6spedc.cloudfront.net/coach-cards/Jerry-Adolphe-1920x823.jpg,https://d1923uyy6spedc.cloudfront.net/coach-cards/Jerry-Adolphe-1920x823.jpg,https://d1923uyy6spedc.cloudfront.net/coach-cards/Jerry-Adolphe-1920x1080.jpg
31881,jason-kliewer,https://d1923uyy6spedc.cloudfront.net/coach-cards/Jason-Kliewer-Portrait.jpg,https://d1923uyy6spedc.cloudfront.net/coach-cards/Jason-Kliewer-1920x823.jpg,https://d1923uyy6spedc.cloudfront.net/coach-cards/Jason-Kliewer-1920x823.jpg,https://d1923uyy6spedc.cloudfront.net/coach-cards/Jason-Kliewer-1920x1080.jpg
