Name,Section/Column,Due Date,Tags,Parent task,Copyright,XP,Instructor,Style,Topic Filter,Difficulty,Asset Folder,Video ID - Workouts,Duration,SSID - Workouts,Chapter 1,Chapter 2,Chapter 3,Chapter 4,Chapter 5,Chapter 6,Thumbnail URL,Video Host,Thumbnail Name
Jazz Shuffle Beat Breakdown,January Workouts/Challenges,,,,No,150,Ulysses Owens Jr.,,Grooves,4,,881052336,670,hbRYc,Basic Ride Pattern:36,Adding Hi-Hat Foot:92,Adding Bass Drum:156,Adding Snare:228,Accenting On 2nd & 4th Beats:448,Wrap-Up:526,https://musora-web-platform.s3.amazonaws.com/workouts/drumeo/jazz-shuffle-beat-breakdown.jpg,Vimeo,jazz-shuffle-beat-breakdown.jpg
Groove Dynamics,January Workouts/Challenges,,,,No,150,Aaron Edgar,,Creativity,4,https://drive.google.com/drive/folders/1x730LLCahCcXdO1aV2NHNdAqno6wPH7X,875712091,680,bSNYc,Hi-Hat Dynamics:35,Accented Downbeat Hi-Hat:131,Accented Upbeat Hi-Hat:227,Downbeat Hi-Hat & Ghost Notes:401,Upbeat Hi-Hat & Ghost Notes:515,Wrap-Up:641,https://musora-web-platform.s3.amazonaws.com/workouts/drumeo/groove-dynamics.jpg,Vimeo,groove-dynamics.jpg
Beginner Double Bass Fills,January Workouts/Challenges,,,,No,150,Aaron Edgar,,Creativity,5,https://drive.google.com/drive/folders/1x730LLCahCcXdO1aV2NHNdAqno6wPH7X,875365770,623,B6nwc,Overview:0,Fill #1:36,Fill #2:137,Fill #3:248,Fill #4:380,Fill #5:491,https://musora-web-platform.s3.amazonaws.com/workouts/drumeo/beginner-double-bass-fills.jpg,Vimeo,beginner-double-bass-fills.jpg
Beginner Rudiment Fills,January Workouts/Challenges,,,,No,100,Aaron Edgar,,Creativity,2,https://drive.google.com/drive/folders/1x730LLCahCcXdO1aV2NHNdAqno6wPH7X,875358399,626,-ntwc,Flam Fill:27,Double-Stroke-Roll Fill:147,Single-Paradiddle Fill:267,Single-Stroke-4 Fill:375,Bucket Of Fish:506,Wrap-Up:614,https://musora-web-platform.s3.amazonaws.com/workouts/drumeo/beginner-rudiment-fills.jpg,Vimeo,beginner-rudiment-fills.jpg
Stick Control With Brushes,January Workouts/Challenges,,,,No,100,Frank Bellucci,,Creativity,3,https://drive.google.com/drive/folders/1x730LLCahCcXdO1aV2NHNdAqno6wPH7X,881043873,735,Tspwc,Single Stroke Roll Righty:28,Single Stroke Roll Lefty:220,Double Stroke Roll Righty:348,Double Stroke Roll Lefty:475,Paradiddle:573,Wrap-Up:710,https://musora-web-platform.s3.amazonaws.com/workouts/drumeo/stick-control-with-brushes.jpg,Vimeo,stick-control-with-brushes.jpg
Left Foot Independence,January Workouts/Challenges,,,,No,150,Kaz Rodriguez,,Creativity,5,https://drive.google.com/drive/folders/1x730LLCahCcXdO1aV2NHNdAqno6wPH7X,877281096,603,djmwc,Main Groove:35,Downbeat Quarter Notes:126,Upbeat Quarter Notes:215,Eighth Notes:337,Hi-Hat Foot Splash:464,Wrap-Up:560,https://musora-web-platform.s3.amazonaws.com/workouts/drumeo/left-foot-independence.jpg,Vimeo,left-foot-independence.jpg
16th Note Accent Grid,January Workouts/Challenges,,,,No,150,Kaz Rodriguez,,Creativity,4,https://drive.google.com/drive/folders/1x730LLCahCcXdO1aV2NHNdAqno6wPH7X?usp=drive_link,877254757,427,jCCYc,Intro:0,Main Pattern:26,Adding Bass Drum:78,Adding Hi-Hat Foot:131,Adding Hi-Hat Foot Splash:288,Wrap-Up:393,https://musora-web-platform.s3.amazonaws.com/workouts/drumeo/16th-note-accent-grid.jpg,Vimeo,16th-note-accent-grid.jpg
Around The Kit With Brushes,January Workouts/Challenges,,,,No,100,Frank Bellucci,,Creativity,2,https://drive.google.com/drive/folders/1x730LLCahCcXdO1aV2NHNdAqno6wPH7X,881057729,1291,n3CYc,Main Brush Beat:18,One-Bar Long 16th Note Fills:128,Two-Bar Long 16th Note Fills:328,Applying Dynamics:630,Counting Bars:860,Wrap-Up:1262,https://musora-web-platform.s3.amazonaws.com/workouts/drumeo/around-the-kit-with-brushes.jpg,Vimeo,around-the-kit-with-brushes.jpg
Jazz Swing Beat Foundations,January Workouts/Challenges,,,,No,100,Ulysses Owens Jr.,Jazz,Essentials,1,https://drive.google.com/drive/folders/1x730LLCahCcXdO1aV2NHNdAqno6wPH7X,881050521,668,TGyYc,Intro:0,Ride Beat Foundations:22,Ride Swing Beat:304,Adding Foot Hi-Hat:406,Adding Bass Drum:530,Wrap-Up:615,https://musora-web-platform.s3.amazonaws.com/workouts/drumeo/jazz-swing-beat-foundations.jpg,Vimeo,jazz-swing-beat-foundations.jpg
Linear Grooves,January Workouts/Challenges,,,,No,150,Aaron Edgar,,Grooves,6,https://drive.google.com/drive/folders/1x730LLCahCcXdO1aV2NHNdAqno6wPH7X,883378815,598,LKkYc,Main Linear Groove:21,Adding Bass Drum:122,Adding Ghost Note:224,Adding Extra Hi-Hat:314,Combination:422,Wrap-Up:580,https://musora-web-platform.s3.amazonaws.com/workouts/drumeo/linear-grooves.jpg,Vimeo,linear-grooves.jpg
Beginner Paradiddles,January Workouts/Challenges,,Dave Atkinson,,No,100,Dave Atkinson,,Creativity,2,https://drive.google.com/drive/folders/1x730LLCahCcXdO1aV2NHNdAqno6wPH7X,880199726,645,vmrwc,Warm-Up:35,Paradiddle On The Snare Drum:75,Paradiddle On The Drum-Set:253,Paradiddle Groove - Slow:324,Paradiddle Groove - Fast:511,Wrap-Up:600,https://musora-web-platform.s3.amazonaws.com/workouts/drumeo/beginner-paradiddles.jpg,Vimeo,beginner-paradiddles.jpg
Introduction To Double Bass,January Workouts/Challenges,,,,No,100,Aaron Edgar,,Essentials,3,https://drive.google.com/drive/folders/1x730LLCahCcXdO1aV2NHNdAqno6wPH7X,875735970,620,1H6wc,Pattern #1:22,Patterns #2-3:76,Pattern #4:211,Patterns #5-6:277,Pattern #7:442,Pattern #8:523,https://musora-web-platform.s3.amazonaws.com/workouts/drumeo/introduction-to-double-bass.jpg,Vimeo,introduction-to-double-bass.jpg
Paradiddle Chops,January Workouts/Challenges,2023-10-31,,,No,150,Zack Grooves,,Creativity,4,https://drive.google.com/drive/folders/1x730LLCahCcXdO1aV2NHNdAqno6wPH7X,880195162,300,2VcYc,Intro:0,One-Beat Phrase Chops:22,Two-Beat Phrase Chops:77,Combining With Doubles On Hi-Hat:187,Combining With Doubles On Ride & Hi-Hat:241,Wrap-Up:296,https://musora-web-platform.s3.amazonaws.com/workouts/drumeo/paradiddle-chops.jpg,Vimeo,paradiddle-chops.jpg
Four-On-The-Floor Variations,January Workouts/Challenges,,,,No,100,Aaron Edgar,,Grooves,2,https://drive.google.com/drive/folders/1x730LLCahCcXdO1aV2NHNdAqno6wPH7X,875736697,380,zmrwc,Intro:0,Upbeat Closed Hi-Hat:15,Upbeat Ride Bell:137,Upbeat Open Hi-Hat:261,Wrap-Up:368,,https://d1923uyy6spedc.cloudfront.net/Four-On-The-Floor-Variations-1703005153.jpg,Vimeo,fouronthefloor-variations.jpg
Stick Control - Page 1,January Workouts/Challenges,,,,No,100,Heather Thomas,,Practice Pad,3,https://drive.google.com/drive/folders/1x730LLCahCcXdO1aV2NHNdAqno6wPH7X,881048810,1603,PK2Yc,Singles:50,Doubles:177,Paradiddles:305,Three & Four On-A-Hand:560,Mixing It Up:879,Wrap-Up:1580,https://musora-web-platform.s3.amazonaws.com/workouts/drumeo/stick-control-page-1.jpg,Vimeo,stick-control-page-1.jpg
Intermediate Pad Warm-Up,January Workouts/Challenges,,,,No,150,Emmanuelle Caplette,,Practice Pad,4,https://drive.google.com/drive/folders/1x730LLCahCcXdO1aV2NHNdAqno6wPH7X,878832784,366,vnqYc,Single Strokes:43,Double Strokes:100,Singles With Diddles:148,Accents And Diddles:225,Paradiddle Variations:254,Wrap-Up:343,https://musora-web-platform.s3.amazonaws.com/workouts/drumeo/intermediate-pad-warmup.jpg,Vimeo,intermediate-pad-warmup.jpg
Beginner Dynamics,January Workouts/Challenges,,,,No,100,Aaron Edgar,,Essentials,2,https://drive.google.com/drive/folders/1x730LLCahCcXdO1aV2NHNdAqno6wPH7X,875712184,679,mgDYc,Quiet & Loud Hand Dynamics:29,Quiet & Loud Foot Dynamics:149,Dynamics Between Both Hands:269,Dynamics Between Hand & Foot:395,Crescendoing & Decrescendoing:515,Wrap-Up:659,https://musora-web-platform.s3.amazonaws.com/workouts/drumeo/beginner-dynamics.jpg,Vimeo,beginner-dynamics.jpg
Beginner Pad Warm-Up,January Workouts/Challenges,,,,No,100,Emmanuelle Caplette,,Practice Pad,3,https://drive.google.com/drive/folders/1x730LLCahCcXdO1aV2NHNdAqno6wPH7X,878832669,363,9FqYc,8th Notes:41,16th Notes:89,Double Strokes:149,Accents:269,Wrap-Up:344,,https://musora-web-platform.s3.amazonaws.com/workouts/drumeo/beginner-pad-warmup.jpg,Vimeo,beginner-pad-warmup.jpg
Hand Technique For Grooves,January Workouts/Challenges,2023-11-24,,,No,150,Bruce Becker,,Grooves,5,https://drive.google.com/drive/folders/1x730LLCahCcXdO1aV2NHNdAqno6wPH7X,884874438,698,DhyYc,8th Note Hi-Hats Using French Grip:22,8th Note Hi-Hats Using German Grip:73,16th Note Hi-Hats Using German Grip:124,16th Note Hi-Hats Using French Grip:176,16th Note Hi-Hats Using Push/Pull Technique:227,Wrap-Up:681,https://musora-web-platform.s3.amazonaws.com/workouts/drumeo/hand-technique-for-grooves.jpg,Vimeo,hand-technique-for-grooves.jpg
Bass Drum Endurance,January Workouts/Challenges,2023-11-24,,,No,100,Brandon Toews,,Essentials,2,https://drive.google.com/drive/folders/1x730LLCahCcXdO1aV2NHNdAqno6wPH7X,887416872,348,VGyYc,Intro:0,Quarter Notes:26,8th Notes:57,16th Notes:115,Wrap-Up:321,,https://musora-web-platform.s3.amazonaws.com/workouts/drumeo/bass-drum-endurance.jpg,Vimeo,bass-drum-endurance.jpg
Double Bass Endurance,January Workouts/Challenges,2023-11-24,,,No,150,Travis Regnier,,Essentials,5,https://drive.google.com/drive/folders/1x730LLCahCcXdO1aV2NHNdAqno6wPH7X,887416064,304,8cyYc,Intro:0,Right Foot:8,Left Foot:86,Both Feet - 8th Notes:159,Both Feet - 16th Notes:233,Wrap-Up:290,https://musora-web-platform.s3.amazonaws.com/workouts/drumeo/double-bass-endurance.jpg,Vimeo,double-bass-endurance.jpg
Quarter Note Brush Sweeping,January Workouts/Challenges,2023-11-24,,,No,100,Frank Bellucci,,Essentials,3,https://drive.google.com/drive/folders/1x730LLCahCcXdO1aV2NHNdAqno6wPH7X,886579375,618,9GCYc,Intro:0,Both Hands Sweeping:18,Right Hand Sweeping:83,Left Hand Sweeping:131,Combining Both Hands:158,Wrap-Up:594,https://musora-web-platform.s3.amazonaws.com/workouts/drumeo/quarter-note-brush-sweeping.jpg,Vimeo,quarter-note-brush-sweeping.jpg
Dirk's Metal Warm-Up,January Workouts/Challenges,2023-11-24,,,No,200,Dirk Verbeuren,,Creativity,8,https://drive.google.com/drive/folders/1x730LLCahCcXdO1aV2NHNdAqno6wPH7X,882283295,344,gqpwc,Single Stroke Roll For Hands:29,Blast Beat:77,Single Stroke Roll For Hands & Feet:125,Sextuplet:192,Sextuplet & 32nd Notes:240,Wrap-Up:305,https://musora-web-platform.s3.amazonaws.com/workouts/drumeo/dirks-metal-warmup.jpg,Vimeo,dirks-metal-warmup.jpg
Weak Hand Warm-Up,January Workouts/Challenges,2023-11-24,,,No,100,Brandon Toews,,Practice Pad,2,https://drive.google.com/drive/folders/1x730LLCahCcXdO1aV2NHNdAqno6wPH7X,887416485,617,fR4Yc,Intro:0,8th Notes Alternative Hands:34,8th & 16th Notes Alternative Hands:130,8th Notes Weaker Hand:252,16th Notes Weaker Hand:367,Wrap-Up:617,https://musora-web-platform.s3.amazonaws.com/workouts/drumeo/weak-hand-warmup.jpg,Vimeo,weak-hand-warmup.jpg
Beginner Rock Beats,January Workouts/Challenges,2023-11-24,,,No,100,Brandon Toews,,Grooves,3,https://drive.google.com/drive/folders/1x730LLCahCcXdO1aV2NHNdAqno6wPH7X,887362823,1829,DMYYc,Quarter Note Beats:34,8th Note Beats:386,Quarter & 8th Note Beat:1103,16th Note Beats:1224,8th & 16th Note Beat:1691,Wrap-Up:1794,https://musora-web-platform.s3.amazonaws.com/workouts/drumeo/beginner-rock-beats.jpg,Vimeo,beginner-rock-beats.jpg
Bass Drum Double Strokes,January Workouts/Challenges,2023-11-24,,,No,150,Brandon Toews,,Creativity,4,https://drive.google.com/drive/folders/1x730LLCahCcXdO1aV2NHNdAqno6wPH7X,887361938,629,yj4Yc,"Doubles On ""1e, 2e, 3e, And 4e"":85","Doubles On ""e&"":157","Doubles On ""&ah"":277","Doubles On ""ah1, ah2, ah3, And ah4"":401",Combination:541,Wrap-Up:629,https://musora-web-platform.s3.amazonaws.com/workouts/drumeo/bass-drum-double-strokes.jpg,Vimeo,bass-drum-double-strokes.jpg
Introduction To Cross-Stick,January Workouts/Challenges,2023-11-24,,,No,100,Brandon Toews,,Essentials,2,https://drive.google.com/drive/folders/1x730LLCahCcXdO1aV2NHNdAqno6wPH7X,887420897,736,mbwYc,Basic Cross-Stick:106,Adding Hi-Hat:220,Adding Bass Drum:346,Quarter Note Cross-Stick With Hi-Hat:460,Quarter Note Cross-Stick With Ride:574,Wrap-Up:682,https://musora-web-platform.s3.amazonaws.com/workouts/drumeo/introduction-to-crossstick.jpg,Vimeo,introduction-to-crossstick.jpg
Bass Drum Techniques,January Workouts/Challenges,2023-11-24,,,No,100,Brandon Toews,,Essentials,1,https://drive.google.com/drive/folders/1x730LLCahCcXdO1aV2NHNdAqno6wPH7X,887357781,685,H1wYc,Heel Up Technique:58,Heel Down Technique:154,Heel Up Technique With Hi-Hat:274,Heel Down Technique With Hi-Hat:412,Combination:544,Wrap-Up:646,https://musora-web-platform.s3.amazonaws.com/workouts/drumeo/bass-drum-techniques.jpg,Vimeo,bass-drum-techniques.jpg
The Money Beat,January Workouts/Challenges,2023-11-24,,,No,100,Brandon Toews,,Essentials,1,https://drive.google.com/drive/folders/1x730LLCahCcXdO1aV2NHNdAqno6wPH7X,887362310,652,GY4Yc,Intro:0,Quarter Note Hi-Hat & Snare:44,Quarter Note Hi-Hat & Bass Drum:152,Quarter Note Money Beat:276,8th Note Money Beat:392,Wrap-Up:632,https://musora-web-platform.s3.amazonaws.com/workouts/drumeo/the-money-beat.jpg,Vimeo,the-money-beat.jpg
Billie Jean Groove Discipline,January Workouts/Challenges,2023-11-24,,,No,100,Jonathan Moffett,,Grooves,3,https://drive.google.com/drive/folders/1x730LLCahCcXdO1aV2NHNdAqno6wPH7X,888802169,458,FY4Yc,Intro:0,Main Groove:82,Wrap-Up:437,,,,https://musora-web-platform.s3.amazonaws.com/workouts/drumeo/billie-jean-groove-discipline.jpg,Vimeo,billie-jean-groove-discipline.jpg
Jazz Swing Brush Foundations,January Workouts/Challenges,2023-11-24,,,No,100,Ulysses Owens Jr.,Jazz,Essentials,2,https://drive.google.com/drive/folders/1x730LLCahCcXdO1aV2NHNdAqno6wPH7X,887412497,1266,RmyYc,Intro:0,Clockwise & Counterclockwise Patterns:38,Ballad Pattern:421,Brush Patterns With Hi-Hat Foot:570,Brush Patterns With Bass Drum:888,Wrap-Up:1187,https://musora-web-platform.s3.amazonaws.com/workouts/drumeo/jazz-swing-brush-foundations.jpg,Vimeo,jazz-swing-brush-foundations.jpg
Jazz Comping Foundations,January Workouts/Challenges,2023-11-24,,,No,150,Ulysses Owens Jr.,Jazz,Creativity,5,https://drive.google.com/drive/folders/1x730LLCahCcXdO1aV2NHNdAqno6wPH7X,881055150,1951,QKSwc,Downbeat Comping:80,Upbeat Comping:219,Triplet Comping:456,Snare & Bass Drum Comping #1:959,Snare & Bass Drum Comping #2:1178,Wrap-Up:1351,https://musora-web-platform.s3.amazonaws.com/workouts/drumeo/jazz-comping-foundations.jpg,Vimeo,jazz-comping-foundations.jpg
RLL Sticking Pattern,January Workouts/Challenges,2023-11-24,,,No,100,JP Bouvet,,Creativity,2,https://drive.google.com/drive/folders/1x730LLCahCcXdO1aV2NHNdAqno6wPH7X,886614432,751,FLwYc,On The Snare Drum:45,Around The Toms:204,Adding The Crash:285,Playing Ghosted Accents:401,Improvise Over Trading 4s & 8s:540,Wrap-Up:715,https://musora-web-platform.s3.amazonaws.com/workouts/drumeo/rll-sticking-pattern.jpg,Vimeo,rll-sticking-pattern.jpg
Six Stroke Roll Variations,January Workouts/Challenges,2023-11-24,,,No,150,JP Bouvet,,Creativity,4,https://drive.google.com/drive/folders/1x730LLCahCcXdO1aV2NHNdAqno6wPH7X,886615360,666,kq2Yc,Accents On Snare And Toms:56,Accents On Crash And Kick:368,Fill With Singles:560,Wrap-Up:632,,,https://musora-web-platform.s3.amazonaws.com/workouts/drumeo/six-stroke-roll-variations.jpg,Vimeo,six-stroke-roll-variations.jpg
Triplet Combinations,January Workouts/Challenges,2023-11-24,,,No,150,JP Bouvet,,Creativity,6,https://drive.google.com/drive/folders/1x730LLCahCcXdO1aV2NHNdAqno6wPH7X,886615974,769,PzlYc,On The Snare Drum:86,Around The Toms:233,New Pattern On Snare:333,New Pattern Around The Toms:475,Adding Singles:575,Wrap-Up:694,https://musora-web-platform.s3.amazonaws.com/workouts/drumeo/triplet-combinations.jpg,Vimeo,triplet-combinations.jpg
Intermediate Independence Challenge,January Workouts/Challenges,2023-10-31,,,No,150,Thomas Lang,,Creativity,7,https://drive.google.com/drive/folders/1x730LLCahCcXdO1aV2NHNdAqno6wPH7X,887407260,1631,wNlYc,Quarter Note Hi-Hat Foot:42,8th Note Single Stroke Roll:192,8th Note Paradiddle:646,16th Note Single Stroke Roll:968,16th Note Paradiddle:1321,Wrap-Up:1587,https://musora-web-platform.s3.amazonaws.com/workouts/drumeo/intermediate-independence-challenge.jpg,Vimeo,intermediate-independence-challenge.jpg
Weak Side Builder,January Workouts/Challenges,2023-11-24,,,No,150,Brandon Toews,,Creativity,4,https://drive.google.com/drive/folders/1x730LLCahCcXdO1aV2NHNdAqno6wPH7X,887417231,632,9w4Yc,Intro:0,Lead Hand Quarter Note:32,Lead Hand 8th Note:211,Lead Hand 16th Note:384,Wrap-Up:602,,https://musora-web-platform.s3.amazonaws.com/workouts/drumeo/weak-side-builder.jpg,Vimeo,weak-side-builder.jpg
Left Hand Jazz Comping,January Workouts/Challenges,2023-10-31,,,No,150,Bruce Becker,,Creativity,7,https://drive.google.com/drive/folders/1x730LLCahCcXdO1aV2NHNdAqno6wPH7X,886574762,587,MtkYc,Intro:0,Quarter Note Triplets:35,8th Note Triplets:121,Ted Reed Syncopation Exercises:304,Around Drum-Set:433,Wrap-Up:558,https://musora-web-platform.s3.amazonaws.com/workouts/drumeo/left-hand-jazz-comping.jpg,Vimeo,left-hand-jazz-comping.jpg
Intermediate Blast Beats,January Workouts/Challenges,2023-10-31,,,No,150,Travis Regnier,,Grooves,6,https://drive.google.com/drive/folders/1x730LLCahCcXdO1aV2NHNdAqno6wPH7X,884873987,633,xSDYc,Quarter Note Hyper Blast:13,8th Note Hyper Blast:125,16th Note Economy Blast:237,16th Note Uni-Blast:357,16th Note Bomb Blast:477,Wrap-Up:605,https://musora-web-platform.s3.amazonaws.com/workouts/drumeo/intermediate-blast-beats.jpg,Vimeo,intermediate-blast-beats.jpg
Doubles Chops,January Workouts/Challenges,2023-10-31,,,No,150,Zack Grooves,,Creativity,4,https://drive.google.com/drive/folders/1x730LLCahCcXdO1aV2NHNdAqno6wPH7X,887478361,294,jy4Yc,Intro:0,On Hi-Hat & Snare:11,On Hi-Hat & Around Toms:65,On Ride:175,On The Ride Bell:230,Wrap-Up:285,https://musora-web-platform.s3.amazonaws.com/workouts/drumeo/doubles-chops.jpg,Vimeo,doubles-chops.jpg
Introduction To Brushes,January Workouts/Challenges,2023-10-31,,,No,100,Frank Bellucci,,Essentials,2,https://drive.google.com/drive/folders/1x730LLCahCcXdO1aV2NHNdAqno6wPH7X,886569452,675,kl4Yc,Intro:0,Single Strokes:14,Single-Stroke Sweeps:130,Double Strokes:498,Double-Stroke Sweeps:546,Wrap-Up:634,https://musora-web-platform.s3.amazonaws.com/workouts/drumeo/introduction-to-brushes.jpg,Vimeo,introduction-to-brushes.jpg
The Half-Time Shuffle,January Workouts/Challenges,2023-11-24,,,No,150,Brandon Toews,,Grooves,4,https://drive.google.com/drive/folders/1x730LLCahCcXdO1aV2NHNdAqno6wPH7X,889997237,564,yc2Yc,Quarter Notes:49,Basic Shuffle:127,Ghost Note On 1st Beat:195,Ghost Note On 2nd Beat:294,Ghost Note On 4th Beat:383,Wrap-Up:534,https://musora-web-platform.s3.amazonaws.com/workouts/drumeo/the-halftime-shuffle.jpg,Vimeo,the-halftime-shuffle.jpg
Bossa Nova Build-Up,January Workouts/Challenges,2023-11-24,,,No,100,Brandon Toews,Latin/World,Grooves,2,https://drive.google.com/drive/folders/1x730LLCahCcXdO1aV2NHNdAqno6wPH7X,889997458,581,kV2Yc,Intro:0,Bass Drum Pattern:91,First Bar Build-Up:162,Second Bar Build-Up:369,Final Beat:430,Wrap-Up:531,https://musora-web-platform.s3.amazonaws.com/workouts/drumeo/bossa-nova-buildup.jpg,Vimeo,bossa-nova-buildup.jpg
Fills In 6/8,January Workouts/Challenges,2023-11-24,,,No,150,Brandon Toews,,Creativity,4,https://drive.google.com/drive/folders/1x730LLCahCcXdO1aV2NHNdAqno6wPH7X,889997783,622,JM2Yc,Intro:0,Snare & Bass Drum:62,Snare & Toms:168,Snare & Crash Cymbals:283,Triplet Fills:408,Wrap-Up:484,https://musora-web-platform.s3.amazonaws.com/workouts/drumeo/fills-in-68.jpg,Vimeo,fills-in-68.jpg
Grooves In 7/8,January Workouts/Challenges,2023-11-24,,,No,150,Brandon Toews,,Grooves,5,https://drive.google.com/drive/folders/1x730LLCahCcXdO1aV2NHNdAqno6wPH7X,889998066,591,SYRYc,Groove 1:23,Groove 2:130,Groove 3:245,Groove 4:349,Grove 5:452,Wrap-Up:567,https://musora-web-platform.s3.amazonaws.com/workouts/drumeo/grooves-in-78.jpg,Vimeo,grooves-in-78.jpg
Shuffle Variations,January Workouts/Challenges,2023-10-31,,,No,150,Brandon Toews,,Creativity,4,https://drive.google.com/drive/folders/1x730LLCahCcXdO1aV2NHNdAqno6wPH7X,889998326,590,L52Yc,Intro:0,Basic Shuffle Beat:62,Upbeat Ghost Notes:134,Upbeat & Downbeat Ghost Notes:356,Unison Shuffle Beat:472,Wrap-Up:561,https://musora-web-platform.s3.amazonaws.com/workouts/drumeo/shuffle-variations.jpg,Vimeo,shuffle-variations.jpg
Shuffle Build-Up,January Workouts/Challenges,2023-10-31,,,No,150,Brandon Toews,,Grooves,4,https://drive.google.com/drive/folders/1x730LLCahCcXdO1aV2NHNdAqno6wPH7X,889998559,597,mYCYc,Quarter Note Beat:48,Basic Shuffle Beat:126,Adding Hi-Hat Foot:234,Adding Ghost Notes On 1st & 3rd Beat:366,Adding Ghost Notes On 2nd & 4th Beat:462,Wrap-Up:570,https://musora-web-platform.s3.amazonaws.com/workouts/drumeo/shuffle-buildup.jpg,Vimeo,shuffle-buildup.jpg
Pat Boone Debby Boone Variations,January Workouts/Challenges,2023-11-24,,,No,100,Brandon Toews,,Creativity,2,https://drive.google.com/drive/folders/1x730LLCahCcXdO1aV2NHNdAqno6wPH7X,889998801,669,pGRYc,Basic Fill:50,New Orchestration:153,Adding Crashes:255,Adding A Flam:396,Around The Toms:511,Wrap-Up:639,https://musora-web-platform.s3.amazonaws.com/workouts/drumeo/pat-boone-debby-boone-variations.jpg,Vimeo,pat-boone-debby-boone-variations.jpg
Introduction To 7/8,January Workouts/Challenges,2023-11-24,,,No,100,Brandon Toews,,Creativity,3,https://drive.google.com/drive/folders/1x730LLCahCcXdO1aV2NHNdAqno6wPH7X,889999054,559,5BCYc,On The Hi-Hats:38,Adding The Snare:91,Adding The Kick Drum:179,New Pattern:276,Snare On Beat 6:407,Wrap-Up:535,https://musora-web-platform.s3.amazonaws.com/workouts/drumeo/introduction-to-78.jpg,Vimeo,introduction-to-78.jpg
Introduction To 6/8,January Workouts/Challenges,2023-11-24,,,No,100,Brandon Toews,,Essentials,2,https://drive.google.com/drive/folders/1x730LLCahCcXdO1aV2NHNdAqno6wPH7X,889999317,640,4tqYc,8th Note Pulse:41,Add Snare Beat 4:136,Add Kick Beat 1:243,Add Kick Beat 6:376,Add 16th Notes:509,Wrap-Up:610,https://musora-web-platform.s3.amazonaws.com/workouts/drumeo/introduction-to-68.jpg,Vimeo,introduction-to-68.jpg
