id,type,title,Genre,Essentials-1,Essentials-2,Theory-1,Theory-2,Creativity-1,Creativity-2,Lifestyle-1,Lifestyle-2
191338,play-along,John Q. Guitar,,,,,,,,,
191340,play-along,Chicago Dog,,,,,,,,,
191341,play-along,Blueberries,,,,,,,,,
191342,play-along,Minor Education,,,,,,,,,
191343,play-along,No Foolin',,,,,,,,,
191344,play-along,Running Red Lights,,,,,,,,,
191345,play-along,Dorian's Picture,,,,,,,,,
191346,course,Understanding Your Instrument,,,,,,,,,
191347,course,Changing Chords Smoothly,,,,,,Chords,,,
191348,course,Diagrams & Reading Basics,,,,,Tab & Notation,,,,
191349,course,Making Chords Sound Clean,,,,,,Chords,,,
191350,play-along,Confectionery,,,,,,,,,
191351,course,Building Dexterity,,,Speed & Stamina,,,,,,
191352,course,Changing Guitar Strings,,,,,,,,,Gigging Tips & Gear
191353,course,How To Tune A Guitar,,,,,,,,,Gigging Tips & Gear
191354,course,Playing Your First Solo,,Picking,,,,Licks,,,
191355,course,A Guide To Guitar Gear,,,,,,,,,Gigging Tips & Gear
191356,play-along,Crying Friend,Pop/Rock,,,,Scales & Modes,Licks,Chords,,
191357,play-along,Dr. B,Pop/Rock,,,,Scales & Modes,Licks,,,
191358,play-along,Gray Station,,,,,,,,,
191359,play-along,Misty Blues,,,,,,,,,
191360,play-along,Sparrow,,,,,,,,,
191361,course,Playing Your First Song,,Picking,,,,Chords,,,
191362,course,Floatin' Down The River,,Picking,,,,Chords,,,
191363,play-along,Resonate,,,,,,,,,
191364,play-along,End Of The Day,,,,,,,,,
191366,play-along,Don't Sweat It,Funk/Disco,Timing & Groove,,,,Chords,,,
191367,play-along,Heads Up,,,,,,,,,
191368,play-along,Heads Up,,,,,,,,,
191370,play-along,Jukebox,,,,,,,,,
191371,play-along,Heartbreak Avenue,,,,,,,,,
191372,play-along,Afterall,Pop/Rock,Picking,,,,Chords,,,
191373,play-along,Mountains,Pop/Rock,Picking,,,,Chords,,,
191374,play-along,Afterlife,,,,,,,,,
191376,play-along,Crazy Times,,,,,,,,,
191377,play-along,Cyborg,Hard Rock/Metal,Embellishments,,,,Chords,,,
191378,play-along,Darkness,Hard Rock/Metal,,,,,Chords,Licks,,
191379,play-along,Flowers,,,,,,,,,
191380,play-along,Freedom,,,,,,,,,
191381,play-along,Liberation,,,,,,,,,
191382,play-along,Long Fight,Pop/Rock,Picking,,,,Chords,,,
191383,play-along,Busybody,Pop/Rock,Picking,Embellishments,,,Chords,,,
191384,play-along,Cyborg,,,,,,,,,
191385,play-along,Darkness,,,,,,,,,
191386,play-along,Liberation,,,,,,,,,
191387,play-along,Mirage,,,,,,,,,
191389,play-along,Moonbeams,Pop/Rock,Picking,,,,,Chords,,
191390,play-along,Nail,Hard Rock/Metal,Embellishments,,,,Chords,,,
191391,play-along,Purple Fog,,,,,,,,,
191392,play-along,Rockslide,,,,,,,,,
191393,play-along,Dear John,Pop/Rock,Embellishments,,,Scales & Modes,Licks,Chords,,
191394,play-along,Strings Of Gold,,,,,,,,,
191395,play-along,Sunny Day,,,,,,,,,
191396,play-along,Dear John,,,,,,,,,
191397,play-along,Rockslide,,,,,,,,,
191398,play-along,Sunny Day,,,,,,,,,
191399,play-along,Susanne,,,,,,,,,
191400,play-along,Talking Birds,Pop/Rock,,,,,Chords,Licks,,
191401,play-along,The Clock,,,,,,,,,
191411,play-along,The Road Home,,,,,,,,,
191412,play-along,Wildfire,Country/Folk,Picking,,,,Chords,,,
191414,course,Open Chords 101,,,,,,Chords,,,
191415,course,Open Chords 102,,,,,,Chords,,,
191416,course,Open Chords 103,,,,,,Chords,,,
191417,course,Open Chords 104,,,,,,Chords,,,
191418,course,The Constant Strumming Technique,,Picking,,,,,,,
191419,course,How To Strum For Beginners,,Picking,,,,,,,
191420,course,The Note Names,,,,,Chord Theory,,,,
191421,course,The Major Scale,,,,,Scales & Modes,,,,
191422,course,How To Read Guitar Tabs,,,,,Tab & Notation,,,,
191423,course,Understanding Diatonic Chords,,,,,,Chords,,,
191424,course,The Circle of 4ths & 5ths,,,,Chord Theory,Scales & Modes,,,,
191425,course,The Major Chords,,,,,,Chords,,,
191426,course,The Minor Chords,,,,,,Chords,,,
191427,course,Setting Yourself Up for Success,,,,,,,,,Practice Tips
191428,course,Unlocking the Fretboard 101,,,,,,,,,Gigging Tips & Gear
191429,course,A Guide To Power Chords,,,,,,Chords,,,
191430,course,Ear Training 101,,Ear Training,,,,,,,
191431,course,Understanding Minor and Diminished Chords,,,,Chord Theory,,Chords,,,
191432,course,How To Harmonize Scales,,,,,Scales & Modes,Chords,,,
191433,course,Understanding Diatonic Chord Progressions,,,,Chord Theory,,Chords,,,
191434,play-along,Royalty,,,,,,,,,
191435,play-along,Tom & Jerry,,,,,,,,,
191436,play-along,Busybody,,,,,,,,,
191437,play-along,Flowers,,,,,,,,,
191438,play-along,Freedom,,,,Scales & Modes,,,Licks,,
191439,play-along,Purple Fog,,,,,,,,,
191440,play-along,Talking Birds,,,,,,,,,
191441,course,Understanding 7th Chords,,,,,Chord Theory,Chords,,,
191442,course,Understanding Chords Outside the Key,,,,,Chord Theory,Chords,,,
191443,course,Understanding Upper Extensions,,,,Scales & Modes,Chord Theory,Chords,,,
191444,course,A Guide To Palm Muting,,Embellishments,,,,,,,
191445,course,The 12-Bar Blues,Jazz/Blues,,,,,Chords,Licks,,
191446,course,Adding 7th Chords to the Blues,Jazz/Blues,,,,,Chords,,,
191447,course,Picking 101,,Picking,,,,,,,
191448,course,Fingerstyle 101,,Fingerstyle,,,,,,,
191451,course,Fingerstyle 102,,Fingerstyle,,,,,,,
191452,course,Fingerstyle 103,,Fingerstyle,,,,,,,
191453,course,Playing Legato 101,,Embellishments,,,,,,,
191454,course,Playing Legato 102,,Embellishments,,,,,,,
191455,course,Picking 102,,Picking,,,,,,,
191456,course,A Beginner's Guide To Guitar Solos,,,,Scales & Modes,,Licks,Improvisation & Songwriting,,
191457,course,Minor Pentatonics 101,,,,Scales & Modes,,,,,
191458,course,Minor Pentatonics 102,,,,Scales & Modes,,,,,
191459,course,The Major Pentatonic Scale,,,,Scales & Modes,,,,,
191460,course,Getting Started with Major Scales,,,,,Scales & Modes,,,,
191461,course,Blues Scale Basics,,,,Scales & Modes,,,,,
191462,course,Unlocking the Fretboard 102,,,,,,,,,Gigging Tips & Gear
191463,course,Lead Guitar Techniques,,,Embellishments,,,Improvisation & Songwriting,Licks,,
191464,course,Bending Basics,,,Embellishments,,,,,,
191465,course,Winter Wonderland,,,Picking,,,Chords,,,
191466,course,Silent Night,,,Fingerstyle,,,Chords,Licks,,
191468,course,Winter Wonderland,,,Picking,,,Chords,,,
191471,course,Unlocking the Fretboard 103,,,,,,,,,Gigging Tips & Gear
191472,course,Bar Chords 101 - The E Shape,,,,,,Chords,,,
191473,course,Bar Chords 102 - The A Shape,,,,,,Chords,,,
191474,course,Bar Chords 103 - Minor Shapes,,,,,,,Chords,,
191475,course,Soloing with the Blues Scale,,,,,,Licks,Improvisation & Songwriting,,
191476,course,Bluegrass 101,Country/Folk,Picking,,,,Chords,,,
191477,course,Ear Training 102,,Ear Training,,,,,,,
191478,course,Learn to Play Faster,,Speed & Stamina,,,,,,,
191479,course,Bluegrass 102,Country/Folk,Picking,,,,Chords,Licks,,
191480,course,How to Play in Any Minor Key,,,,,Chord Theory,Chords,,,
191481,course,Minuet In G,,Fingerstyle,,,,,,,
191482,course,A Beginner's Guide To Natural Minor Scales,,,,,Scales & Modes,,,,
191483,course,Beef Up Your Chords with Crosspicking,,,Picking,,,,,,
191484,course,Joy To The World,,Fingerstyle,,,,,,,
191485,course,7th Chords on the 6th String,,,,,,Chords,,,
193600,recording,Question & Answer Session,,,,,,,,,Other
193603,recording,Question & Answer Session,,,,,,,,,Other
193605,recording,Christmas Play Along,,,,,,,,,Other
193607,recording,Question & Answer Session,,,,,,,,,Other
193609,recording,Bar Chord Practice Along,,,,,,Chords,,,
193611,recording,Question & Answer Session,,,,,,,,,Other
193613,recording,Blues Lead Guitar,Jazz/Blues,,,,,Licks,,,
193615,recording,Guitar Fundamentals,,,Fingerstyle,,,,Chords,,
193617,recording,Finding Strumming Success,,Picking,,,,,,,
193619,recording,Fretboard Layout,,,,,,,,,Gigging Tips & Gear
193621,recording,Basic Guitar Set-Up,,,,,,,,,Gigging Tips & Gear
193624,recording,Understanding Guitar Gear,,,,,,,,,Gigging Tips & Gear
193626,recording,Music Theory Essentials,,,,,Chord Theory,,,,
193628,recording,Songwriting With The Guitar,,,,,Composition & Arranging,Improvisation & Songwriting,,,
193631,recording,Getting Into Lead Guitar,,,,,,,,,Practice Tips
193633,recording,Fingerstyle Guitar,,Fingerstyle,,,,,,,
193635,recording,Mastering Open Chords,,,,,,Chords,,,
193637,recording,Bluegrass Guitar,Country/Folk,Picking,,,,Chords,,,
193639,recording,Ear Training 101,,Ear Training,,,,,,,
193641,recording,The Essential Guitar Scales,,,,,Scales & Modes,,,,
193643,recording,Playing Your First Song,,,,,,,,,Practice Tips
193645,recording,Finding The Key Of A Song,,,,,Chord Theory,,Improvisation & Songwriting,,
193647,recording,Using Power Chords,,,,,,Chords,,,
193649,recording,How To Improvise On The Guitar,,,,,,Improvisation & Songwriting,,,
193651,recording,Overdrive & Distortion 101,Pop/Rock,Pedaling,,,,,,,
193653,recording,Hammer-Ons & Pull-Offs,,Embellishments,,,,,,,
193655,recording,Practicing With Improvisation,,,,,,Improvisation & Songwriting,,,
193658,recording,Practicing & Setting Goals,,,,,,,,,Practice Tips
193660,recording,The Natural Minor Scale,,,,,Scales & Modes,,,,
193662,recording,All About Guitar Picks,,,,,,,,,Gigging Tips & Gear
193664,recording,The CAGED System,,,,,,Chords,,,
193666,recording,Bending & Vibrato,,Embellishments,,,,,,,
193668,recording,Major & Minor Keys,,,,Scales & Modes,Chord Theory,,,,
193670,recording,Rock Guitar 101,Pop/Rock,,,,,Chords,,,
193672,recording,Using Octaves On The Guitar,,,,,,,Licks,,
193674,recording,Strumming Practice Along,,Picking,,,,,,,
193676,recording,Open Chords Practice Along,,,,,,Chords,,,
193678,recording,Asher Kurtz | S1 E1,,,,,,,Licks,,Performance
193681,recording,Bar Chords Practice Along,,,,,,Chords,Licks,,
193683,recording,Raj Krishna | S1 E2,,,,,,,,,Performance
193686,recording,Childish Japes Live Concert,,,,,,,,,Performance
193688,recording,Ear Training Practice Along,,Ear Training,,,,,,,
193690,recording,How To Record Yourself,,,,,,,,,Other
193692,recording,Minor Pentatonics Practice Along,,,,,Scales & Modes,,,,
193694,recording,Melodic Playing,,,,,Scales & Modes,,,,
193697,recording,Chord Scales Practice Along,,,,,Scales & Modes,Chords,,,
193699,recording,Don Ross: Alternate Tunings | S1 E3,,,,,,,Chords - Alternate Tunings,,
193702,recording,Crosspicking Practice Along,,Picking,,,,,,,
193704,recording,Top 5 Beginner Guitar Mistakes,,,,,,,,,Practice Tips
193706,recording,7th Chord Practice Along,,,,,,Chords,,,
193708,recording,Hybrid Picking On The Guitar,,Picking,,,,,,,
193710,recording,Making Melodies Practice Along,,,,,,,Improvisation & Songwriting,,
193712,recording,DJ Temple: Sweep Picking 101,,Speed & Stamina,,,,,,,
193715,recording,Fingerstyle Practice Along,,Fingerstyle,,,,,,,
193717,recording,Steve Brand: Guitar Strings,,,,,,,,,Gigging Tips & Gear
193719,recording,Building Dexterity Practice Along,,Speed & Stamina,,,,,,,
193721,recording,David Becker | S1 E4,Jazz/Blues,,,,Chord Theory,Chords,Licks,,
193724,recording,Alternate Picking Practice Along,,,Picking,,,,,,
193726,recording,Creating Your Sound With Pedals,,Pedaling,,,,,,,
193728,recording,Strumming Patterns Practice Along,,Picking,,,,,,,
193730,recording,Essential Chord Progressions,,,,,Chord Theory,Chords,,,
193732,recording,Ear Training Practice Along,,,Ear Training,,,,,,
193734,recording,What Are Modes?,,,,,Scales & Modes,,,,
193736,recording,Fretboard Layout Practice Along,,,,,,,,,Gigging Tips & Gear
193738,recording,Using Arpeggios,,,Arpeggios,,,,,,
193740,recording,Blues Practice Along,Jazz/Blues,,,,,Chords,Licks,,
193742,recording,Folk Acoustic Guitar,,Fingerstyle,Picking,,,,,,
193744,recording,Open Chords Practice Along,,,,,,Chords,,,
193746,recording,Blues Soloing,Jazz/Blues,,,,,Improvisation & Songwriting,Licks,,
193748,recording,Fundamentals Practice Along,,Picking,,,,Chords,,,
193750,recording,Student Focus #001,,,,,,,,,Practice Tips
193752,recording,Getting Started Q&A,,,,,,,,,Other
193754,recording,Basic Music Theory Practice Along,,,,,Chord Theory,,,,
193756,recording,New Year's Resolutions,,,,,,,,,Other
193758,recording,Developing Timing Practice Along,,,Timing & Groove,,,,,,
193760,recording,Next Steps For Fingerstyle,,,Fingerstyle,,,,,,
193762,recording,Classic Rock Practice Along,Pop/Rock,Embellishments,,,,Chords,,,
193764,recording,Guitar Tabs vs. Sheet Music,,,,,Tab & Notation,,,,
193766,recording,Minor Scales Practice Along,,,,,Scales & Modes,,,,
193768,recording,Questions On Guitar Technique: Answered,,,,,,,,,Other
193770,recording,Guitar Technique Q&A,,,,,,,,,Other
193772,recording,Palm Muting Practice Along,,,Embellishments,,,,,,
193774,recording,Understanding Guitar Chords,,,,,Chord Theory,Chords,,,
193776,recording,Bar Chords Practice Along,,,,,,Chords,,,
193780,recording,Chord Building Practice Along,,,,,Chord Theory,Chords,,,
195198,course,Practicing With Improvisation,,,,,,Improvisation & Songwriting,,,
195762,recording,Playing Your First Guitar Solo,,,,,,Licks,Improvisation & Songwriting,,
195764,recording,First Guitar Solo Practice Along,,,,,,Licks,Improvisation & Songwriting,,
195872,recording,Dressing Up Your Strumming,,Picking,,,,,,,
195933,recording,Double-Stop Licks,,,,,,Licks,,,
195934,recording,Double-Stop Practice Along,,,,,,Licks,,,
196069,recording,Changing Guitar Strings,,,,,,,,,Gigging Tips & Gear
196071,recording,Timing Practice Along,,Timing & Groove,,,,,,,
196671,recording,Functional Guitar Learning,,,,,,,,,Practice Tips
196679,recording,16th Note Strumming Practice Along,,Picking,,,,,,,
196989,recording,5 Essential Funk Chords,Funk/Disco,,,,,Chords,,,
196990,recording,Funk Chords Practice Along,Funk/Disco,,,,,Chords,,,
197799,recording,Palm Muting Techniques,,Embellishments,,,,,,,
197800,recording,Rhythm Guitar Practice Along,,Picking,,,,,,,
197914,recording,Country Rhythm Guitar,Country/Folk,Fingerstyle,,,,,,,
197917,recording,Country Guitar Practice Along,Country/Folk,Picking,Fingerstyle,,,,,,
198188,recording,Songwriting Tactics,,,,,,,Improvisation & Songwriting,,
198190,recording,Writing Guitar Parts Practice Along,,,,,Composition & Arranging,Improvisation & Songwriting,,,
198525,recording,Setting Up Your Amp,,,,,,,,,Gigging Tips & Gear
198552,recording,Bending Practice Along,,Embellishments,,,,,,,
198553,recording,3-Note Per-String Scales,,,,,Scales & Modes,,,,
198554,recording,3-Note Per-String Practice Along,,,,,Scales & Modes,,,,
198626,course,The CAGED System,,,,,Chord Theory,Chords,,,
202392,recording,DADGAD Tuning,,,,,,Chords - Alternate Tunings,,,
202394,recording,DADGAD Practice Along,,,,,,Chords - Alternate Tunings,,,
202396,course,Expanding Your Chord Vocabulary,,,,,Chord Theory,Chords,,,
202397,recording,Fretboard Layout,,,,,,,,,Gigging Tips & Gear
202398,recording,Fretboard Layout Practice Along,,,,,,,,,Gigging Tips & Gear
202399,recording,Effortless Mastery,,,,,,,,,
202400,recording,Key Of D Major Practice Along,,,,Scales & Modes,Chord Theory,Chords,,,
202401,recording,Creative Legato Concepts,,Embellishments,,,,,,,
202404,recording,Legato Practice Along,,Embellishments,,,,,,,
202911,recording,Fingerstyle Movement,,Fingerstyle,,,,,,,
203419,recording,Jazz Up Your Licks,Jazz/Blues,,,,,Licks,,,
203653,recording,Applying the Blues to Pop,,,,,,Licks,,,
203900,recording,Question & Answer 6/12/2018,,,,,,,,,Other
206829,recording,Question & Answer 6/5/2018,,,,,,,,,Other
207345,recording,Question & Answer 6/26/2018,,,,,,,,,Other
207346,recording,Question & Answer 7/3/2018,,,,,,,,,Other
207747,course,Altered & Open Tunings,,,,,,Chords - Alternate Tunings,,,
208437,recording,Question & Answer 7/10/2018,,,,,,,,,Other
208438,recording,Question & Answer 7/17/2018,,,,,,,,,Other
208441,recording,Question & Answer 7/24/2018,,,,,,,,,Other
208442,recording,Question & Answer 7/31/2018,,,,,,,,,Other
208443,recording,Question & Answer 8/07/2018,,,,,,,,,Other
208444,recording,Question & Answer 8/14/2018,,,,,,,,,Other
208445,recording,Question & Answer 8/21/2018,,,,,,,,,Other
208446,recording,Special Guest,,,,,,,,,Other
210699,recording,Question & Answer 9/4/2018,,,,,,,,,Other
210700,recording,Question & Answer 9/11/2018,,,,,,,,,Other
210701,recording,Question & Answer 9/18/2018,,,,,,,,,Other
210702,recording,Question & Answer 9/25/2018,,,,,,,,,Other
212578,recording,Question & Answer 10/02/2018,,,,,,,,,Other
212579,recording,Question & Answer 10/09/2018,,,,,,,,,Other
212580,recording,Question & Answer 10/16/2018,,,,,,,,,Other
212581,recording,Question & Answer 10/23/2018,,,,,,,,,Other
212582,recording,Question & Answer 10/30/2018,,,,,,,,,Other
215038,recording,Question & Answer 11/06/2018,,,,,,,,,Other
215039,recording,Question & Answer 11/13/2018,,,,,,,,,Other
215040,recording,Question & Answer 11/20/2018,,,,,,,,,Other
215041,recording,Question & Answer 11/27/2018,,,,,,,,,Other
215042,recording,Question & Answer 12/04/2018,,,,,,,,,Other
215044,recording,Question & Answer 12/11/2018,,,,,,,,,Other
215045,recording,Question & Answer 12/18/2018,,,,,,,,,Other
216116,course,White Christmas,,Picking,,,,Chords,,,
217302,recording,Question & Answer 01/08/2019,,,,,,,,,Other
217303,recording,Question & Answer 01/15/2019,,,,,,,,,Other
217304,recording,Question & Answer 01/22/2019,,,,,,,,,Other
217305,recording,Question & Answer 01/29/2019,,,,,,,,,Other
217711,recording,2019 Guitareo Member's Area Update,,,,,,,,,Other
218758,course,Shaping Up The Neck,,,,,,Chords,Improvisation & Songwriting,,
218900,recording,"Student Focus - Crataegus, Dzee, MattS, Jime",,,,,,,,,Practice Tips
218903,recording,Question & Answer 02/12/2019,,,,,,,,,Other
218904,recording,Question & Answer 02/19/2019,,,,,,,,,Other
218907,recording,Question & Answer 02/26/2019,,,,,,,,,Other
220970,recording,Question & Answer 03/05/2019,,,,,,,,,Other
220971,recording,Question & Answer 03/12/2019,,,,,,,,,Other
220975,recording,Question & Answer 03/19/2019,,,,,,,,,Other
220976,recording,Question & Answer 03/26/2019,,,,,,,,,Other
220981,course,Tightening Up Your Timing & Feel,,Timing & Groove,,,,,,,
222393,course,Hallelujah,,Picking,,,,Chords,,,
222504,quick-tips,Top-5 Mötley Crüe Riffs,Hard Rock/Metal,,,,,Licks,,,
222546,recording,"Crataegus, Irwin1957, Les Johnson, MattS, NormG",,,,,,,,,Practice Tips
222548,recording,Question & Answer 04/09/2019,,,,,,,,,Other
222550,recording,Question & Answer 04/16/2019,,,,,,,,,Other
222551,recording,Question & Answer 04/23/2019,,,,,,,,,Other
222553,recording,Question & Answer 04/30/2019,,,,,,,,,Other
222675,course,Introduction To Looping,,Pedaling,,,,,,,
222723,quick-tips,Bad At Bar Chords? Try This Instead!,,,,,,Chords,,,
222727,quick-tips,Hallelujah - Guitar Lesson,,Picking,,,,Chords,,,
222731,quick-tips,5 HUGE Guitar Practice Mistakes,,,,,,,,,Practice Tips
222732,quick-tips,Building Coordination For Fingerstyle Guitar,,Fingerstyle,,,,,,,
222733,quick-tips,The 200-Foot Guitar Cable,,,,,,,,,Gigging Tips & Gear
222734,quick-tips,8 Fingerstyle Patterns You Must Know,,Fingerstyle,,,,,,,
222961,quick-tips,10 Ways To Get Better Faster On Guitar,,Speed & Stamina,,,,,,,
222965,course,Home Sweet Home,Hard Rock/Metal,Fingerstyle,Picking,,,,,,
223294,course,Yesterday,Pop/Rock,Fingerstyle,,,,,,,
223535,quick-tips,Improvising Solos For Beginners,,,,,,Improvisation & Songwriting,,,
223536,quick-tips,7 Fingerstyle Songs You Must Know,,Fingerstyle,,,,,,,
223537,quick-tips,"Pain, Stiffness, & Playing Guitar",,,,,,,,,Practice Tips
223538,quick-tips,Top 5 Nirvana Riffs,Pop/Rock,,,,,Chords,,,
223539,quick-tips,Learn Strumming With CCR,Pop/Rock,Picking,,,,,,,
223940,quick-tips,Guitar Unboxing - How Many Guitars Do You Need,,,,,,,,,Gigging Tips & Gear
223941,quick-tips,20 Chords Every Guitar Player Needs To Know,,,,,,Chords,,,
223942,quick-tips,12 Easy Acoustic Guitar Songs,Pop/Rock,Picking,,,,,,,
223944,course,Triad Essentials,,,,,,Chords,,,
224450,quick-tips,Spanish Guitar,,Fingerstyle,,,,,,,
224451,recording,"Adrienne Daly, Crataegus, DavidL, DHYCIX, Jrod, MattS, Randy Epp",,,,,,,,,Practice Tips
224452,quick-tips,$3000 Guitar That Plays Like A Piece of Literal Trash,,,,,,,,,Gigging Tips & Gear
224453,quick-tips,Economy vs. Alternate Picking,,Picking,,,,,,,
224454,recording,Question & Answer 05/15/2019,,,,,,,,,Other
224455,quick-tips,"Elton John - ""Rocketman""",Pop/Rock,Picking,,,,Chords,,,
224456,quick-tips,"The Beatles - ""Blackbird""",Pop/Rock,Fingerstyle,,,,,,,
224457,recording,Question & Answer 05/22/2019,,,,,,,,,Other
224460,recording,Question & Answer 05/31/2019,,,,,,,,,Other
224461,course,7th Chords on the 5th String,,,,,,Chords,,,
226129,recording,"Irwin1957, Les Johnson, MattS, NormG, Tim DHYCIX, Wi11",,,,,,,,,Practice Tips
226138,recording,Question & Answer 06/26/2019,,,,,,,,,Other
226140,recording,Question & Answer 06/19/2019,,,,,,,,,Other
227106,recording,Question & Answer 07/03/2019,,,,,,,,,Other
227107,recording,Question & Answer 07/10/2019,,,,,,,,,Other
227108,recording,Question & Answer 07/17/2019,,,,,,,,,Other
227109,recording,Question & Answer 07/24/2019,,,,,,,,,Other
228692,recording,Question & Answer 07/31/2019,,,,,,,,,Other
230249,recording,Question & Answer 08/14/2019,,,,,,,,,Other
230250,recording,Question & Answer 08/21/2019,,,,,,,,,Other
230251,recording,Question & Answer 08/28/2019,,,,,,,,,Other
231452,recording,"David L, Helcai, Irwin, John Krause, MattS, NormG, Randy",,,,,,,,,Practice Tips
231453,recording,Question & Answer 09/11/2019,,,,,,,,,Other
231455,recording,Question & Answer 09/25/2019,,,,,,,,,Other
233379,recording,"Helcai, Irwin, J.Rod, John Krause, MattS, NormG, Vincent",,,,,,,,,Practice Tips
233382,recording,Question & Answer 10/09/2019,,,,,,,,,Other
233383,recording,Question & Answer 10/16/2019,,,,,,,,,Other
233384,recording,Question & Answer 10/23/2019,,,,,,,,,Other
233385,recording,Question & Answer 10/30/2019,,,,,,,,,Other
235816,recording,"Crataegus,David L,Helcai,Irwin,JRod,Line,MattS,NormG,Randy,Vincent,Natacha",,,,,,,,,Practice Tips
235817,recording,Question & Answer 11/13/2019,,,,,,,,,Other
235819,recording,Question & Answer 11/27/2019,,,,,,,,,Other
236868,course,Mastering The Blues Scale,Jazz/Blues,,,,Scales & Modes,,,,
240078,course,O Holy Night,Holiday/Soundtrack,Fingerstyle,,,,Chords,,,
240082,course,Carol Of The Bells,Holiday/Soundtrack,,,,,Chords,Licks,,
278519,quick-tips,Ayla Joins The Guitareo Team!,,,,,,,,,Other
278520,quick-tips,Pedals Ayla Can't Live Without,,Pedaling,,,,,,,
278521,quick-tips,10 Levels Of 12-Bar Blues,Jazz/Blues,,,,,Chords,Licks,,
278522,quick-tips,Ayla's Favorite Jimi Hendrix Chords,Pop/Rock,,,,,Chords,,,
278523,quick-tips,Top-10 Pop Guitar Moments Of 2020,Pop/Rock,,,,,Licks,,,
278524,recording,Ayla Welcome Party,,,,,,,,,Other
278525,quick-tips,Prince Funk Essentials,Funk/Disco,,Timing & Groove,,,Chords,,,
278526,quick-tips,7 Ways To Make Boring Guitar Scales Sound Exotic,,,,,Scales & Modes,,,,
278527,quick-tips,The Most Underrated Jimi Hendrix Song,Pop/Rock,,,,,,,,Performance
278528,quick-tips,How To Play Blues Like Steely Dan,Pop/Rock,,,,,Chords,,,
278529,quick-tips,Son Of A Preacher Man Guitar Jam!,,,,,,,,,Performance
285379,quick-tips,How To Master Bar Chords,,,,,,Chords,,,
285381,quick-tips,Why These Legendary Guitar Riffs Are So Iconic,Pop/Rock,,,,,,Licks,,
285382,quick-tips,4 Things A Beginner Guitarist Should Practice,,Embellishments,,,Scales & Modes,,,,
287254,recording,Q&A With Ayla Tesler-Mabe,,,,,,,,,Podcast
287255,quick-tips,Rock Guitar Licks That Will Make You Stand Out,Pop/Rock,,,,,,Licks,,
287852,quick-tips,How To Fake Amazing Solos,,,,,,Improvisation & Songwriting,,,
290985,course,Getting Started On The Electric Guitar,,,,,,Chords,,,
290992,quick-tips,The 5 Most Beautiful Chords For Beginners,,,,,,Chords,,,
294630,quick-tips,Major vs. Minor - Can You Hear The Difference?,,Ear Training,,,Chord Theory,Chords,,,
294631,quick-tips,10-Minute Guitar Workout For Beginners,,,,,,Chords,,,Practice Tips
294632,quick-tips,Major 7th vs. Dominant 7th - Can You Hear The Difference?,,Ear Training,,,Chord Theory,Chords,,,
294633,quick-tips,Guitar Chords Every Beginner Should Know,,,,,,Chords,,,
294634,quick-tips,6 Hidden Exercises In Iconic Songs,Pop/Rock,,,,,,Licks,,
294635,course,Getting Started On The Acoustic Guitar,,Picking,,,,,Chords,,
294643,quick-tips,Chord Hacks For Beginner Guitarists,,Picking,,,,,Chords,,
298213,quick-tips,You’ve Been Practicing The Pentatonic Scale Wrong,,,,,Scales & Modes,,,,
298214,quick-tips,6 Levels Of Guitar Solos,,,,,,Improvisation & Songwriting,Licks,,
298216,quick-tips,Rob Scallon's 'Song In An Hour' Challenge - Left Handed,,,,,,,,,Other
298217,quick-tips,Navigating The Fretboard For Beginners,,,,,,,,,Gigging Tips & Gear
298219,quick-tips,How To Get Better At Changing Chords,,,,,,Chords,,,
298220,quick-tips,6 Iconic Jimi Hendrix Riffs That Changed History,Pop/Rock,,,,,Chords,Licks,,
298221,quick-tips,"Santana's ""Oye Como Va"" Performance",Pop/Rock,,,,,,,,Performance
301039,quick-tips,Guitareo Spring 2021 Update,,,,,,,,,Other
301040,quick-tips,Recreating Iconic Star Wars Sound Effects On Guitar,,Pedaling,,,,,,,
301041,quick-tips,Sing & Play Guitar - Tips & Tricks,,,,,,,,,Practice Tips
301042,quick-tips,How To Make Catchy Riffs That Stick In Your Head,,,,,Composition & Arranging,,,,
301043,course,Learn To Solo In An Hour,,,,,Scales & Modes,Licks,Improvisation & Songwriting,,
303027,quick-tips,The Best Guitar Bending Exercise Ever,,Embellishments,,,,Licks,,,
303028,quick-tips,How To Learn A Song Fast,,,,,,,,,Practice Tips
306305,quick-tips,Gain-Pedal Basics - Which One Do I Need?,,Pedaling,,,,,,,
306308,quick-tips,Strumming Patterns You Should Know,,Timing & Groove,,,Rhythm,,,,
306309,quick-tips,Techniques To Sound Like A Rock God,,Embellishments,,,,,,,
306310,quick-tips,"How To Play The ""Back In Black"" Solo Like Angus",Hard Rock/Metal,,,,,Licks,,,
310128,course,The Ultimate Guide To Reading Music,,,,,Tab & Notation,,,,
310166,course,The Ultimate Guide To Reading Rhythms,,,,,Tab & Notation,,,,
311093,quick-tips,Trick Your Friends Into Thinking You Are Better Than You Are,,,,,,Chords,,,
311094,quick-tips,Modulation Pedal Basics - Which One Do I Need?,,Pedaling,,,,,,,
311095,quick-tips,How To Actually Play Jimi Hendrix's “Voodoo Child” Authentically,Pop/Rock,,,,,,Licks,,
311096,quick-tips,How To Simplify Lead Lines,,,,Composition & Arranging,,,Licks,,
311097,quick-tips,Modulation Pedal Basics - Which One Do I Need?,,Pedaling,,,,,,,
313988,quick-tips,What To Look For In An Electric Guitar,,,,,,,,,Gigging Tips & Gear
315023,quick-tips,Get Your Guitar To Shut Up!,,,,,,,,Gigging Tips & Gear,
315753,quick-tips,Which Guitar Pedals Should A Beginner Purchase First?,,Pedaling,,,,,,,
318435,quick-tips,Chords That Rock,,,,,,Chords,,,
318437,quick-tips,The Secret To Shredding,,Speed & Stamina,,,,,Licks,,
319475,quick-tips,The Power Of The SUS2 Chord,,,,Chord Theory,,,Chords,,
319600,quick-tips,How To Fake Your Way Through A Jam Session,,,,,Scales & Modes,,Licks,,
321516,recording,"September Student Collaboration - ""End Of The Day""",,,,,,,,,Performance
322421,quick-tips,This Is How You Start Playing Guitar (The Fun Way),,Timing & Groove,,Rhythm,,,,,
323177,quick-tips,Guitareo's Winter Recital Announcement,,,,,,,,,Other
324507,quick-tips,Developing Your Groove On Guitar,,Timing & Groove,,Rhythm,,Chords,,,
324509,quick-tips,The Most Popular Rhythmic Figure On Guitar,,Timing & Groove,,Rhythm,,,,,
325408,quick-tips,7 Levels of Mario (Which One Are You?),Pop/Rock,,,,,,Licks,,
326040,quick-tips,The 5 Best Kurt Cobain Guitar Riffs,Pop/Rock,,,,,Chords,Licks,,
327094,recording,"October Student Collaboration - ""Misty Blues""",,,,,,,,,Performance
331265,course,Guitar Picks,,,,,,,,,Podcast
331267,course,Backstage Secrets: On The Road With... RUSH!,,,,,,,,,Performance
332238,course,5 Songwriting Cheat Codes For Guitarists,,,,,Composition & Arranging,,,,
333011,recording,"November Student Collaboration - ""Tom & Jerry""",,,,,,,,,Performance
333653,learning-path-level,Get To Know The Guitar,,Picking,Fingerstyle,,,Chords,,,
333654,learning-path-lesson,Getting To Know Your Guitar,,,,,,,,,Other
333657,learning-path-lesson,String Theory,,,,,,,,,Other
333661,learning-path-lesson,Striking The Strings With Your Hand,,Fingerstyle,,,,,,,
333668,learning-path-lesson,How To Strike The Strings With A Pick,,Picking,,,,,,,
333675,learning-path-lesson,What Are Notes?,,,,,Tab & Notation,,,,
333680,learning-path-lesson,Debunking Common Myths,,,,,,,,,Other
333681,learning-path-lesson,Your First Song/Jam,,,,,,Chords,,,
333687,learning-path-lesson,How To Practice And Next Steps,,,,,,,,,Practice Tips
333689,learning-path-level,"Let's Get You Playing Chords (Songs), Like Now!",,,,,,Chords,,,
333690,learning-path-lesson,What Is A Chord?,,,,,Chord Theory,Chords,,,
333697,learning-path-lesson,"D Major, A Major, and E Minor Chords",,,,,,Chords,,,
333706,learning-path-lesson,"C Major, F Major, and G Major Chords",,,,,,Chords,,,
333714,learning-path-lesson,"Alternate Chord Fingering (C, G, A)",,,,,Chord Theory,Chords,,,
333722,learning-path-lesson,Another Way Of Remembering Chords,,,,,,Chords,,,
333729,learning-path-lesson,Practicing Chord Progressions,,,,,,Chords,,,
333735,learning-path-lesson,Power Chords,,,,,Chord Theory,Chords,,,
333740,learning-path-lesson,Chord Practice Challenge,,,,,Chord Theory,Chords,,,
333745,learning-path-level,Let's Get Rockin' With Rhythm!,,,Timing & Groove,,Rhythm,,,,
333746,learning-path-lesson,Rhythm Essentials,,,Timing & Groove,,Rhythm,,,,
333750,learning-path-lesson,The Jim N Jack,,,,,Rhythm,,,,
333757,learning-path-lesson,Let’s Swing!,,Timing & Groove,,,Rhythm,,,,
333765,learning-path-lesson,Rock Rhythms,,,,,Rhythm,,,,
333773,learning-path-lesson,Folk & Country Rhythms,,,,,Rhythm,,,,
333785,learning-path-lesson,Waltz & Ballad Rhythms,,,,Rhythm,,,,,
333793,learning-path-lesson,Reggae & Ska Rhythms,,,,,Rhythm,,,,
333799,learning-path-lesson,Rhythm Practice Challenge,,,,,Rhythm,,,,
333810,learning-path-level,What Are These Tabs And Chord Charts You Speak Of?,,,,,Tab & Notation,Chords,Licks,,
333811,learning-path-lesson,Intro To Tabs,,,,,Tab & Notation,,,,
333817,learning-path-lesson,Learn One Of The Most Iconic Songs On Guitar Using Tabs,Hard Rock/Metal,,,,Tab & Notation,,Licks,,
333820,learning-path-lesson,Learn “Seven Nation Army” Using Tabs,Pop/Rock,,,,Tab & Notation,,Licks,,
333824,learning-path-lesson,Let’s Bring Rhythm Into These Tabs,,,,,Tab & Notation,,Licks,,
333828,learning-path-lesson,How Chords Look Inside Tabs,,,,,,Chords,,,
333832,learning-path-lesson,Let’s Put What We Learned To The Test,,,,,Tab & Notation,,Licks,,
333838,learning-path-lesson,Making Sense Of Chord Charts,,,,,Chord Theory,Chords,,,
333841,learning-path-lesson,The Power Of The Capo - Unlock A Million Songs,,,,,,Chords,,,Gigging Tips & Gear
333847,learning-path-lesson,Tab & Chord Chart Practice Challenge,,,,,Tab & Notation,Chords,Licks,,
333855,learning-path-lesson,Why Should You Add Color To Your Chords?,,,,,Chord Theory,Chords,,,
333856,learning-path-lesson,A Color Chords,,,,,Chord Theory,Chords,,,
333862,learning-path-lesson,E Color Chords,,,,,Chord Theory,Chords,,,
333868,learning-path-lesson,D Color Chords,,,,,Chord Theory,Chords,,,
333874,learning-path-lesson,C Color Chords,,,,,,Chords,,,
333880,learning-path-lesson,Tying Up Loose Ends – Extra Color Chords,,,,,Chord Theory,Chords,,,
333885,learning-path-lesson,Color Chord Practice Challenges,,,,,,Chords,,,
334794,quick-tips,How To Write A Song On Guitar,,,,,Composition & Arranging,,,,
334796,quick-tips,"Rhythm vs Lead Guitar - ""Thunderstruck""",Hard Rock/Metal,,,,,Licks,Chords,,
336337,quick-tips,5 Guitar Hacks To Improve Your Playing,,Embellishments,Dynamics,Rhythm,,,,,Practice Tips
337656,quick-tips,Achieving Nirvana,Pop/Rock,,,,,Licks,Chords,,
337659,learning-path-level,"You Can Start Soloing, Like Now!",,,,,Scales & Modes,Improvisation & Songwriting,,,
337660,learning-path-lesson,Even Beginners Can Solo,,,,,Scales & Modes,Improvisation & Songwriting,,,
337661,learning-path-lesson,Fretboard Navigation,,,,Scales & Modes,,,,,Practice Tips
337662,learning-path-lesson,The Only Scale you TRULY Need To Know - The Pentatonic Scale,,,,Scales & Modes,,,,,Practice Tips
337663,learning-path-lesson,Playing Your First Solo,,,,,,Improvisation & Songwriting,,,
337664,learning-path-lesson,Taking the Pentatonic Scale to New Places,,,,,Scales & Modes,,,,
337665,learning-path-lesson,Pentatonic Scale Variations,,,,,Scales & Modes,Improvisation & Songwriting,,,
337666,learning-path-lesson,Soloing In Different Genres,,,,,Scales & Modes,Improvisation & Songwriting,,,
337667,learning-path-lesson,Solo Practice Challenge,,,,,Scales & Modes,Improvisation & Songwriting,,,
337835,recording,"December Student Collaboration - ""Jingle Bells""",,,,,,,,,Performance
338147,quick-tips,Learn to play “Come Home” with Ayla,Pop/Rock,,,,,Chords,,,
338150,recording,"January Student Collab - ""The Clock""",,,,,,,,,Performance
338345,quick-tips,The Magical Chords of Stevie Wonder,Pop/Rock,,,,Chord Theory,Chords,,,
341690,learning-path-lesson,What Are Bar Chords?,,,,,Chord Theory,,Chords,,
341691,learning-path-lesson,Building Finger Strength and Playing Your First Bar Chord,,,,,Chord Theory,,Chords,,
341692,learning-path-lesson,E-Style Major & Minor Bar Chords,,,,,Chord Theory,,Chords,,
341693,learning-path-lesson,A-Style Major & Minor Bar Chords,,,,,Chord Theory,,Chords,,
341694,learning-path-lesson,E-Style Colour Bar Chords,,,,,Chord Theory,,Chords,,
341695,learning-path-lesson,A-Style Colour Bar Chords,,,,,Chord Theory,,Chords,,
341696,learning-path-lesson,Hand Hacks To Protect Your Hands From Pain,,,,,,,,,Practice Tips
341697,learning-path-lesson,Bar Chord Bootcamp,,,,,Chord Theory,,Chords,,
341944,quick-tips,The Most Feel Good Chord Progression Ever,Hard Rock/Metal,,,,Chord Theory,Licks,Chords,,
341947,quick-tips,"Delicious Guitar Tones: ""Run Like Hell"" By Pink Floyd",,Pedaling,,,Scales & Modes,,,,
341948,quick-tips,"How To Play John's Part In ""Get Back""",Pop/Rock,,,,,Licks,Chords,,
345816,course,Your New Sounds For Soloing: The 7 Modes Made Easy,,,,,Scales & Modes,,,,
348222,recording,February Student Collab: Busybody,,,,,,,,,Performance
348223,quick-tips,Take Your Soloing to the Next Level By Using Modes,,,,,Scales & Modes,,,,
348230,learning-path-level,Expressive Techniques: Exploring Emotions In Each Note,,Embellishments,,,,,Licks,,
348231,learning-path-lesson,What Are Expressive Techniques And Why Should You Care?,,Embellishments,,,,,Licks,,
348232,learning-path-lesson,Laying Down the Hammer(on),,Embellishments,,,,,Licks,,
348233,learning-path-lesson,Pulling off Pull-offs,,Embellishments,,,,,Licks,,
348234,learning-path-lesson,Sliding Your Way Around the Fretboard,,Embellishments,,,,,Licks,,
348235,learning-path-lesson,Bend It Like Beckham… If He Was a Guitar Player,,Embellishments,,,,,Licks,,
348237,learning-path-lesson,Make Your Strings Sing With Vibrato,,Embellishments,,,,,Licks,,
348238,learning-path-lesson,The Technique Already in The Palm of Your Hand – Muting,,Embellishments,Dynamics,,,,,,
348239,learning-path-lesson,Using Dynamics to Further Convey Emotion,,Dynamics,,,,,Licks,,
348240,learning-path-lesson,The Expressive Techniques Bootcamp,,Embellishments,,,,,Licks,,
348912,quick-tips,Why Brian May's Solo In Bohemian Rhapsody Is THAT Good,Pop/Rock,,,,Scales & Modes,Licks,,,
349204,quick-tips,My 5 Favourite Guitar Tones,,,,,,,,,Gigging Tips & Gear
349207,quick-tips,"5 Levels Of ""Hey Joe"" By Jimi Hendrix",Pop/Rock,,,Rhythm,,Licks,Chords,,
350720,course,Rhythm & Groove,Pop/Rock,Picking,Fingerstyle,Rhythm,,Chords,,,
352435,quick-tips,The Most Basic Fingerstyle Guitar Rhythm,,Fingerstyle,,,,,,,
352436,quick-tips,The Most Versatile Fingerstyle Guitar Pattern,,Fingerstyle,,,,,,,
352545,learning-path-level,Tying It All Together: Add Dazzle To Your Playing,Pop/Rock,,,,,,Licks,,
352799,quick-tips,"The Power of the Rhythm Guitar (""Norwegian Wood"" Performance)",Pop/Rock,Picking,,Rhythm,,Chords,,,
353733,course,How To Shred With Dean Lamb,Hard Rock/Metal,Speed & Stamina,,Composition & Arranging,,Licks,,,
354028,learning-path-lesson,Sound Like Hendrix With This Lick!,Pop/Rock,,,,,,Licks,,
354029,learning-path-lesson,The Monkees Made This Lick HUGE!,Pop/Rock,,,,,,Licks,,
354030,learning-path-lesson,Run Wild With This AC/DC Inspired Lick!,Pop/Rock,,,,,,Licks,,
354031,learning-path-lesson,Love This Rock N Roll Lick!,Pop/Rock,,,,,,Licks,,
354032,learning-path-lesson,Add Flare With This Santana Inspired Lick!,Pop/Rock,,,,,,Licks,,
354033,learning-path-lesson,Sound Like Gilmour With This Lick!,Pop/Rock,,,,,,Licks,,
354034,learning-path-lesson,You Wanna Be Famous... A Star Of the Screen?,,,,,,,,,
354035,learning-path-lesson,Even Santana Used This Magic Lick!,Pop/Rock,,,,,,Licks,,
354037,learning-path-lesson,Make Your Own Licks!,,,,,,,Licks,,
354181,quick-tips,Get In the Mind Of A Shredder Guitarist (Solo Breakdown),Hard Rock/Metal,Speed & Stamina,,Composition & Arranging,,Licks,,,
355854,course,The Anatomy of a Song - Pete Thorn Coach Feature,Hard Rock/Metal,Embellishments,,Composition & Arranging,,Improvisation & Songwriting,Licks,,
355993,quick-tips,Clean Up Your Sweep Picking,Hard Rock/Metal,Speed & Stamina,,,,Licks,,,
356744,quick-tips,"Top 6 ""Dad Rock"" Guitar Riffs From The '70s",Pop/Rock,,,Rhythm,,Chords,,,
357595,quick-tips,Summer Recital Announcement,,,,,,,,,Other
358095,quick-tips,"Understanding Iconic Solos - ""Hey Bulldog"" By The Beatles",Pop/Rock,,,Rhythm,,Chords,Licks,,
358098,quick-tips,How To Play Chords Like Jimi Hendrix,Pop/Rock,,,,,,Chords,,
358104,quick-tips,"The Best Rolling Stones Riffs From ""Sticky Fingers""",Pop/Rock,,,,,Chords,Licks,,
358105,quick-tips,"Best Rolling Stones Riffs From ""Some Girls""",Pop/Rock,,,,,Chords,Licks,,
358860,learning-path-lesson,Using Gear To Enhance Your Sound,,,,,,,,,Gigging Tips & Gear
359678,quick-tips,"Acoustic Guitar Classics: ""You've Got To Hide Your Love Away"" By The Beatles",Pop/Rock,,,Rhythm,,Chords,,,
363971,course,Beginner Chord Workouts on the Guitar,,,,,,Chords,,,
363978,course,Creating The Perfect Guitar Part With Mark Lettieri,Funk/Disco,,Embellishments,,,Improvisation & Songwriting,Licks,,
366598,quick-tips,5 Bad Habits Ruining Your Rhythm On Guitar (& How To Fix Them!),,,,Rhythm,,,,,
366603,quick-tips,"Learning A Pop Song On Guitar (Harry Styles - ""As It Was"")",,,,,,Chords,,,Practice Tips
368072,quick-tips,The 10 Most Popular Strumming Patterns Of All-Time,,,Picking,,,,,,
372498,quick-tips,The 10 Spookiest Guitar Parts Of All Time,,,,,,Chords,Licks,,
372499,quick-tips,5 Accessories Every Beginner Guitarist Needs To Own,,,,,,,,,Gigging Tips & Gear
373283,quick-tips,"Acoustic Guitar Classics - ""The Joker"" By The Steve Miller Band",Pop/Rock,,,,,Licks,Chords,,
374484,quick-tips,10 Blink-182 Riffs Every Guitarist Should Know,Pop/Rock,,,,,Chords,Licks,,
374485,quick-tips,"5 Levels Of ""Sweet Home Alabama""",Pop/Rock,,,,,Chords,Licks,,
374486,quick-tips,5 Levels Of Jingle Bell Rock,Holiday/Soundtrack,,,,,Chords,Licks,,
374487,quick-tips,Top 6 Guitar Riffs Of 2022,Pop/Rock,,,,,Chords,Licks,,
374804,student-review,Playing Chords Smoothly - Derek Brown,,,,,,Chords,,,
375144,student-review,Improving Bar Chords - Ian Robbins,,,,,,Chords,,,
375150,quick-tips,Musora 2022 Winter Recital Announcement,,,,,,,,,Other
375357,student-review,How To Study A Complex Song - Vincent Mulder,,,,,,,,,Practice Tips
375360,student-review,Improving Rhythm Guitar - Pete Guitar,,,,Rhythm,,,,,
375582,student-review,Developing Groove & Rhythm - Tolo,,,,,Rhythm,,,,
376059,quick-tips,Welcome To Musora,,,,,,,,,Other
376216,quick-tips,Adding Guitar To Anti-Hero By Taylor Swift On the Spot,,,,,,,,,Performance
376697,student-review,Building Chord Progressions - Jens Hannemann,,,,,,,Chords,,
376698,student-review,Changing Chords - Jose Angelal Caraz,,,,,,,Chords,,
376759,recording,Musora's Student Christmas Party!,,,,,,,,,Performance
376769,recording,Musora 2022 Winter Recital #1,,,,,,,,,Performance
377145,student-review,Improving Your Strumming - Jose Angelal Caraz,,,Picking,,Rhythm,,,,
377177,student-review,Groove & Vibrato - Vincent Mulder,,,Embellishments,,,,,,
377201,recording,Musora 2022 Winter Recital #3,,,,,,,,,Performance
377206,student-review,Changing Chords - Richard Bailey,,,,,Rhythm,,Chords,,
377366,quick-tips,Welcome To Guitareo,,,,,,,,,Other
377545,student-review,Changing Chords Smoothly - Jose Angelal Caraz,,,,,Rhythm,,Chords,,
377550,student-review,Playing In 4/4 - Iris E.,,,Timing & Groove,,Rhythm,,,,
377557,student-review,Tapping And Speed - Suntres,,,Speed & Stamina,,,,Licks,,
377614,student-review,Randy Z - Strumming & Fretting,,,Picking,,Rhythm,,,,
377619,student-review,Working On The Jim N Jack - Eel Splatterson,,,Picking,,Rhythm,,,,
381360,quick-tips,"5 Levels Of ""Sultans Of Swing""",Pop/Rock,,,,,Chords,Licks,,
381607,student-review,Playing Power Chords - Jose Angelal Caraz,,,,,,,Chords,,
381614,student-review,Strumming & Rhythm - J. Riley,,,Picking,,Rhythm,,Chords,,
381656,quick-tips,Top 5 Glam Rock Guitar Riffs From David Bowie,Pop/Rock,,,,,Chords,Licks,,
381922,quick-tips,5 Top Guitar Riffs From Rage Against The Machine,Hard Rock/Metal,,,,,Chords,Licks,,
381926,student-review,Working Your Bm - Iris E,,,,,,,Chords,,
383791,student-review,Playing Legato - Suntres,,,Embellishments,,,,,,
386593,student-review,Keeping The Groove - Lelan Gimnick,,,Timing & Groove,,Rhythm,,,,
387087,student-review,Working On Timing - Forcey,,,Timing & Groove,,Rhythm,,,,
387432,student-review,Play And Write Songs - Daboczi.a,,,,,,Improvisation & Songwriting,Chords,,
387741,student-review,Knockin' On Rhythm's Door - Suntres,,,Timing & Groove,,Rhythm,,,,
387745,student-review,Working On Bar Chords - Erik With A K,,,,,,,Chords,,
387812,student-review,"Working On ""Sultans Of Swing"" - Erik With A K",Pop/Rock,,,,,Licks,Chords,,
387996,student-review,Working On Groove - Smilan,,,Timing & Groove,,Rhythm,,,,
388071,student-review,Playing & Singing - Iris E,,,Picking,,,,Chords,,
388536,student-review,The Thumb! - Lynn,,,Picking,,Rhythm,,Chords,,
388773,student-review,Start Soloing - EvanEvanEvan,,,,,,Improvisation & Songwriting,,,
389312,course,Unlocking Your Creativity On The Guitar With Yvette Young,Pop/Rock,,,,,Improvisation & Songwriting,Licks,,
389463,student-review,Picking & Strumming - DZDeb,,,Picking,,Rhythm,,,,
389467,student-review,Soloing With Open Tunings - EvanEvanEvan,,,,,,Improvisation & Songwriting,,,
389471,student-review,Strumming & Singing - Stefanie,,,Picking,,,,Chords,,
390031,student-review,The Nuances Of Picks And Strumming - TheActionStack,,,Picking,,Rhythm,,,,
390962,student-review,Developing Accuracy - Lelan Gimnick,,,Dynamics,,,,,,
391270,quick-tips,Musora 2023 Summer Recital Announcement,,,,,,,,,Other
391299,student-review,Jamie Riley - Hammer-Ons & Pull-Offs!,,,Embellishments,,,,,,
391304,student-review,Joseph Davissen - Chord Changes,,,,,,,Chords,,
391634,course,Chord Resources,,,,,,,Chords,,
392201,quick-tips,Guitareo/Singeo Collab Announcement,,,,,,,,,Other
392247,student-review,Centersnare - Ear Training,,,Ear Training,,,,,,
394130,student-review,Holger Strunk - Being Creative With Solos,,,,,,Improvisation & Songwriting,,,
394596,student-review,VintageAquaman - How To Improvise,,,,,,Improvisation & Songwriting,,,
394859,recording,Wagon Wheel (Guitareo/Singeo Collaboration),,,,,,,,,Performance
398017,student-review,Allison B - Playing The Guitar,,,,,,,,,Practice Tips
399098,student-review,Suntres - Working On Timing,,,,,,,,,Practice Tips
399156,quick-tips,Musora 2023 Winter Recital Announcement,,,,,,,,,Other
399229,student-review,Allison B. - Learning Fingerstyle,,,,,,,,,Practice Tips
402956,student-review,Iris E - Strumming And Singing,,,,,,,,,Practice Tips
