id,type,title,CMS URL,URL,Published Date,Original Topic,Genre,Essentials-1,Essentials-2,Theory-1,Theory-2,Creativity-1,Creativity-2,Lifestyle-1,Lifestyle-2
394762,quick-tips,Wagon Wheel (Guitareo/Singeo Collaboration),https://admin.musora.com/admin#/content/singeo/394762,https://www.musora.com/singeo/quick-tips/wagon-wheel-guitareosingeo-collaboration/394762,2023-08-16,Collaboration,,,,,,,,Performance,
392356,quick-tips,Guitareo/Singeo Collab Announcement,https://admin.musora.com/admin#/content/singeo/392356,https://www.musora.com/singeo/quick-tips/guitareosingeo-collab-announcement/392356,2023-07-04,Collaboration,,,,,,,,Performance,
391271,quick-tips,Musora 2023 Summer Recital Announcement,https://admin.musora.com/admin#/content/singeo/391271,https://www.musora.com/singeo/quick-tips/musora-2023-summer-recital-announcement/391271,2023-06-02,Collaboration,,,,,,,,Performance,
388884,quick-tips,"Duet Roulette Round 4 (Video 2): ""You'll Be In My Heart""",https://admin.musora.com/admin#/content/singeo/388884,https://www.musora.com/singeo/quick-tips/duet-roulette-round-4-video-2-you-ll-be-in-my-heart/388884,2023-04-12,Collaboration,,,,,Harmony,,,Performance,
388856,quick-tips,"Duet Roulette Round 4 (Video 1): ""You'll Be In My Heart""",https://admin.musora.com/admin#/content/singeo/388856,https://www.musora.com/singeo/quick-tips/duet-roulette-round-4-video-1-you-ll-be-in-my-heart/388856,2023-04-12,Collaboration,,,,,Harmony,,,Performance,
387210,quick-tips,Duet Roulette Announcement - Round 4,https://admin.musora.com/admin#/content/singeo/387210,https://www.musora.com/singeo/quick-tips/duet-roulette-announcement-round-4/387210,2023-03-01,Collaboration,,,,,,,,Performance,
382359,quick-tips,How To Sound Better When You Sing,https://admin.musora.com/admin#/content/singeo/382359,https://www.musora.com/singeo/quick-tips/how-to-sound-better-when-you-sing/382359,2023-01-30,Tips & Tricks,,Routines,,,,,,,
381985,quick-tips,Julia Reacts To Spiritbox,https://admin.musora.com/admin#/content/singeo/381985,https://www.musora.com/singeo/quick-tips/julia-reacts-to-spiritbox/381985,2023-01-23,Reacts,,Style,,,,,,Performance,
381714,quick-tips,The Easiest Harmony In The World,https://admin.musora.com/admin#/content/singeo/381714,https://www.musora.com/singeo/quick-tips/the-easiest-harmony-in-the-world/381714,2023-01-16,Tips & Tricks,,,,,Harmony,,,Performance,
381371,quick-tips,"Lisa Reacts To ""Boomerang"" By Yebba",https://admin.musora.com/admin#/content/singeo/381371,https://www.musora.com/singeo/quick-tips/lisa-reacts-to-boomerang-by-yebba/381371,2023-01-09,Reacts,,Style,,,,,,Performance,
377362,quick-tips,How To Warm-Up Your Voice For Singing,https://admin.musora.com/admin#/content/singeo/377362,https://www.musora.com/singeo/quick-tips/how-to-warm-up-your-voice-for-singing/377362,2023-01-02,Routines,,,,,,,,,
377298,quick-tips,Lisa Reacts To The Biggest Singing TikToks of 2022,https://admin.musora.com/admin#/content/singeo/377298,https://www.musora.com/singeo/quick-tips/lisa-reacts-to-biggest-singing-tiktoks-of-2022/377298,2022-12-30,Reacts,,Style,,,,,,,
377367,quick-tips,Welcome To Singeo,https://admin.musora.com/admin#/content/singeo/377367,https://www.musora.com/singeo/quick-tips/welcome-to-singeo/377367,2022-12-21,Tips & Tricks,,,,,,,,Practice Tips,
376793,quick-tips,Don't Make This Singing Mistake,https://admin.musora.com/admin#/content/singeo/376793,https://www.musora.com/singeo/quick-tips/don-t-make-this-singing-mistake/376793,2022-12-19,Tips & Tricks,,Routines,Style,,,,,,
377190,quick-tips,Singeo Virtual Choir 2022,https://admin.musora.com/admin#/content/singeo/377190,https://www.musora.com/singeo/quick-tips/singeo-virtual-choir-2022/377190,2022-12-16,Collaboration,,,,,,,,Performance,
377190,quick-tips,Singeo Virtual Choir 2022,https://admin.musora.com/admin#/content/singeo/377190,https://www.musora.com/singeo/quick-tips/singeo-virtual-choir-2022/377190,2022-12-16,Performance,,,,,,,,Performance,
376468,quick-tips,Lisa Reacts To The Voice Of Zooey Deschanel,https://admin.musora.com/admin#/content/singeo/376468,https://www.musora.com/singeo/quick-tips/lisa-reacts-to-the-voice-of-zooey-deschanel/376468,2022-12-12,Reacts,,Style,,,,,,Performance,
376265,quick-tips,3 Singing Exercises To Expand Your Range,https://admin.musora.com/admin#/content/singeo/376265,https://www.musora.com/singeo/quick-tips/3-singing-exercises-to-expand-your-range/376265,2022-12-05,Routines,,Vocal Range,,,,,,,
376134,quick-tips,A Conversation With Hailey Benedict,https://admin.musora.com/admin#/content/singeo/376134,https://www.musora.com/singeo/quick-tips/a-conversation-with-hailey-benedict/376134,2022-11-30,A Conversation With...,,,,,,Improvisation & Songwriting,,Other,
376049,quick-tips,Lisa Reacts to Brandi Carlile,https://admin.musora.com/admin#/content/singeo/376049,https://www.musora.com/singeo/quick-tips/lisa-reacts-to-brandi-carlile/376049,2022-11-28,Reacts,,,,,,,,,
375485,quick-tips,"Duet Roulette Round 3 (Video 2): ""Somethin' Stupid""",https://admin.musora.com/admin#/content/singeo/375485,https://www.musora.com/singeo/quick-tips/duet-roulette-round-3-video-2-somethin-stupid/375485,2022-11-25,Collaboration,,,,,,,,Performance,
375427,quick-tips,"Duet Roulette Round 3 (Video 1): ""Somethin' Stupid""",https://admin.musora.com/admin#/content/singeo/375427,https://www.musora.com/singeo/quick-tips/duet-roulette-round-3-somethin-stupid/375427,2022-11-25,Collaboration,,,,,,,,Performance,
375427,quick-tips,"Duet Roulette Round 3 (Video 1): ""Somethin' Stupid""",https://admin.musora.com/admin#/content/singeo/375427,https://www.musora.com/singeo/quick-tips/duet-roulette-round-3-somethin-stupid/375427,2022-11-25,Performance,,,,,,,,Performance,
375485,quick-tips,"Duet Roulette Round 3 (Video 2): ""Somethin' Stupid""",https://admin.musora.com/admin#/content/singeo/375485,https://www.musora.com/singeo/quick-tips/duet-roulette-round-3-video-2-somethin-stupid/375485,2022-11-25,Performance,,,,,,,,Performance,
376055,quick-tips,Welcome To Musora,https://admin.musora.com/admin#/content/singeo/376055,https://www.musora.com/singeo/quick-tips/welcome-to-musora/376055,2022-11-25,Tips & Tricks,,,,,,,,Practice Tips,
375374,quick-tips,Virtual Choir Announcement (2022),https://admin.musora.com/admin#/content/singeo/375374,https://www.musora.com/singeo/quick-tips/virtual-choir-announcement/375374,2022-11-16,Collaboration,,,,,,,,Performance,
375239,quick-tips,Musora 2022 Winter Recital Announcement,https://admin.musora.com/admin#/content/singeo/375239,https://www.musora.com/singeo/quick-tips/musora-2022-winter-recital-announcement/375239,2022-11-14,Collaboration,,,,,,,,Performance,
375241,quick-tips,"Lisa Reacts To ""Drivers License"" By Olivia Rodrigo",https://admin.musora.com/admin#/content/singeo/375241,https://www.musora.com/singeo/quick-tips/lisa-reacts-to-driver-s-license-by-olivia-rodrigo/375241,2022-11-14,Reacts,,Style,,,,,,Performance,
375065,quick-tips,Songwriting For Singers,https://admin.musora.com/admin#/content/singeo/375065,https://www.musora.com/singeo/quick-tips/songwriting-for-singers/375065,2022-11-07,Songwriting,,,,,,,Improvisation & Songwriting,,
374916,quick-tips,Folsom Prison Blues Performance,https://admin.musora.com/admin#/content/singeo/374916,https://www.musora.com/singeo/quick-tips/folsom-prison-blues-performance/374916,2022-11-02,Performance,,,,,,,,Performance,
373883,course,How To Get Your Voice Heard Online,https://admin.musora.com/admin#/content/singeo/373883,https://www.musora.com/singeo/courses/how-to-get-your-voice-heard-online/373883,2022-11-01,Performances,,,,,,,,Performance,Other
373883,course,How To Get Your Voice Heard Online,https://admin.musora.com/admin#/content/singeo/373883,https://www.musora.com/singeo/courses/how-to-get-your-voice-heard-online/373883,2022-11-01,Social Media,,,,,,,,,
374757,quick-tips,Lisa Reacts To Midnights By Taylor Swift,https://admin.musora.com/admin#/content/singeo/374757,https://www.musora.com/singeo/quick-tips/lisa-reacts-to-midnights-by-taylor-swift/374757,2022-10-31,Reacts,,Style,,,,,,Performance,
374466,quick-tips,Complete Vocal Warm-Up,https://admin.musora.com/admin#/content/singeo/374466,https://www.musora.com/singeo/quick-tips/complete-vocal-warm-up/374466,2022-10-24,Routines,,Routines,,,,,,,
374449,quick-tips,Lisa Hears Dimash For The First Time,https://admin.musora.com/admin#/content/singeo/374449,https://www.musora.com/singeo/quick-tips/lisa-hears-dimash-for-the-first-time/374449,2022-10-19,Reacts,,Style,,,,,,Performance,
373610,course,The Essential Guide To Beautiful Harmonies,https://admin.musora.com/admin#/content/singeo/373610,https://www.musora.com/singeo/courses/the-essential-guide-to-beautiful-harmonies/373610,2022-10-14,Harmony,,,,Harmony,,,,,
373666,quick-tips,Morning Vocal Warm-Up,https://admin.musora.com/admin#/content/singeo/373666,https://www.musora.com/singeo/quick-tips/morning-vocal-warm-up/373666,2022-10-10,Routines,,Routines,,,,,,,
373415,quick-tips,"Lisa Reacts To Chester Bennington Singing ""Rolling In The Deep""",https://admin.musora.com/admin#/content/singeo/373415,https://www.musora.com/singeo/quick-tips/lisa-reacts-to-chester-bennington-singing-rolling-in-the-deep/373415,2022-10-03,Reacts,,Style,,,,,,Performance,
372426,quick-tips,Are You Hurting Your Voice?,https://admin.musora.com/admin#/content/singeo/372426,https://www.musora.com/singeo/quick-tips/are-you-hurting-your-voice/372426,2022-09-26,Tips & Tricks,,Tension,,,,,,,
370555,quick-tips,A Conversation With Chris Johnson,https://admin.musora.com/admin#/content/singeo/370555,https://www.musora.com/singeo/quick-tips/a-conversation-with-chris-johnson/370555,2022-09-19,A Conversation With...,,,,,,,,Podcast,
372262,quick-tips,Duet Roulette Round 3 - Announcement,https://admin.musora.com/admin#/content/singeo/372262,https://www.musora.com/singeo/quick-tips/duet-roulette-round-3-announcement/372262,2022-09-19,Collaboration,,,,,,,,Performance,
371404,quick-tips,All Of Me Song Tutorial,https://admin.musora.com/admin#/content/singeo/371404,https://www.musora.com/singeo/quick-tips/all-of-me-song-tutorial/371404,2022-09-12,Song Tutorial,,,,,,Song Tutorials,,,
370154,quick-tips,Singing Anxiety Solved,https://admin.musora.com/admin#/content/singeo/370154,https://www.musora.com/singeo/quick-tips/singing-anxiety-solved/370154,2022-09-05,Tips & Tricks,,,,,,,,Performance,
369621,course,Movement: The Quickest Way To Improve Your Voice,https://admin.musora.com/admin#/content/singeo/369621,https://www.musora.com/singeo/courses/movement-the-quickest-way-to-improve-your-voice/369621,2022-09-01,Tips & Tricks,,Routines,,,,,,,
369348,quick-tips,Georgia On My Mind Performance,https://admin.musora.com/admin#/content/singeo/369348,https://www.musora.com/singeo/quick-tips/georgia-on-my-mind-performance/369348,2022-08-31,Performance,,,,,,,,Performance,
369297,quick-tips,Songwriting With Tony Lindsay,https://admin.musora.com/admin#/content/singeo/369297,https://www.musora.com/singeo/quick-tips/songwriting-with-tony/369297,2022-08-29,Songwriting,,,,,,,Improvisation & Songwriting,,
367550,quick-tips,"Lisa Reacts To ""As It Was"" By Harry Styles",https://admin.musora.com/admin#/content/singeo/367550,https://www.musora.com/singeo/quick-tips/lisa-reacts-to-as-it-was-by-harry-styles/367550,2022-08-22,Reacts,,Style,,,,,,Performance,
367285,quick-tips,"Soul Singer Reinvents ""I'm Yours"" By Jason Mraz",https://admin.musora.com/admin#/content/singeo/367285,https://www.musora.com/singeo/quick-tips/soul-singer-reinvents-im-yours-by-jason-mraz/367285,2022-08-15,Performance,,,,,,,,Performance,
367285,quick-tips,"Soul Singer Reinvents ""I'm Yours"" By Jason Mraz",https://admin.musora.com/admin#/content/singeo/367285,https://www.musora.com/singeo/quick-tips/soul-singer-reinvents-im-yours-by-jason-mraz/367285,2022-08-15,Tips & Tricks,,Routines,,,,,,,
365815,quick-tips,10-Minute Pitch Training Vocal Routine,https://admin.musora.com/admin#/content/singeo/365815,https://www.musora.com/singeo/quick-tips/10-minute-pitch-training-vocal-routine/365815,2022-08-08,Routines,,,,,,,,,
363172,course,Singing With Soul,https://admin.musora.com/admin#/content/singeo/363172,https://www.musora.com/singeo/courses/singing-with-soul/363172,2022-08-01,Style,,Style,,,,,,,
363172,course,Singing With Soul,https://admin.musora.com/admin#/content/singeo/363172,https://www.musora.com/singeo/courses/singing-with-soul/363172,2022-08-01,Styles,,,,,,,,,
365802,quick-tips,"Lisa Reacts To ""The 30th"" By Billie Eilish",https://admin.musora.com/admin#/content/singeo/365802,https://www.musora.com/singeo/quick-tips/lisa-reacts-to-the-30th-by-billie-eilish/365802,2022-07-29,Reacts,,Style,,,,,,Performance,
365802,quick-tips,"Lisa Reacts To ""The 30th"" By Billie Eilish",https://admin.musora.com/admin#/content/singeo/365802,https://www.musora.com/singeo/quick-tips/lisa-reacts-to-the-30th-by-billie-eilish/365802,2022-07-29,Reacts,,,,,,,,,
365248,quick-tips,Endless Love Performance,https://admin.musora.com/admin#/content/singeo/365248,https://www.musora.com/singeo/quick-tips/endless-love-performance/365248,2022-07-27,Performance,,,,,,,,Performance,
365260,quick-tips,How To Sing A Duet,https://admin.musora.com/admin#/content/singeo/365260,https://www.musora.com/singeo/quick-tips/how-to-sing-a-duet/365260,2022-07-25,Tips & Tricks,,,,,Harmony,,,,
317274,quick-tips,What Singers Need To Know About Autotune,https://admin.musora.com/admin#/content/singeo/317274,https://www.musora.com/singeo/quick-tips/what-singers-need-to-know-about-autotune/317274,2022-07-18,Tips & Tricks,,Pitch,,,,,,,
363532,quick-tips,"Duet Roulette 2 ""(I've Had) The Time Of My Life"" - Video 2",https://admin.musora.com/admin#/content/singeo/363532,https://www.musora.com/singeo/quick-tips/duet-roulette-2-i-ve-had-the-time-of-my-life-video-2/363532,2022-07-12,Collaboration,,,,,,,,Performance,
363530,quick-tips,"Duet Roulette 2 ""(I've Had) The Time Of My Life"" - Video 1",https://admin.musora.com/admin#/content/singeo/363530,https://www.musora.com/singeo/quick-tips/duet-roulette-2-video-1/363530,2022-07-12,Collaboration,,,,,,,,Performance,
363530,quick-tips,"Duet Roulette 2 ""(I've Had) The Time Of My Life"" - Video 1",https://admin.musora.com/admin#/content/singeo/363530,https://www.musora.com/singeo/quick-tips/duet-roulette-2-video-1/363530,2022-07-12,Performance,,,,,,,,Performance,
363532,quick-tips,"Duet Roulette 2 ""(I've Had) The Time Of My Life"" - Video 2",https://admin.musora.com/admin#/content/singeo/363532,https://www.musora.com/singeo/quick-tips/duet-roulette-2-i-ve-had-the-time-of-my-life-video-2/363532,2022-07-12,Performance,,,,,,,,Performance,
332112,quick-tips,Beginner Singer Finds Their Voice - Vocal Coach Lesson,https://admin.musora.com/admin#/content/singeo/332112,https://www.musora.com/singeo/quick-tips/the-most-musical-time-of-the-year/332112,2022-07-11,Anyone Can Sing,,,,,,,Riffs & Runs,,
362329,quick-tips,"Lisa Reacts To ""Running Up That Hill""",https://admin.musora.com/admin#/content/singeo/362329,https://www.musora.com/singeo/quick-tips/vocal-coach-reacts-to-running-up-that-hill/362329,2022-07-04,Reacts,,Style,,,,,,Performance,
362329,quick-tips,"Lisa Reacts To ""Running Up That Hill""",https://admin.musora.com/admin#/content/singeo/362329,https://www.musora.com/singeo/quick-tips/vocal-coach-reacts-to-running-up-that-hill/362329,2022-07-04,Tips & Tricks,,,,,,,,,
361067,quick-tips,Four Walls - Original Song Performance,https://admin.musora.com/admin#/content/singeo/361067,https://www.musora.com/singeo/quick-tips/four-walls-performance/361067,2022-06-27,Performance,,,,,,,,Performance,
361067,quick-tips,Four Walls - Original Song Performance,https://admin.musora.com/admin#/content/singeo/361067,https://www.musora.com/singeo/quick-tips/four-walls-performance/361067,2022-06-27,Performance,,,,,,,,,
360435,quick-tips,7 Days To A Beautiful Voice,https://admin.musora.com/admin#/content/singeo/360435,https://www.musora.com/singeo/quick-tips/7-days-to-a-beautiful-voice/360435,2022-06-20,Routines,,Routines,,,,,,,
359715,quick-tips,I'll Be There Performance,https://admin.musora.com/admin#/content/singeo/359715,https://www.musora.com/singeo/quick-tips/i-ll-be-there-performance/359715,2022-06-13,Performance,,,,,,,,Performance,
358642,quick-tips,Ear Training For Singers,https://admin.musora.com/admin#/content/singeo/358642,https://www.musora.com/singeo/quick-tips/ear-training-for-singers/358642,2022-06-06,Routines,,,,Ear Training,,,,,
358642,quick-tips,Ear Training For Singers,https://admin.musora.com/admin#/content/singeo/358642,https://www.musora.com/singeo/quick-tips/ear-training-for-singers/358642,2022-06-06,Warm-Ups,,,,,,,,,
358811,quick-tips,How To Upload Your Video To YouTube,https://admin.musora.com/admin#/content/singeo/358811,https://www.musora.com/singeo/quick-tips/how-to-upload-a-video-to-youtube/358811,2022-06-03,Tips & Tricks,,,,,,,,Other,
358813,quick-tips,How To Get The Most Out Of Your Student Review,https://admin.musora.com/admin#/content/singeo/358813,https://www.musora.com/singeo/quick-tips/how-to-get-the-most-out-of-your-student-review/358813,2022-06-03,Tips & Tricks,,,,,,,,Practice Tips,
358780,quick-tips,Duet Roulette Round 2 - Announcement,https://admin.musora.com/admin#/content/singeo/358780,https://www.musora.com/singeo/quick-tips/duet-roulette-round-2-announcement/358780,2022-06-01,Collaboration,,,,,,,,Performance,
358306,quick-tips,"Lisa Reacts To ""Hold My Hand"" By Lady Gaga",https://admin.musora.com/admin#/content/singeo/358306,https://www.musora.com/singeo/quick-tips/vocal-coach-reacts-to-hold-my-hand-by-lady-gaga/358306,2022-05-30,Reacts,,Style,,,,,,Performance,
357665,quick-tips,If We Were A Movie Performance,https://admin.musora.com/admin#/content/singeo/357665,https://www.musora.com/singeo/quick-tips/if-we-were-a-movie-performance/357665,2022-05-23,Performance,,,,,,,,Performance,
356716,quick-tips,The Complete 9 Minute Vocal Routine,https://admin.musora.com/admin#/content/singeo/356716,https://www.musora.com/singeo/quick-tips/the-complete-9-minute-vocal-routine/356716,2022-05-16,Routines,,Routines,,,,,,,
355656,quick-tips,How To Start Writing Songs,https://admin.musora.com/admin#/content/singeo/355656,https://www.musora.com/singeo/quick-tips/how-to-start-writing-songs/355656,2022-05-09,Songwriting,,,,,,Improvisation & Songwriting,,,
355656,quick-tips,How To Start Writing Songs,https://admin.musora.com/admin#/content/singeo/355656,https://www.musora.com/singeo/quick-tips/how-to-start-writing-songs/355656,2022-05-09,Tips & Tricks,,,,,,,,,
354973,quick-tips,Summer Recital Announcement (2022),https://admin.musora.com/admin#/content/singeo/354973,https://www.musora.com/singeo/quick-tips/summer-recital-announcement/354973,2022-05-03,Collaboration,,,,,,,,Performance,
354373,quick-tips,The Easy Way To Record Your Voice,https://admin.musora.com/admin#/content/singeo/354373,https://www.musora.com/singeo/quick-tips/the-easy-way-to-record-your-voice/354373,2022-05-02,Tips & Tricks,,,,,,,,Gigging Tips & Gear,
354346,course,Defining Yourself As A Singer,https://admin.musora.com/admin#/content/singeo/354346,https://www.musora.com/singeo/courses/defining-yourself-as-a-singer/354346,2022-05-01,Style,,Style,,,,,,,
354346,course,Defining Yourself As A Singer,https://admin.musora.com/admin#/content/singeo/354346,https://www.musora.com/singeo/courses/defining-yourself-as-a-singer/354346,2022-05-01,Styles,,,,,,,,,
354346,course,Defining Yourself As A Singer,https://admin.musora.com/admin#/content/singeo/354346,https://www.musora.com/singeo/courses/defining-yourself-as-a-singer/354346,2022-05-01,Tips & Tricks,,,,,,,,,
354346,course,Defining Yourself As A Singer,https://admin.musora.com/admin#/content/singeo/354346,https://www.musora.com/singeo/courses/defining-yourself-as-a-singer/354346,2022-05-01,Tips & Tricks,,,,,,,,,
354715,quick-tips,Groupie Performance,https://admin.musora.com/admin#/content/singeo/354715,https://www.musora.com/singeo/quick-tips/groupie-performance-by-cate/354715,2022-04-29,Performance,,,,,,,,Performance,
354125,quick-tips,15 Minute Daily Vocal Routine For A Strong Voice,https://admin.musora.com/admin#/content/singeo/354125,https://www.musora.com/singeo/quick-tips/15-minute-daily-vocal-routine-for-a-strong-voice/354125,2022-04-25,Routines,,Routines,,,,,,,
354125,quick-tips,15 Minute Daily Vocal Routine For A Strong Voice,https://admin.musora.com/admin#/content/singeo/354125,https://www.musora.com/singeo/quick-tips/15-minute-daily-vocal-routine-for-a-strong-voice/354125,2022-04-25,Tips & Tricks,,,,,,,,,
353561,quick-tips,Singers - You Should Play The Piano,https://admin.musora.com/admin#/content/singeo/353561,https://www.musora.com/singeo/quick-tips/singers-you-should-play-the-piano/353561,2022-04-18,Tips & Tricks,,,,,,Chords,,Other,
353245,quick-tips,"Duet Roulette ""I Got You Babe"" - Video 2",https://admin.musora.com/admin#/content/singeo/353245,https://www.musora.com/singeo/quick-tips/duet-roulette-i-ve-got-you-babe-part-2/353245,2022-04-13,Collaboration,,,,,,,,Performance,
353244,quick-tips,"Duet Roulette ""I Got You Babe"" - Video 1",https://admin.musora.com/admin#/content/singeo/353244,https://www.musora.com/singeo/quick-tips/duet-roulette-i-ve-got-you-babe-video-1/353244,2022-04-13,Collaboration,,,,,,,,Performance,
353244,quick-tips,"Duet Roulette ""I Got You Babe"" - Video 1",https://admin.musora.com/admin#/content/singeo/353244,https://www.musora.com/singeo/quick-tips/duet-roulette-i-ve-got-you-babe-video-1/353244,2022-04-13,Performance,,,,,,,,,
353245,quick-tips,"Duet Roulette ""I Got You Babe"" - Video 2",https://admin.musora.com/admin#/content/singeo/353245,https://www.musora.com/singeo/quick-tips/duet-roulette-i-ve-got-you-babe-part-2/353245,2022-04-13,Performance,,,,,,,,,
352456,quick-tips,A Singer's Secret Weapon,https://admin.musora.com/admin#/content/singeo/352456,https://www.musora.com/singeo/quick-tips/a-singer-s-secret-weapon/352456,2022-04-11,Tips & Tricks,,Vowel Shapes,,,,,,,
351584,quick-tips,How To Get Better At Singing,https://admin.musora.com/admin#/content/singeo/351584,https://www.musora.com/singeo/quick-tips/how-to-get-better-at-singing/351584,2022-04-04,Tips & Tricks,,Routines,,,,,,,
350715,quick-tips,Am I Singing The Right Note?,https://admin.musora.com/admin#/content/singeo/350715,https://www.musora.com/singeo/quick-tips/am-i-singing-the-right-note/350715,2022-03-28,Tips & Tricks,,Pitch,,,,,,,
350790,course,How To Stop Hating Your Voice,https://admin.musora.com/admin#/content/singeo/350790,https://www.musora.com/singeo/courses/how-to-stop-hating-your-voice/350790,2022-03-25,Tips & Tricks,,Routines,,,,,,,
350790,course,How To Stop Hating Your Voice,https://admin.musora.com/admin#/content/singeo/350790,https://www.musora.com/singeo/courses/how-to-stop-hating-your-voice/350790,2022-03-25,Tips & Tricks,,,,,,,,,
349793,quick-tips,Singing Your Truth,https://admin.musora.com/admin#/content/singeo/349793,https://www.musora.com/singeo/quick-tips/singing-your-truth/349793,2022-03-21,Tips & Tricks,,Style,,,,,,,
349242,quick-tips,Duet Roulette - Announcement,https://admin.musora.com/admin#/content/singeo/349242,https://www.musora.com/singeo/quick-tips/duet-roulette-announcment/349242,2022-03-14,Collaboration,,,,,,,,Performance,
349242,quick-tips,Duet Roulette - Announcement,https://admin.musora.com/admin#/content/singeo/349242,https://www.musora.com/singeo/quick-tips/duet-roulette-announcment/349242,2022-03-14,Collaboration,,,,,,,,,
343342,quick-tips,Can't Help Falling In Love Song Tutorial,https://admin.musora.com/admin#/content/singeo/343342,https://www.musora.com/singeo/quick-tips/can-t-help-falling-in-love-song-tutorial/343342,2022-03-14,Song Tutorial,,,,,,Song Tutorials,,,
345457,quick-tips,What Do Great Singers Have In Common (And What You Can Learn From Them),https://admin.musora.com/admin#/content/singeo/345457,https://www.musora.com/singeo/quick-tips/are-you-a-good-singer/345457,2022-03-07,Tips & Tricks,,Routines,,,,,,,
347097,course,How To Find Your True Voice,https://admin.musora.com/admin#/content/singeo/347097,https://www.musora.com/singeo/courses/how-to-find-your-true-voice/347097,2022-03-01,All,,Style,,,,,,,
347097,course,How To Find Your True Voice,https://admin.musora.com/admin#/content/singeo/347097,https://www.musora.com/singeo/courses/how-to-find-your-true-voice/347097,2022-03-01,All,,,,,,,,,
346932,quick-tips,Sheléa's Top Singing Influences,https://admin.musora.com/admin#/content/singeo/346932,https://www.musora.com/singeo/quick-tips/shelea-performance/346932,2022-02-28,Tips & Tricks,,Style,,,,,,,
341303,quick-tips,Daily Routine For A Healthy Voice,https://admin.musora.com/admin#/content/singeo/341303,https://www.musora.com/singeo/quick-tips/voice-yoga/341303,2022-02-21,Routines,,Routines,,,,,,,
341303,quick-tips,Daily Routine For A Healthy Voice,https://admin.musora.com/admin#/content/singeo/341303,https://www.musora.com/singeo/quick-tips/voice-yoga/341303,2022-02-21,Tips & Tricks,,,,,,,,,
339879,quick-tips,Singer's Speed Challenge,https://admin.musora.com/admin#/content/singeo/339879,https://www.musora.com/singeo/quick-tips/singer-s-speed-challenge/339879,2022-02-14,Routines,,,,,,,,,
339879,quick-tips,Singer's Speed Challenge,https://admin.musora.com/admin#/content/singeo/339879,https://www.musora.com/singeo/quick-tips/singer-s-speed-challenge/339879,2022-02-14,Tips & Tricks,,Routines,,,,,,,
339878,quick-tips,Singing Runs,https://admin.musora.com/admin#/content/singeo/339878,https://www.musora.com/singeo/quick-tips/singing-runs/339878,2022-02-07,Styles,,,,,,Riffs & Runs,,,
339875,quick-tips,Start Singing Right Away,https://admin.musora.com/admin#/content/singeo/339875,https://www.musora.com/singeo/quick-tips/your-first-singing-lesson/339875,2022-01-31,Tips & Tricks,,Vowel Shapes,,,,,,,
337989,quick-tips,Understanding Vocal Registers,https://admin.musora.com/admin#/content/singeo/337989,https://www.musora.com/singeo/quick-tips/understanding-vocal-registers/337989,2022-01-24,Tips & Tricks,,Vocal Range,,,,,,,
336920,quick-tips,How To Get Your Voice Back After Being Sick,https://admin.musora.com/admin#/content/singeo/336920,https://www.musora.com/singeo/quick-tips/how-to-get-your-voice-back-after-being-sick/336920,2022-01-17,Tips & Tricks,,Routines,,,,,,,
336710,quick-tips,5 Goals Of Successful Singers,https://admin.musora.com/admin#/content/singeo/336710,https://www.musora.com/singeo/quick-tips/5-goals-of-successful-singers/336710,2022-01-10,Tips & Tricks,,Routines,,,,,,,
334319,quick-tips,How Your Voice Works,https://admin.musora.com/admin#/content/singeo/334319,https://www.musora.com/singeo/quick-tips/how-your-voice-works/334319,2022-01-03,Routines,,Routines,,,,,,,
334319,quick-tips,How Your Voice Works,https://admin.musora.com/admin#/content/singeo/334319,https://www.musora.com/singeo/quick-tips/how-your-voice-works/334319,2022-01-03,Tips & Tricks,,,,,,,,,
332707,course,The Science Of Singing Better,https://admin.musora.com/admin#/content/singeo/332707,https://www.musora.com/singeo/courses/the-science-of-singing-better/332707,2021-12-31,All,,Vowel Shapes,,,,,,,
332707,course,The Science Of Singing Better,https://admin.musora.com/admin#/content/singeo/332707,https://www.musora.com/singeo/courses/the-science-of-singing-better/332707,2021-12-31,All,,,,,,,,,
331261,quick-tips,10 Best Vocal Performances Of 2021,https://admin.musora.com/admin#/content/singeo/331261,https://www.musora.com/singeo/quick-tips/10-best-vocal-performances-of-2021/331261,2021-12-27,Performance,,,,,,,,Performance,
331261,quick-tips,10 Best Vocal Performances Of 2021,https://admin.musora.com/admin#/content/singeo/331261,https://www.musora.com/singeo/quick-tips/10-best-vocal-performances-of-2021/331261,2021-12-27,Tips & Tricks,,,,,,,,,
331258,quick-tips,5 Tips For Hitting The High Notes,https://admin.musora.com/admin#/content/singeo/331258,https://www.musora.com/singeo/quick-tips/singing-hacks/331258,2021-12-22,Tips & Tricks,,Vocal Range,,,,,,,
331251,quick-tips,The Most Musical Time Of The Year,https://admin.musora.com/admin#/content/singeo/331251,https://www.musora.com/singeo/quick-tips/the-most-musical-time-of-the-year/331251,2021-12-20,Tips & Tricks,,,,,,,,Performance,
331251,quick-tips,The Most Musical Time Of The Year,https://admin.musora.com/admin#/content/singeo/331251,https://www.musora.com/singeo/quick-tips/the-most-musical-time-of-the-year/331251,2021-12-20,Tips & Tricks,,,,,,,,,
331231,quick-tips,Am I Too Old To Sing?,https://admin.musora.com/admin#/content/singeo/331231,https://www.musora.com/singeo/quick-tips/am-i-too-old-to-sing/331231,2021-12-15,Tips & Tricks,,Routines,,,,,,,
331856,quick-tips,Holiday Vocal Warm-Up,https://admin.musora.com/admin#/content/singeo/331856,https://www.musora.com/singeo/quick-tips/holiday-warm-up/331856,2021-12-13,Warm-Ups,,Routines,,,,,,,
330451,quick-tips,All I Want For Christmas Song Tutorial,https://admin.musora.com/admin#/content/singeo/330451,https://www.musora.com/singeo/quick-tips/all-i-want-for-christmas-song-tutorial/330451,2021-12-06,Song Tutorial,,,,,,Song Tutorials,,,
330451,quick-tips,All I Want For Christmas Song Tutorial,https://admin.musora.com/admin#/content/singeo/330451,https://www.musora.com/singeo/quick-tips/all-i-want-for-christmas-song-tutorial/330451,2021-12-06,Song Tutorial,,,,,,,,,
328643,quick-tips,The Worst Singers And Why They Are So Amazing,https://admin.musora.com/admin#/content/singeo/328643,https://www.musora.com/singeo/quick-tips/the-worst-singers-and-why-they-are-so-amazing/328643,2021-11-29,Tips & Tricks,,Style,,,,,,,
329085,quick-tips,Virtual Choir Announcement (2021),https://admin.musora.com/admin#/content/singeo/329085,https://www.musora.com/singeo/quick-tips/singeo-virtual-choir/329085,2021-11-26,Collaboration,,,,,,,,Performance,
327828,quick-tips,What Kind Of Singer Am I?,https://admin.musora.com/admin#/content/singeo/327828,https://www.musora.com/singeo/quick-tips/what-kind-of-singer-am-i/327828,2021-11-22,Tips & Tricks,,Routines,,,,,,,
327383,quick-tips,Easy On Me Song Tutorial,https://admin.musora.com/admin#/content/singeo/327383,https://www.musora.com/singeo/quick-tips/easy-on-me-song-tutorial/327383,2021-11-15,Song Tutorial,,,,,,Song Tutorials,,,
326326,quick-tips,How To Sing With Vibrato,https://admin.musora.com/admin#/content/singeo/326326,https://www.musora.com/singeo/quick-tips/how-to-sing-with-vibrato/326326,2021-11-08,Styles,,Style,,,,,,,
325316,quick-tips,Singeo's Winter Recital Announcement (2021),https://admin.musora.com/admin#/content/singeo/325316,https://www.musora.com/singeo/quick-tips/singeo-s-winter-recital-announcement/325316,2021-11-01,Collaboration,,,,,,,,Performance,
325319,quick-tips,How To Sing Harmonies For Beginners,https://admin.musora.com/admin#/content/singeo/325319,https://www.musora.com/singeo/quick-tips/how-to-sing-harmonies-for-beginners/325319,2021-11-01,Styles,,,,,Harmony,,,Performance,
324450,quick-tips,Why Is Disturbed's Cover Of “Sound Of Silence” So Incredible?,https://admin.musora.com/admin#/content/singeo/324450,https://www.musora.com/singeo/quick-tips/why-is-disturbeds-cover-of-sound-of-silence-so-incredible/324450,2021-10-25,Reacts,,Style,,,,,,,
324318,quick-tips,Easy On Me Performance,https://admin.musora.com/admin#/content/singeo/324318,https://www.musora.com/singeo/quick-tips/easy-on-me-performance/324318,2021-10-22,Performance,,,,,,,,Performance,
323457,quick-tips,What Vocal Mic Is Right For You,https://admin.musora.com/admin#/content/singeo/323457,https://www.musora.com/singeo/quick-tips/what-vocal-mic-is-right-for-you/323457,2021-10-18,Tips & Tricks,,,,,,,,Gigging Tips & Gear,
322526,quick-tips,Increase Your Vocal Range In A Week,https://admin.musora.com/admin#/content/singeo/322526,https://www.musora.com/singeo/quick-tips/improve-your-vocal-range-in-a-week/322526,2021-10-11,Routines,,Vocal Range,,,,,,,
322526,quick-tips,Increase Your Vocal Range In A Week,https://admin.musora.com/admin#/content/singeo/322526,https://www.musora.com/singeo/quick-tips/improve-your-vocal-range-in-a-week/322526,2021-10-11,Tips & Tricks,,,,,,,,,
320408,quick-tips,5 Mistakes Beginner Singers Make,https://admin.musora.com/admin#/content/singeo/320408,https://www.musora.com/singeo/quick-tips/5-mistakes-beginner-singers-make/320408,2021-10-04,tips & tricks,,Routines,,,,,,,
320495,quick-tips,Voice Lesson For Beginners,https://admin.musora.com/admin#/content/singeo/320495,https://www.musora.com/singeo/quick-tips/voice-lessons-for-beginners/320495,2021-09-27,Tips & Tricks,,,,,,,,,
320495,quick-tips,Voice Lesson For Beginners,https://admin.musora.com/admin#/content/singeo/320495,https://www.musora.com/singeo/quick-tips/voice-lessons-for-beginners/320495,2021-09-27,Tips & Tricks,,Routines,,,,,,,
320127,quick-tips,Riptide Song Tutorial,https://admin.musora.com/admin#/content/singeo/320127,https://www.musora.com/singeo/quick-tips/riptide-song-tutorial/320127,2021-09-21,Song Tutorial,,,,,,Song Tutorials,,,
320042,quick-tips,"Lisa Reacts To ""Summer Of Love"" By Shawn Mendes",https://admin.musora.com/admin#/content/singeo/320042,https://www.musora.com/singeo/quick-tips/vocal-coach-reacts-to-summer-of-love-by-shawn-mendes/320042,2021-09-20,Reacts,,Style,,,,,,Performance,
320042,quick-tips,"Lisa Reacts To ""Summer Of Love"" By Shawn Mendes",https://admin.musora.com/admin#/content/singeo/320042,https://www.musora.com/singeo/quick-tips/vocal-coach-reacts-to-summer-of-love-by-shawn-mendes/320042,2021-09-20,Reacts,,,,,,,,,
310414,course,Singing Starter Kit,https://admin.musora.com/admin#/content/singeo/310414,https://www.musora.com/singeo/courses/singing-starter-kit/310414,2021-09-15,Tips & Tricks,,Style,Pitch,,,,,Performance,
310414,course,Singing Starter Kit,https://admin.musora.com/admin#/content/singeo/310414,https://www.musora.com/singeo/courses/singing-starter-kit/310414,2021-09-15,Tips & Tricks,,,,,,,,,
317275,quick-tips,How To Sing Better In 5 Minutes,https://admin.musora.com/admin#/content/singeo/317275,https://www.musora.com/singeo/quick-tips/how-to-sing-better-in-5-minutes/317275,2021-09-06,Tips & Tricks,,Routines,,,,,,Performance,
317271,quick-tips,"Lisa Reacts To Ed Sheeran's ""Bad Habits""",https://admin.musora.com/admin#/content/singeo/317271,https://www.musora.com/singeo/quick-tips/vocal-coach-reacts-to-ed-sheeran-s-bad-habits/317271,2021-08-31,Reacts,,Style,,,,,,Performance,
314076,quick-tips,How To Deal With Stage Fright,https://admin.musora.com/admin#/content/singeo/314076,https://www.musora.com/singeo/quick-tips/why-is-singing-so-scary/314076,2021-08-23,Tips & Tricks,,,,,,,,Performance,
314075,quick-tips,How To Not Embarrass Yourself Singing Karaoke,https://admin.musora.com/admin#/content/singeo/314075,https://www.musora.com/singeo/quick-tips/how-to-not-embarrass-yourself-singing-karaoke/314075,2021-08-16,Tips & Tricks,,,,,,,,Performance,
314072,quick-tips,What I Think Simon Cowell Meant To Say Was ...,https://admin.musora.com/admin#/content/singeo/314072,https://www.musora.com/singeo/quick-tips/what-i-think-simon-cowell-meant-to-say-was/314072,2021-08-10,Styles,,Style,,,,,,Performance,
310409,quick-tips,How To Sing & Play Drums At The Same Time,https://admin.musora.com/admin#/content/singeo/310409,https://www.musora.com/singeo/quick-tips/how-to-sing-and-play-drums-at-the-same-time/310409,2021-08-05,Tips & Tricks,,,,,,,,Other,
310413,course,How To Use Singeo,https://admin.musora.com/admin#/content/singeo/310413,https://www.musora.com/singeo/courses/how-to-use-singeo/310413,2021-07-30,All,,,,,,,,Practice Tips,
310413,course,How To Use Singeo,https://admin.musora.com/admin#/content/singeo/310413,https://www.musora.com/singeo/courses/how-to-use-singeo/310413,2021-07-30,All,,,,,,,,,
310412,quick-tips,BTS - Some Of The Best Vocalists Today?,https://admin.musora.com/admin#/content/singeo/310412,https://www.musora.com/singeo/quick-tips/bts-some-of-the-best-vocalists-today/310412,2021-07-29,Reacts,,Style,,,,,,Performance,
310412,quick-tips,BTS - Some Of The Best Vocalists Today?,https://admin.musora.com/admin#/content/singeo/310412,https://www.musora.com/singeo/quick-tips/bts-some-of-the-best-vocalists-today/310412,2021-07-29,Reacts,,,,,,,,,
310411,quick-tips,What's My Vocal Range?,https://admin.musora.com/admin#/content/singeo/310411,https://www.musora.com/singeo/quick-tips/what-s-my-vocal-range/310411,2021-07-22,Tips & Tricks,,Vocal Range,,,,,,,
310408,quick-tips,Teaching A Metal Guitarist To Sing,https://admin.musora.com/admin#/content/singeo/310408,https://www.musora.com/singeo/quick-tips/a-singers-greatest-enemy/310408,2021-07-15,Tips & Tricks,,Routines,,,,,,Performance,
305330,quick-tips,"Anyone Can Sing, And We'll Prove It",https://admin.musora.com/admin#/content/singeo/305330,https://www.musora.com/singeo/quick-tips/anyone-can-sing-and-we-ll-prove-it/305330,2021-07-03,Anyone Can Sing,,Routines,,,,,,Performance,
305342,quick-tips,From Beginner To Frank Sinatra,https://admin.musora.com/admin#/content/singeo/305342,https://www.musora.com/singeo/quick-tips/from-beginner-to-frank-sinatra/305342,2021-07-03,Anyone Can Sing,,Routines,,,,,,Performance,
309838,quick-tips,"Reacting To ""Butter"" By BTS",https://admin.musora.com/admin#/content/singeo/309838,https://www.musora.com/singeo/quick-tips/reacting-to-butter-by-bts/309838,2021-07-03,Reacts,,Style,,,,,,Performance,
309838,quick-tips,"Reacting To ""Butter"" By BTS",https://admin.musora.com/admin#/content/singeo/309838,https://www.musora.com/singeo/quick-tips/reacting-to-butter-by-bts/309838,2021-07-03,Reacts,,,,,,,,,
305345,quick-tips,Instantly Improve Your Singing Voice,https://admin.musora.com/admin#/content/singeo/305345,https://www.musora.com/singeo/quick-tips/instantly-improve-your-singing-voice/305345,2021-07-03,Routines,,Routines,,,,,,,
305335,quick-tips,The Most Important Vocal Exercise,https://admin.musora.com/admin#/content/singeo/305335,https://www.musora.com/singeo/quick-tips/the-most-important-vocal-exercise/305335,2021-07-03,Routines,,Routines,,,,,,,
309852,quick-tips,Perfect By Ed Sheeran,https://admin.musora.com/admin#/content/singeo/309852,https://www.musora.com/singeo/quick-tips/perfect-by-ed-sheeran/309852,2021-07-03,Song Tutorial,,,,,,Song Tutorials,,,
309836,quick-tips,Lorde - What Makes A Pop Star?,https://admin.musora.com/admin#/content/singeo/309836,https://www.musora.com/singeo/quick-tips/like-lorde-what-makes-a-pop-star/309836,2021-07-03,Styles,,Style,,,,,,,
309852,quick-tips,Perfect By Ed Sheeran,https://admin.musora.com/admin#/content/singeo/309852,https://www.musora.com/singeo/quick-tips/perfect-by-ed-sheeran/309852,2021-07-03,Styles,,,,,,,,,
305330,quick-tips,"Anyone Can Sing, And We'll Prove It",https://admin.musora.com/admin#/content/singeo/305330,https://www.musora.com/singeo/quick-tips/anyone-can-sing-and-we-ll-prove-it/305330,2021-07-03,Tips & Tricks,,,,,,,,,
305334,quick-tips,How To Sing & Play Piano (At The Same Time),https://admin.musora.com/admin#/content/singeo/305334,https://www.musora.com/singeo/quick-tips/how-to-sing-play-piano-at-the-same-time/305334,2021-07-03,Tips & Tricks,,,,,,,,Other,Performance
305336,quick-tips,Singing Facts & Myths,https://admin.musora.com/admin#/content/singeo/305336,https://www.musora.com/singeo/quick-tips/singing-facts-myths/305336,2021-07-03,Tips & Tricks,,Breath Support,,,,,,,
305340,quick-tips,Sing And Play Guitar - Tips And Tricks,https://admin.musora.com/admin#/content/singeo/305340,https://www.musora.com/singeo/quick-tips/sing-and-play-guitar-tips-and-tricks/305340,2021-07-03,Tips & Tricks,,,,,,,,Other,Performance
305346,quick-tips,I Don't Like The Sound Of My Own Voice!,https://admin.musora.com/admin#/content/singeo/305346,https://www.musora.com/singeo/quick-tips/i-don-t-like-the-sound-of-my-own-voice/305346,2021-07-03,Tips & Tricks,,Routines,,,,,,Performance,
305347,quick-tips,Singing Hacks - How To Hit The High Notes,https://admin.musora.com/admin#/content/singeo/305347,https://www.musora.com/singeo/quick-tips/singing-hacks-how-to-hit-the-high-notes/305347,2021-07-03,Tips & Tricks,,Vocal Range,,,,,,,
305349,quick-tips,What Would Beyoncé Do? (Vocal Riffs & Runs),https://admin.musora.com/admin#/content/singeo/305349,https://www.musora.com/singeo/quick-tips/what-would-beyonc-do-vocal-riffs-runs/305349,2021-07-03,Tips & Tricks,,,,,,Riffs & Runs,,,
305350,quick-tips,Pitch - How To Stop Singing Flat,https://admin.musora.com/admin#/content/singeo/305350,https://www.musora.com/singeo/quick-tips/pitch-how-to-stop-singing-flat/305350,2021-07-03,Tips & Tricks,,Pitch,,,,,,,
309831,quick-tips,Finding Your Unique Voice,https://admin.musora.com/admin#/content/singeo/309831,https://www.musora.com/singeo/quick-tips/finding-your-unique-voice/309831,2021-07-03,Tips & Tricks,,Style,,,,,,,
309833,quick-tips,How To Develop Accurate Pitch,https://admin.musora.com/admin#/content/singeo/309833,https://www.musora.com/singeo/quick-tips/how-to-develop-accurate-pitch/309833,2021-07-03,Tips & Tricks,,Pitch,,,,,,,
309844,quick-tips,"The Secret To Singing ""Drivers License""",https://admin.musora.com/admin#/content/singeo/309844,https://www.musora.com/singeo/quick-tips/drivers-license/309844,2021-07-03,Tips & Tricks,,,,,,Song Tutorials,,,
305344,quick-tips,Easy Singing Warm-Up (7 Minutes),https://admin.musora.com/admin#/content/singeo/305344,https://www.musora.com/singeo/quick-tips/easy-singing-warm-up-7-minutes/305344,2021-07-03,Warm-Ups,,Routines,,,,,,,
399157,quick-tips,Musora 2023 Winter Recital Announcement,https://admin.musora.com/admin#/content/singeo/399157,https://www.musora.com/singeo/quick-tips/musora-2023-winter-recital-announcement/399157,2023-11-06,Collaboration,,,,,,,,,
399157,quick-tips,Musora 2023 Winter Recital Announcement,https://admin.musora.com/admin#/content/singeo/399157,https://www.musora.com/singeo/quick-tips/musora-2023-winter-recital-announcement/399157,2023-11-06,All,,,,,,,,,
399473,quick-tips,Singeo Virtual Choir Announcement (2023),https://admin.musora.com/admin#/content/singeo/399473,https://www.musora.com/singeo/quick-tips/singeo-virtual-choir-announcement/399473,2023-11-17,Collaboration,,,,,,,,,
399473,quick-tips,Singeo Virtual Choir Announcement (2023),https://admin.musora.com/admin#/content/singeo/399473,https://www.musora.com/singeo/quick-tips/singeo-virtual-choir-announcement/399473,2023-11-17,Performance,,,,,,,,,
399473,quick-tips,Singeo Virtual Choir Announcement (2023),https://admin.musora.com/admin#/content/singeo/399473,https://www.musora.com/singeo/quick-tips/singeo-virtual-choir-announcement/399473,2023-11-17,All,,,,,,,,,
401351,quick-tips,Singeo Virtual Choir 2023,https://admin.musora.com/admin#/content/singeo/401351,https://www.musora.com/singeo/quick-tips/singeo-virtual-choir-2023/401351,2023-12-15,Collaboration,,,,,,,,,
401351,quick-tips,Singeo Virtual Choir 2023,https://admin.musora.com/admin#/content/singeo/401351,https://www.musora.com/singeo/quick-tips/singeo-virtual-choir-2023/401351,2023-12-15,Performance,,,,,,,,,
