Name,Section/Column,Due Date,Tags,Copyright,XP,Instructor,Status - Workouts,Style,Topic Filter,Difficulty,Asset Folder,Video ID - Workouts,Duration,SSID - Workouts,Chapter 1,Chapter 2,Chapter 3,Chapter 4,Chapter 5,Chapter 6,Thumbnail URL,Video Host,Thumbnail Name
Bar Chord Strength,Launch Workouts (January 1st),,,No,200,Sami Ghawi,Ready,Folk,Acoustic,,https://drive.google.com/drive/folders/17EmazrW4DmDTUvuOievNGNelHcSEHCMU?usp=drive_link,889149615,358,r9gwc,Exercise #1:36,Exercise #2:90,Exercise #3:143,Exercise #4:196,Exercise #5:358,Outro:346,https://musora-web-platform.s3.amazonaws.com/workouts/guitareo/Bar-Chord-Strength.jpg,Vimeo,bar-chord-strength.jpg
"Changing Between The Pyramid Chords (E, Am, Dm)",Launch Workouts (January 1st),,,No,200,Sami Ghawi,Ready,Folk,Acoustic,,https://drive.google.com/drive/folders/17EmazrW4DmDTUvuOievNGNelHcSEHCMU?usp=drive_link,889836742,655,wKgwc,Exercise #1:35,Exercise #2:215,Exercise #3:323,Exercise #4:431,Exercise #5:539,Outro:635,https://musora-web-platform.s3.amazonaws.com/workouts/guitareo/Changing-Pyramid-Chords-e-am-dm.jpg,Vimeo,changing-between-the-pyramid-chords-e-am-dm.jpg
Reggae and Ska Strumming Pattern,Launch Workouts (January 1st),,,No,200,Sami Ghawi,Ready,Latin/World,Acoustic,,https://drive.google.com/drive/folders/17EmazrW4DmDTUvuOievNGNelHcSEHCMU?usp=drive_link,889214938,364,W-gwc,Exercise #1:36,Exercise #2:195,Exercise #3:270,Exercise #4:323,Outro:345,,https://musora-web-platform.s3.amazonaws.com/workouts/guitareo/Reggae-And-Ska-Strumming-Pattern.jpg,Vimeo,reggae-and-ska-strumming-pattern.jpg
Jim N Jack Strumming Pattern With Pick,Launch Workouts (January 1st),,,No,200,Sami Ghawi,Ready,Folk,Acoustic,,https://drive.google.com/drive/folders/17EmazrW4DmDTUvuOievNGNelHcSEHCMU?usp=drive_link,888773110,617,dKgwc,Exercise #1:24,Exercise #2:72,Exercise #3:120,Exercise #4:232,Exercise #5:344,Outro:601,https://musora-web-platform.s3.amazonaws.com/workouts/guitareo/Jim-N-Jack-Strumming-pattern-with-pick.jpg,Vimeo,jim-n-jack-strumming-pattern-with-pick.jpg
Major Scale Warmup,Launch Workouts (January 1st),,,No,200,Kent Shores,Ready,Pop,Acoustic,,https://drive.google.com/drive/folders/17EmazrW4DmDTUvuOievNGNelHcSEHCMU?usp=drive_link,889865851,671,1lhwc,Exercise #1:31,Exercise #2:175,Exercise #3:255,Exercise #4:335,Exercise #5:575,Wrap Up:639,https://musora-web-platform.s3.amazonaws.com/workouts/guitareo/Beginner-Major-Scale-Warmup.jpg,Vimeo,major-scale-warmup.jpg
5 Minute Fingerstyle Warmup,Launch Workouts (January 1st),,,No,200,Dave Martone,Ready,Folk,Acoustic,,https://drive.google.com/drive/folders/17EmazrW4DmDTUvuOievNGNelHcSEHCMU?usp=drive_link,889805552,353,xmQwc,Exercise #1:30,Exercise #2:102,Exercise #3:184,Exercise #4:266,Outro:338,,https://musora-web-platform.s3.amazonaws.com/workouts/guitareo/5-Minute-Fingerstyle-Warmup.jpg,Vimeo,5-minute-fingerstyle-warmup.jpg
Fretboard Knowledge,Launch Workouts (January 1st),,,No,200,Dave Martone,Ready,Pop,Acoustic,,https://drive.google.com/drive/folders/17EmazrW4DmDTUvuOievNGNelHcSEHCMU?usp=drive_link,888767143,355,GmQwc,Exercise #1:38,Exercise #2:113,Exercise #3:193,Exercise #4:268,Wrap Up:337,,https://musora-web-platform.s3.amazonaws.com/workouts/guitareo/Beginner-Fretboard-Knowledge.jpg,Vimeo,fretboard-knowledge.jpg
10-Minute Picking Warmup,Launch Workouts (January 1st),,,No,200,Alex Flock,Ready,Folk,Acoustic,,https://drive.google.com/drive/folders/17EmazrW4DmDTUvuOievNGNelHcSEHCMU?usp=drive_link,887328728,634,WPswc,Exercise #1:21,Exercise #2:160,Exercise #3:298,Exercise #4:461,Outro:641,,https://musora-web-platform.s3.amazonaws.com/workouts/guitareo/10-Minute-Picking-Warmup.jpg,Vimeo,10minute-picking-warmup.jpg
Power Chords And Finger Walks Warmup,Launch Workouts (January 1st),,,No,200,Dave Martone,Ready,Folk,Acoustic,,https://drive.google.com/drive/folders/17EmazrW4DmDTUvuOievNGNelHcSEHCMU?usp=drive_link,890193914,727,lmQwc,Warm Up/Finger Walk #1:64,Chords/Blues:216,Finger Walk #2/Blues Variation #2:352,Finger Walk #3/Blues Variation #3:504,Wrap Up:696,,https://d1923uyy6spedc.cloudfront.net/Power-Chords-and-Finger-Walks-warmup-1702661395.jpg,Vimeo,power-chords-and-finger-walks-warmup.jpg
Finger Dexterity Warmup,Launch Workouts (January 1st),,,No,200,Kent Shores,Ready,Rock,Acoustic,,https://drive.google.com/drive/folders/17EmazrW4DmDTUvuOievNGNelHcSEHCMU?usp=drive_link,890146808,363,fcCwc,Exercise #1:28,Exercise #2:252,Exercise #3:300,Wrap Up:332,,,https://musora-web-platform.s3.amazonaws.com/workouts/guitareo/Beginner-Finger-Dexterity-Warmup.jpg,Vimeo,finger-dexterity-warmup.jpg
Fingerstyle Rolls,Launch Workouts (January 1st),,,No,200,Alex Flock,Ready,Folk,Acoustic,,https://drive.google.com/drive/folders/17EmazrW4DmDTUvuOievNGNelHcSEHCMU?usp=drive_link,887321972,663,mLswc,Exercise #1:39,Exercise #2:216,Exercise #3:320,Exercise #4:556,Outro:659,,https://musora-web-platform.s3.amazonaws.com/workouts/guitareo/Beginner-Fingerstyle-Rolls.jpg,Vimeo,fingerstyle-rolls.jpg
A Major Chord Foundations,Launch Workouts (January 1st),,,No,200,Ayla Tesler-Mabe,Ready,Folk,Acoustic,,https://drive.google.com/drive/folders/17EmazrW4DmDTUvuOievNGNelHcSEHCMU?usp=drive_link,889646710,348,SpWwc,Easy Chord:35,Quarter Notes:145,Full Chord:199,Quarter Notes:309,Outro:637,,https://musora-web-platform.s3.amazonaws.com/workouts/guitareo/A-Major-Chord-Foundations.jpg,Vimeo,a-major-chord-foundations.jpg
A Minor Chord Foundations,Launch Workouts (January 1st),,,No,200,Ayla Tesler-Mabe,Ready,Folk,Acoustic,,https://drive.google.com/drive/folders/17EmazrW4DmDTUvuOievNGNelHcSEHCMU?usp=drive_link,878079092,325,cNBwc,Easy Chord:13,Quarter Notes:123,Full Chord:177,Quarter Notes:287,Outro:314,,https://musora-web-platform.s3.amazonaws.com/workouts/guitareo/A-Minor-Chord-Foundations.jpg,Vimeo,a-minor-chord-foundations.jpg
C Major Chord Foundations,Launch Workouts (January 1st),,,No,200,Ayla Tesler-Mabe,Ready,Folk,Acoustic,,https://drive.google.com/drive/folders/17EmazrW4DmDTUvuOievNGNelHcSEHCMU?usp=drive_link,878123603,340,fNBwc,Easy Chord:24,Quarter Notes:134,Full Chord:189,Quarter Notes:298,Outro:326,,https://musora-web-platform.s3.amazonaws.com/workouts/guitareo/C-Major-Chord-Foundations.jpg,Vimeo,c-major-chord-foundations.jpg
D Major Chord Foundations,Launch Workouts (January 1st),,,No,200,Ayla Tesler-Mabe,Ready,Folk,Acoustic,,https://drive.google.com/drive/folders/17EmazrW4DmDTUvuOievNGNelHcSEHCMU?usp=drive_link,878075503,344,fyBwc,Easy Chord:30,Quarter Notes:140,Full Chord:195,Quarter Notes:305,Outro:332,,https://musora-web-platform.s3.amazonaws.com/workouts/guitareo/D-Major-Chord-Foundations.jpg,Vimeo,d-major-chord-foundations.jpg
D Minor Chord Foundations,Launch Workouts (January 1st),,,No,200,Ayla Tesler-Mabe,Ready,Folk,Acoustic,,https://drive.google.com/drive/folders/17EmazrW4DmDTUvuOievNGNelHcSEHCMU?usp=drive_link,878079522,344,ZyBwc,Easy Chord:32,Quarter Notes:142,Full Chord:197,Quarter Notes:307,Outro:334,,https://musora-web-platform.s3.amazonaws.com/workouts/guitareo/D-Minor-Chord-Foundations.jpg,Vimeo,d-minor-chord-foundations.jpg
E Major Chord Foundations,Launch Workouts (January 1st),,,No,200,Ayla Tesler-Mabe,Ready,Folk,Acoustic,,https://drive.google.com/drive/folders/17EmazrW4DmDTUvuOievNGNelHcSEHCMU?usp=drive_link,888908655,327,tyBwc,Easy Chord:18,Quarter Notes:128,Full Chord:183,Quarter Notes:292,Outro:320,,https://musora-web-platform.s3.amazonaws.com/workouts/guitareo/E-Major-Chord-Foundations.jpg,Vimeo,e-major-chord-foundations.jpg
E Minor Chord Foundations,Launch Workouts (January 1st),,,No,200,Ayla Tesler-Mabe,Ready,Folk,Acoustic,,https://drive.google.com/drive/folders/17EmazrW4DmDTUvuOievNGNelHcSEHCMU?usp=drive_link,889428792,344,ryBwc,Easy Chord: 31,Quarter Notes:140,Full Chord:195,Quarter Notes:305,Outro:333,,https://musora-web-platform.s3.amazonaws.com/workouts/guitareo/E-Minor-Chord-Foundations.jpg,Vimeo,e-minor-chord-foundations.jpg
3 Finger G Chord Foundations,Launch Workouts (January 1st),,,No,200,Ayla Tesler-Mabe,Ready,Folk,Acoustic,,https://drive.google.com/drive/folders/17EmazrW4DmDTUvuOievNGNelHcSEHCMU?usp=drive_link,889662532,349,QzBwc,Easy Chord:32,Quarter Notes:142,Full Chord:197,Quarter Notes:306,Outro:334,,https://musora-web-platform.s3.amazonaws.com/workouts/guitareo/3-Finger-G-Chord-Foundations.jpg,Vimeo,3-finger-g-chord-foundations.jpg
4 Finger G Chord Foundations,Launch Workouts (January 1st),,,No,200,Ayla Tesler-Mabe,Ready,Folk,Acoustic,,https://drive.google.com/drive/folders/17EmazrW4DmDTUvuOievNGNelHcSEHCMU?usp=drive_link,888908481,343,GzBwc,Exercise #1:27,Exercise #2:137,Exercise #3:201,Exercise #4:260,Exercise #5:301,Outro:329,https://musora-web-platform.s3.amazonaws.com/workouts/guitareo/4-Finger-G-Chord-Foundations.jpg,Vimeo,4-finger-g-chord-foundations.jpg
4/4 Strumming Fundamentals,Launch Workouts (January 1st),,,No,200,Alex Flock,Ready,Folk,Acoustic,,https://drive.google.com/drive/folders/17EmazrW4DmDTUvuOievNGNelHcSEHCMU?usp=drive_link,887316248,648,cKswc,Exercise #1:28,Exercise #2:233,Exercise #3:335,Exercise #4:437,Exercise #5:540,Wrap Up:629,https://musora-web-platform.s3.amazonaws.com/workouts/guitareo/4-4-Strumming-fundamentals.jpg,Vimeo,44-strumming-fundamentals.jpg
5-Minute Pinky Strength,Launch Workouts (January 1st),,,No,200,Kent Shores,Ready,Rock,Electric,,https://drive.google.com/drive/folders/17EmazrW4DmDTUvuOievNGNelHcSEHCMU,888908954,363,44zwc,Exercise #1:37,Exercise #2:85,Exercise #3:133,Exercise #4:181,Exercise #5:229,Wrap Up:337,https://musora-web-platform.s3.amazonaws.com/workouts/guitareo/5-Minute-Pinky-Strength.jpg,Vimeo,5minute-pinky-strength.jpg
5-Minute Finger Stretch,Launch Workouts (January 1st),,,No,200,Kent Shores,Ready,Rock,Electric,,https://drive.google.com/drive/folders/17EmazrW4DmDhttps://drive.google.com/drive/folders/17EmazrW4DmDTUvuOievNGNelHcSEHCMUTUvuOievNGNelHcSEHCMU,889543458,384,Y1Nwc,Roots:47,Separated:124,Separated #2:201,Add In Rhythm:316,Outro:354,,https://musora-web-platform.s3.amazonaws.com/workouts/guitareo/5-Minute-Finger-Stretch.jpg,Vimeo,5minute-finger-stretch.jpg
10-Minute Electric Warmup,Launch Workouts (January 1st),,,No,200,Andrew Clarke,Ready,Pop,Electric,,https://drive.google.com/drive/folders/17EmazrW4DmDTUvuOievNGNelHcSEHCMU?usp=drive_link,885398215,634,Ylxwc,Muted Strums:26,G Chord:218,G And C Chord:266,"G, C, And D Chord:314",Single Notes Warmup:434,Outro:626,https://musora-web-platform.s3.amazonaws.com/workouts/guitareo/10-Minute-Beginner-Electric-Warmup.jpg,Vimeo,10minute-electric-warmup.jpg
Bending Fundamentals,Launch Workouts (January 1st),,,No,200,Ayla Tesler-Mabe,Ready,Rock,Electric,,https://drive.google.com/drive/folders/17EmazrW4DmDTUvuOievNGNelHcSEHCMU?usp=drive_link,889553701,370,tSWwc,Slow Bend/Fast Bend:18,Bend/Choke:210,Bend/Vibrato:269,Wrap Up:343,,,https://musora-web-platform.s3.amazonaws.com/workouts/guitareo/Bending-Fundamentals.jpg,Vimeo,bending-fundamentals.jpg
E Minor Pentatonic Scale Foundations,Launch Workouts (January 1st),,,No,200,Ayla Tesler-Mabe,Ready,Rock,Electric,,https://drive.google.com/drive/folders/17EmazrW4DmDTUvuOievNGNelHcSEHCMU?usp=drive_link,890152468,639,8pWwc,6th And 5th Strings:17,4th String:101,3rd String:179,2nd String:281,1st String:407,Outro:629,https://musora-web-platform.s3.amazonaws.com/workouts/guitareo/Beginner-E-Minor-Pentatonic-Scale-Foundations.jpg,Vimeo,e-minor-pentatonic-scale-foundations.jpg
E Minor Blues Scale Foundations,Launch Workouts (January 1st),,,No,200,Ayla Tesler-Mabe,Ready,Blues,Electric,,https://drive.google.com/drive/folders/17EmazrW4DmDTUvuOievNGNelHcSEHCMU?usp=drive_link,878086845,681,GpWwc,6th And 5th Strings:20,4th String:110,3rd String:188,2nd String:284,1st String:398,Wrap Up:659,https://musora-web-platform.s3.amazonaws.com/workouts/guitareo/Beginner-E-Minor-Blues-Scale-Foundations.jpg,Vimeo,e-minor-blues-scale-foundations.jpg
A Minor Blues Scale Foundations,Launch Workouts (January 1st),,,No,200,Ayla Tesler-Mabe,Ready,Blues,Electric,,https://drive.google.com/drive/folders/17EmazrW4DmDTUvuOievNGNelHcSEHCMU?usp=drive_link,889536805,668,KpWwc,6th And 5th Strings:15,4th String:105,3rd String:183,2nd String:279,1st String:393,Outro:651,https://musora-web-platform.s3.amazonaws.com/workouts/guitareo/Beginner-A-Minor-Blues-Scale-Foundations.jpg,Vimeo,a-minor-blues-scale-foundations.jpg
A Minor Pentatonic Scale Foundations,Launch Workouts (January 1st),,,No,200,Ayla Tesler-Mabe,Ready,Rock,Electric,,https://drive.google.com/drive/folders/17EmazrW4DmDTUvuOievNGNelHcSEHCMU?usp=drive_link,889648366,639,3pWwc,6th And 5th Strings:18,4th String:102,3rd String:180,2nd String:282,1st String:408,Outro:630,https://musora-web-platform.s3.amazonaws.com/workouts/guitareo/Beginner-A-Minor-Pentatonic-Scale-Foundations.jpg,Vimeo,a-minor-pentatonic-scale-foundations.jpg
A Minor Pentatonic Variations,Launch Workouts (January 1st),,,No,200,Kent Shores,Ready,Rock,Electric,,https://drive.google.com/drive/folders/17EmazrW4DmDTUvuOievNGNelHcSEHCMU?usp=drive_link,889547097,679,3YNwc,Exercise #1:23,Exercise #2:200,Exercise #3:370,Exercise #4:554,Wrap Up:650,,https://musora-web-platform.s3.amazonaws.com/workouts/guitareo/Intermediate-A-Minor-Pentatonic-Variations.jpg,Vimeo,a-minor-pentatonic-variations.jpg
3 Note Per String Scale Warmup,Launch Workouts (January 1st),,,No,200,Kent Shores,Ready,Rock,Electric,,https://drive.google.com/drive/folders/17EmazrW4DmDTUvuOievNGNelHcSEHCMU?usp=drive_link,888552765,695,-lhwc,Exercise #1:50,Exercise #2:114,Exercise #3:178,Exercise #4:242,Exercise #5:434,Wrap Up:642,https://musora-web-platform.s3.amazonaws.com/workouts/guitareo/3-Note-Per-String-Scale.jpg,Vimeo,3-note-per-string-scale-warmup.jpg
10-Minute Minor Arpeggio Warmup,Launch Workouts (January 1st),,,No,200,Kent Shores,Ready,Rock,Electric,,https://drive.google.com/drive/folders/17EmazrW4DmDTUvuOievNGNelHcSEHCMU?usp=drive_link,888553442,681,wf6wc,Exercise #1:49,Exercise #2:199,Exercise #3:348,Exercise #4:497,Wrap Up:636,,https://musora-web-platform.s3.amazonaws.com/workouts/guitareo/10-Minute-Minor-Arpeggio-Warmup.jpg,Vimeo,10minute-minor-arpeggio-warmup.jpg
10-Minute Major Arpeggio Warmup,Launch Workouts (January 1st),,,No,200,Kent Shores,Ready,Rock,Electric,,https://drive.google.com/drive/folders/17EmazrW4DmDTUvuOievNGNelHcSEHCMU?usp=drive_link,888553222,672,Df6wc,Exercise #1:47,Exercise #2:196,Exercise #3:345,Exercise #4:495,Wrap Up:633,,https://musora-web-platform.s3.amazonaws.com/workouts/guitareo/10-Minute-Major-Arpeggio-Warmup.jpg,Vimeo,10minute-major-arpeggio-warmup.jpg
Color Chord Basics,Launch Workouts (January 1st),,,No,200,Ayla Tesler-Mabe,Ready,Pop,Electric,,https://drive.google.com/drive/folders/17EmazrW4DmDTUvuOievNGNelHcSEHCMU?usp=drive_link,887090673,677,6SWwc,"C, Am, F And G:44",Cmaj7 And Am7:108,Fmaj7 And G7:236,"Cmaj7 And Fmaj7, Am7 And G7:364","Cmaj7, Am7, Fmaj7 And G7:492",Wrap Up:677,https://musora-web-platform.s3.amazonaws.com/workouts/guitareo/Color-Chord-Basics.jpg,Vimeo,color-chord-basics.jpg
Constant Strumming Technique,Launch Workouts (January 1st),,,No,200,Andrew Clarke,Ready,Folk,Electric,,https://drive.google.com/drive/folders/17EmazrW4DmDTUvuOievNGNelHcSEHCMU?usp=drive_link,885397656,668,Hqxwc,Exercise #1:24,Exercise #2:204,Exercise #3:382,Exercise #4:526,Outro:660,,https://musora-web-platform.s3.amazonaws.com/workouts/guitareo/Constant-Strumming-Technique.jpg,Vimeo,constant-strumming-technique.jpg
Neo-Soul Essentials,Launch Workouts (January 1st),,,No,200,Ayla Tesler-Mabe,Ready,R&B/Soul,Electric,,https://drive.google.com/drive/folders/17EmazrW4DmDTUvuOievNGNelHcSEHCMU?usp=drive_link,878099154,344,-yLwc,Chords:22,Hammer-On:75,Hammer-On & Pull-Off:182,Improvise:288,Outro:331,,https://musora-web-platform.s3.amazonaws.com/workouts/guitareo/Neo-Soul-Essentials.jpg,Vimeo,neosoul-essentials.jpg
Punk Strumming Essentials,Launch Workouts (January 1st),,,No,200,Kent Shores,Ready,Rock,Electric,,https://drive.google.com/drive/folders/17EmazrW4DmDTUvuOievNGNelHcSEHCMU?usp=drive_link,888907224,698,8hJwc,Exercise #1:49,Exercise #2:203,Exercise #3:401,Exercise #4:529,Wrap Up:657,,https://musora-web-platform.s3.amazonaws.com/workouts/guitareo/Punk-Strumming-Essentials.jpg,Vimeo,punk-strumming-essentials.jpg
E Major Improvisation,Launch Workouts (January 1st),,,No,200,Andrew Clarke,Ready,Pop,Electric,,https://drive.google.com/drive/folders/17EmazrW4DmDTUvuOievNGNelHcSEHCMU?usp=drive_link,885405743,694,14xwc,Exercise #1:29,Exercise #2:258,Exercise #3:491,Wrap Up:677,,,https://musora-web-platform.s3.amazonaws.com/workouts/guitareo/Intermediate-E-Major-Improvisation.jpg,Vimeo,e-major-improvisation.jpg
Funk Guitar Essentials,Launch Workouts (January 1st),,,No,200,Ayla Tesler-Mabe,Ready,Funk,Electric,,https://drive.google.com/drive/folders/17EmazrW4DmDTUvuOievNGNelHcSEHCMU?usp=drive_link,878087066,652,1yLwc,Lick On A String:15,E9 Chord:293,Chord Sliding:453,Funk Lick And E9 Chord:559,Wrap-up:623,,https://musora-web-platform.s3.amazonaws.com/workouts/guitareo/Funk-Guitar-Essentials.jpg,Vimeo,funk-guitar-essentials.jpg
Texas Blues Essentials,Launch Workouts (January 1st),,,No,200,Ayla Tesler-Mabe,Ready,Blues,Electric,,https://drive.google.com/drive/folders/17EmazrW4DmDTUvuOievNGNelHcSEHCMU,887091128,618,24Lwc,Shuffle:16,Chords:240,Turnaround:326,Everything Together:432,Outro:624,,https://musora-web-platform.s3.amazonaws.com/workouts/guitareo/Texas-Blues-Essentials.jpg,Vimeo,texas-blues-essentials.jpg
Classic Rock Essentials,Launch Workouts (January 1st),,,No,200,Ayla Tesler-Mabe,Ready,Rock,Electric,,https://drive.google.com/drive/folders/17EmazrW4DmDTUvuOievNGNelHcSEHCMU?usp=drive_link,878126504,913,1SWwc,Power Chords:29,Rock Lick #1 and #2:269,Improvise - Trading:581,Jam:713,Solo:809,Outro:893,https://musora-web-platform.s3.amazonaws.com/workouts/guitareo/Classic-Rock-Essentials.jpg,Vimeo,classic-rock-essentials.jpg
Immigrant Song,Launch Workouts (January 1st),,,Yes,200,Kent Shores,Ready,Rock,Riffs,,https://drive.google.com/drive/folders/17EmazrW4DmDTUvuOievNGNelHcSEHCMU?usp=drive_link,_KgyHrKHlUg,366,Z1Nwc,Exercise #1:28,Exercise #2:97,Exercise #3:131,Exercise #4:165,Exercise #5:251,Outro:337,https://d1923uyy6spedc.cloudfront.net/Immigrant-Song-1702680719.jpg,YouTube,immigrant-song.jpg
(I Can't Get No) Satisfaction,Launch Workouts (January 1st),,,Yes,200,Ayla Tesler-Mabe,Ready,Rock,Riffs,,https://drive.google.com/drive/folders/17EmazrW4DmDTUvuOievNGNelHcSEHCMU?usp=drive_link,OJKUyqtMdZU,331,8KBwc,Exercise #1:36,Exercise #2:91,Exercise #3:147,Exercise #4:203,Outro:314,,https://d1923uyy6spedc.cloudfront.net/I-Can't-Get-No-Satisfaction-1702661275.jpg,YouTube,i-cant-get-no-satisfaction.jpg
Killing in the Name,Launch Workouts (January 1st),,,Yes,200,Ayla Tesler-Mabe,Ready,Rock,Riffs,,https://drive.google.com/drive/folders/17EmazrW4DmDTUvuOievNGNelHcSEHCMU?usp=drive_link,H5zbj9QAIJs,344,-PBwc,Riff Version #1:41,Riff Version #2:113,Riff Version #3:162,Riff Version #4:185,Complete Riff:269,Outro:332,https://musora-web-platform.s3.amazonaws.com/workouts/guitareo/Killing-In-The-Name.jpg,YouTube,killing-in-the-name.jpg
Day Tripper,Launch Workouts (January 1st),,,Yes,200,Ayla Tesler-Mabe,Ready,Rock,Riffs,,https://drive.google.com/drive/folders/17EmazrW4DmDTUvuOievNGNelHcSEHCMU?usp=drive_link,939LLrlOV6I,343,29Bwc,Exercise #1:26,Exercise #2:125,Exercise #3:209,Exercise #4:265,Outro:328,,https://musora-web-platform.s3.amazonaws.com/workouts/guitareo/Day-Tripper.jpg,YouTube,day-tripper.jpg
Sweet Home Alabama,Launch Workouts (January 1st),,,Yes,200,Ayla Tesler-Mabe,Ready,Rock,Riffs,,https://drive.google.com/drive/folders/17EmazrW4DmDTUvuOievNGNelHcSEHCMU?usp=drive_link,oR0DKWjU-dA,651,CKBwc,Exercise #1:40,Exercise #2:210,Exercise #3:260,Exercise #4:360,Exercise #5:510,Outro:630,https://musora-web-platform.s3.amazonaws.com/workouts/guitareo/Sweet-Home-Alabama.jpg,YouTube,sweet-home-alabama.jpg
Wonderwall,Launch Workouts (January 1st),,,Yes,200,Kent Shores,Ready,Rock,Riffs,,https://drive.google.com/drive/folders/17EmazrW4DmDTUvuOievNGNelHcSEHCMU?usp=drive_link,DQgB0B2oXW0,697,QcCwc,Exercise #1:52,Exercise #2:140,Exercise #3:228,Exercise #4:317,Exercise #5:493,Wrap Up:670,https://d1923uyy6spedc.cloudfront.net/Wonderwall-1702680869.jpg,YouTube,wonderwall.jpg
Hey Joe,Launch Workouts (January 1st),,,Yes,200,Ayla Tesler-Mabe,Ready,Rock,Riffs,,https://drive.google.com/drive/folders/17EmazrW4DmDTUvuOievNGNelHcSEHCMU?usp=drive_link,cGa0YbzaPKU,628,c2Bwc,Exercise #1:46,Exercise #2:154,Exercise #3:263,Exercise #4:371,Exercise #5:480,Outro:640,https://musora-web-platform.s3.amazonaws.com/workouts/guitareo/Hey-Joe.jpg,YouTube,hey-joe.jpg
Fast Car,Launch Workouts (January 1st),,,Yes,200,Kent Shores,Ready,Folk,Riffs,,https://drive.google.com/drive/folders/17EmazrW4DmDTUvuOievNGNelHcSEHCMU?usp=drive_link,ljLrDL482sg,634,LV6wc,Exercise #1:36,Exercise #2:134,Exercise #3:232,Exercise #4:330,Exercise #5:428,Outro:614,https://musora-web-platform.s3.amazonaws.com/workouts/guitareo/Fast-Car.jpg,YouTube,fast-car.jpg
A Horse With No Name,Launch Workouts (January 1st),,,Yes,200,Kent Shores,Ready,Folk,Riffs,,https://drive.google.com/drive/folders/17EmazrW4DmDTUvuOievNGNelHcSEHCMU?usp=drive_link,RSXOQtMzWTM,637,hV6wc,Exercise #1:42,Exercise #2:120,Exercise #3:254,Exercise #4:352,Exercise #5:507,Outro:615,https://musora-web-platform.s3.amazonaws.com/workouts/guitareo/A-Horse-With-No-Name.jpg,YouTube,a-horse-with-no-name.jpg
