Name,Section/Column,Due Date,Tags,Copyright,XP,Instructor,Style,Topic Filter,Difficulty,Asset Folder,Video ID - Workouts,Duration,SSID - Workouts,Chapter 1,Chapter 2,Chapter 3,Chapter 4,Chapter 5,Chapter 6,Thumbnail URL,Video Host,Thumbnail Name
Beginner C Major Scale,January 1st Workouts Launch,,,No,200,Lisa Witt,,Scales,2,https://drive.google.com/drive/folders/1BPOKgFgxhbK617fIo77r2iV2pjHfIdSr?usp=drive_link,880678119,363,M4MYc,Intro:0,Right Hand - Slow:15,Left Hand - Slow:152,Hands Together:290,Outro:346,,https://musora-web-platform.s3.amazonaws.com/workouts/pianote/beginner-c-major-scale.jpg,Vimeo,beginner-c-major-scale.jpg
Beginner G Major Scale,January 1st Workouts Launch,,,No,200,Lisa Witt,,Scales,2,https://drive.google.com/drive/folders/1BPOKgFgxhbK617fIo77r2iV2pjHfIdSr?usp=drive_link,880582116,356,ZyMYc,Right Hand - Slow:19,Left Hand - Slow:47,Right Hand - Fast:102,Left Hand - Fast:184,Hands Together:267,Outro:350,https://musora-web-platform.s3.amazonaws.com/workouts/pianote/beginner-g-major-scale.jpg,Vimeo,beginner-g-major-scale.jpg
Beginner F Major Scale,January 1st Workouts Launch,,,No,200,Lisa Witt,,Scales,2,https://drive.google.com/drive/folders/1BPOKgFgxhbK617fIo77r2iV2pjHfIdSr?usp=drive_link,880676688,368,qwMYc,Right Hand - Slow:17,Left Hand - Slow:99,Right Hand - Fast:127,Left Hand - Fast:209,Hands Together:305,Outro:347,https://musora-web-platform.s3.amazonaws.com/workouts/pianote/beginner-f-major-scale.jpg,Vimeo,beginner-f-major-scale.jpg
Beginner D Major Scale,January 1st Workouts Launch,,,No,200,Lisa Witt,,Scales,2,https://drive.google.com/drive/folders/1BPOKgFgxhbK617fIo77r2iV2pjHfIdSr?usp=drive_link,880977680,367,QYMYc,Left Hand - Slow:16,Right Hand - Slow:57,Right Hand - Fast:98,Left Hand - Fast:180,Hands Together:249,Outro:345,https://musora-web-platform.s3.amazonaws.com/workouts/pianote/beginner-d-major-scale.jpg,Vimeo,beginner-d-major-scale.jpg
Beginner A Minor Scale,January 1st Workouts Launch,,,No,200,Lisa Witt,,Scales,2,https://drive.google.com/drive/folders/1BPOKgFgxhbK617fIo77r2iV2pjHfIdSr?usp=drive_link,880681245,356,vYMYc,Right Hand - Slow:17,Left Hand - Slow:72,Right Hand - Fast:127,Left Hand - Fast:209,Hands Together - Slow:264,Outro:347,https://musora-web-platform.s3.amazonaws.com/workouts/pianote/beginner-a-minor-scale.jpg,Vimeo,beginner-a-minor-scale.jpg
Beginner E Minor Scale,January 1st Workouts Launch,,,No,200,Lisa Witt,,Scales,2,https://drive.google.com/drive/folders/1BPOKgFgxhbK617fIo77r2iV2pjHfIdSr?usp=drive_link,879976310,355,bgVYc,Left Hand Slow:18,Right Hand Slow:73,Left Hand Fast:128,Right Hand Fast:196,Hands Together:265,Outro:348,https://musora-web-platform.s3.amazonaws.com/workouts/pianote/beginner-e--minor-scale.jpg,Vimeo,beginner-e-minor-scale.jpg
Beginner D Minor Scale,January 1st Workouts Launch,,,No,200,Lisa Witt,,Scales,2,https://drive.google.com/drive/folders/1BPOKgFgxhbK617fIo77r2iV2pjHfIdSr?usp=drive_link,879979741,355,llMYc,Right Hand - Slow:16,Left Hand - Slow:70,Right Hand - Fast:125,Left Hand - Fast:207,Hands Together:262,Outro:345,https://musora-web-platform.s3.amazonaws.com/workouts/pianote/beginner-d-minor-scale.jpg,Vimeo,beginner-d-minor-scale.jpg
Beginner B Minor Scale,January 1st Workouts Launch,,,No,200,Lisa Witt,,Scales,2,https://drive.google.com/drive/folders/1BPOKgFgxhbK617fIo77r2iV2pjHfIdSr?usp=drive_link,879976703,363,dlMYc,Left Hand - Slow:16,Right Hand - Slow:71,Left Hand - Fast:154,Right Hand - Fast:208,Hands Together:291,Outro:346,https://musora-web-platform.s3.amazonaws.com/workouts/pianote/beginner-b-minor-scale.jpg,Vimeo,beginner-b-minor-scale.jpg
Beginner C Major Arpeggio,January 1st Workouts Launch,,,No,200,Lisa Witt,,Arpeggios,3,https://drive.google.com/drive/folders/1BPOKgFgxhbK617fIo77r2iV2pjHfIdSr?usp=drive_link,879977137,355,GjMYc,Right Hand - One Octave:16,Left Hand - One Octave:88,Hands Together - One Octave:160,Double Time:202,Two Octaves Prep:263,Outro:346,https://musora-web-platform.s3.amazonaws.com/workouts/pianote/beginner-c-major-arpeggio.jpg,Vimeo,beginner-c-major-arpeggio.jpg
Beginner G Major Arpeggio,January 1st Workouts Launch,,,No,200,Lisa Witt,,Arpeggios,3,https://drive.google.com/drive/folders/1BPOKgFgxhbK617fIo77r2iV2pjHfIdSr?usp=drive_link,880588564,356,qPMYc,Hands Separately - One Octave Slow:13,Hands Together - One Octave Slow:95,Hands Separately - One Octave Fast:136,Hands Together - One Octave Fast:218,Two Octaves Practice:239,Outro:343,https://musora-web-platform.s3.amazonaws.com/workouts/pianote/beginner-g-major-arpeggio.jpg,Vimeo,beginner-g-major-arpeggio.jpg
Beginner F Major Arpeggio,January 1st Workouts Launch,,,No,200,Lisa Witt,,Arpeggios,3,https://drive.google.com/drive/folders/1BPOKgFgxhbK617fIo77r2iV2pjHfIdSr?usp=drive_link,879975922,350,GKMYc,Right Hand - One Octave:13,Left Hand - One Octave:55,Hands Together - One Octave:96,Double Time:137,Two Octaves:199,Outro:343,https://musora-web-platform.s3.amazonaws.com/workouts/pianote/beginner-f-major-arpeggio.jpg,Vimeo,beginner-f-major-arpeggio.jpg
Beginner D Major Arpeggio,January 1st Workouts Launch,,,No,200,Lisa Witt,,Arpeggios,3,https://drive.google.com/drive/folders/1BPOKgFgxhbK617fIo77r2iV2pjHfIdSr?usp=drive_link,880682364,347,MxMYc,Hands Separately - One Octave Slow:10,Hands Together - One Octave Slow:92,Hands Separately - One Octave Fast:133,Two Octaves Practice:236,Hands Together - One Octave Fast:319,Outro:339,https://musora-web-platform.s3.amazonaws.com/workouts/pianote/beginner-d-major-arpeggio.jpg,Vimeo,beginner-d-major-arpeggio.jpg
Beginner A Minor Arpeggio,January 1st Workouts Launch,,,No,200,Lisa Witt,,Arpeggios,3,https://drive.google.com/drive/folders/1BPOKgFgxhbK617fIo77r2iV2pjHfIdSr?usp=drive_link,879977833,349,JxMYc,Left Hand - One Octave:13,Right Hand - One Octave:54,Hands Together - One Octave:95,Double Time:136,Two Octaves:218,Outro:342,https://musora-web-platform.s3.amazonaws.com/workouts/pianote/beginner-a-minor-arpeggio.jpg,Vimeo,beginner-a-minor-arpeggio.jpg
Beginner E Minor Arpeggio,January 1st Workouts Launch,,,No,200,Lisa Witt,,Arpeggios,3,https://drive.google.com/drive/folders/1BPOKgFgxhbK617fIo77r2iV2pjHfIdSr?usp=drive_link,880589740,356,nxMYc,Hands Separately - One Octave Slow:13,Hands Together - One Octave Slow:95,One Octave Fast:136,Two Octaves Practice:260,Hands Together - One Octave Fast:332,Outro:342,https://musora-web-platform.s3.amazonaws.com/workouts/pianote/beginner-e-minor-arpeggio.jpg,Vimeo,beginner-e-minor-arpeggio.jpg
Beginner D Minor Arpeggio,January 1st Workouts Launch,,,No,200,Lisa Witt,,Arpeggios,3,https://drive.google.com/drive/folders/1BPOKgFgxhbK617fIo77r2iV2pjHfIdSr?usp=drive_link,880590940,353,gQMYc,Hands Separately - One Octave Slow:14,Hands Together - One Octave Slow:96,One Octave Fast:137,Two Octaves Practice:230,Hands Together - One Octave Fast:312,Outro:344,https://musora-web-platform.s3.amazonaws.com/workouts/pianote/beginner-d-minor-arpeggio.jpg,Vimeo,beginner-d-minor-arpeggio.jpg
Beginner B Minor Arpeggio,January 1st Workouts Launch,,,No,200,Lisa Witt,,Arpeggios,3,https://drive.google.com/drive/folders/1BPOKgFgxhbK617fIo77r2iV2pjHfIdSr?usp=drive_link,880978323,350,4nMYc,Hands Separately - One Octave Slow:13,Hands Together - One Octave Slow:96,One Octave Fast:137,Two Octave Prep - Hands Separately:219,Hands Together - One Octave:301,Outro:343,https://musora-web-platform.s3.amazonaws.com/workouts/pianote/beginner-b-minor-arpeggio.jpg,Vimeo,beginner-b-minor-arpeggio.jpg
Jazz Walking Basslines For Beginners,January 1st Workouts Launch,,Sangah Noona,No,200,Sangah Noona,Jazz,Styles,4,https://drive.google.com/drive/folders/1BPOKgFgxhbK617fIo77r2iV2pjHfIdSr?usp=drive_link,879974625,617,hVkYc,Intro:0,Root Notes:20,1-5:340,1-2-3-5:425,Outro:597,,https://musora-web-platform.s3.amazonaws.com/workouts/pianote/jazz-walking-basslines-for-beginners.jpg,Vimeo,jazz-walking-basslines-for-beginners.jpg
Your First C Major Scale,January 1st Workouts Launch,,,No,200,Lisa Witt,,Scales,1,https://drive.google.com/file/d/1N2jdyDIYuHKBHvchXVQ_av8MizqU9rYK/view?usp=drive_link,886668834,624,1hkYc,"Right Hand - Up, Then Down:17",Right Hand - Ascending & Descending:257,"Left Hand - Up, Then Down:337",Left Hand - Ascending & Descending:529,Outro:592,,https://musora-web-platform.s3.amazonaws.com/workouts/pianote/your-first-c-major-scale.jpg,Vimeo,your-first-c-major-scale.jpg
Beginner Hands Together C Major Scale,January 1st Workouts Launch,,,No,200,Lisa Witt,,Scales,2,https://drive.google.com/drive/folders/1BPOKgFgxhbK617fIo77r2iV2pjHfIdSr?usp=drive_link,886670558,611,Dz4Yc,Intro:0,Start Slow:25,Ascending - Slow:153,Descending - Slow:265,Ascending & Descending:377,Outro:600,https://musora-web-platform.s3.amazonaws.com/workouts/pianote/beginner-hands-together-c-major-scale.jpg,Vimeo,beginner-hands-together-c-major-scale.jpg
Your First A Minor Scale,January 1st Workouts Launch,,,No,200,Lisa Witt,,Scales,1,https://drive.google.com/drive/folders/1BPOKgFgxhbK617fIo77r2iV2pjHfIdSr?usp=drive_link,886671988,378,vhkYc,"Right Hand - Up, Then Down:22",Right Hand - Ascending & Descending:246,"Left Hand - Up, Then Down:326",Left Hand - Ascending & Descending:502,Outro:597,,https://musora-web-platform.s3.amazonaws.com/workouts/pianote/your-first-a-minor-scale.jpg,Vimeo,your-first-a-minor-scale.jpg
Beginner Hands Together A Minor Scale,January 1st Workouts Launch,,,No,200,Lisa Witt,,Scales,2,https://drive.google.com/drive/folders/1BPOKgFgxhbK617fIo77r2iV2pjHfIdSr?usp=drive_link,886944076,609,-24Yc,Intro:0,Start Slow:18,Ascending - Slow:114,Descending - Slow:242,Ascending & Descending:354,Outro:595,https://musora-web-platform.s3.amazonaws.com/workouts/pianote/beginner-hands-together-a-minor-scale.jpg,Vimeo,beginner-hands-together-a-minor-scale.jpg
Your First F Major Scale,January 1st Workouts Launch,,,No,200,Lisa Witt,,Scales,1,https://drive.google.com/drive/folders/1BPOKgFgxhbK617fIo77r2iV2pjHfIdSr?usp=drive_link,886959445,611,r-kYc,Intro:0,Right Hand:24,Left Hand:344,Outro:601,,,https://musora-web-platform.s3.amazonaws.com/workouts/pianote/your-first-f-major-scale.jpg,Vimeo,your-first-f-major-scale.jpg
Your First G Major Scale,January 1st Workouts Launch,,,No,200,Lisa Witt,,Scales,1,https://drive.google.com/drive/folders/1BPOKgFgxhbK617fIo77r2iV2pjHfIdSr?usp=drive_link,886948305,368,J34Yc,Intro:0,"Left Hand - Up, Then Down:23",Left Hand - Ascending & Descending:279,"Right Hand - Up, Then Down:375",Right Hand - Ascending & Descending:535,Outro:599,https://musora-web-platform.s3.amazonaws.com/workouts/pianote/your-first-g-major-scale.jpg,Vimeo,your-first-g-major-scale.jpg
Your First E Minor Scale,January 1st Workouts Launch,,,No,200,Lisa Witt,,Scales,1,https://drive.google.com/drive/folders/1BPOKgFgxhbK617fIo77r2iV2pjHfIdSr?usp=drive_link,886954460,606,XC4Yc,"Right Hand - Up, Then Down:17",Right Hand - Ascending & Descending:177,"Left Hand - Up, Then Down:241",Left Hand - Ascending & Descending:465,Outro:592,,https://musora-web-platform.s3.amazonaws.com/workouts/pianote/your-first-e-minor-scale.jpg,Vimeo,your-first-e-minor-scale.jpg
Your First D Minor Scale,January 1st Workouts Launch,,,No,200,Lisa Witt,,Scales,1,https://drive.google.com/drive/folders/1BPOKgFgxhbK617fIo77r2iV2pjHfIdSr?usp=drive_link,886958374,605,634Yc,Intro:0,"Left Hand - Up, Then Down:22",Left Hand - Ascending & Descending:182,"Right Hand - Up, Then Down:310",Right Hand - Ascending & Descending:438,Outro:597,https://musora-web-platform.s3.amazonaws.com/workouts/pianote/your-first-d-minor-scale.jpg,Vimeo,your-first-d-minor-scale.jpg
Beginner C Major Chord Inversions,January 1st Workouts Launch,,,No,200,Lisa Witt,,Chord Inversions,3,https://drive.google.com/drive/folders/1BPOKgFgxhbK617fIo77r2iV2pjHfIdSr?usp=drive_link,886960702,660,zfkYc,Learn The Inversions:22,All Inversions:134,Broken To Solid:218,Left Hand:246,Broken And Solid - Alternating:441,Outro:635,https://musora-web-platform.s3.amazonaws.com/workouts/pianote/beginner-c-major-chord-inversions.jpg,Vimeo,beginner-c-major-chord-inversions.jpg
Beginner G Major Chord Inversions,January 1st Workouts Launch,,,No,200,Lisa Witt,,Chord Inversions,3,https://drive.google.com/drive/folders/1BPOKgFgxhbK617fIo77r2iV2pjHfIdSr?usp=drive_link,886967053,646,TQkYc,Learn The Inversions:18,Left Hand:130,Right Hand:298,Alternate Hands:549,Outro:634,,https://musora-web-platform.s3.amazonaws.com/workouts/pianote/beginner-g-major-chord-inversions.jpg,Vimeo,beginner-g-major-chord-inversions.jpg
Beginner F Major Chord Inversions,January 1st Workouts Launch,,,No,200,Lisa Witt,,Chord Inversions,3,https://drive.google.com/drive/folders/1BPOKgFgxhbK617fIo77r2iV2pjHfIdSr?usp=drive_link,886968484,642,8GkYc,Learn The Inversions:17,Right Hand:126,Left Hand:293,Alternate Right & Left Hands:545,Outro:629,,https://musora-web-platform.s3.amazonaws.com/workouts/pianote/beginner-f-major-chord-inversions.jpg,Vimeo,beginner-f-major-chord-inversions.jpg
Beginner D Major Chord Inversions,January 1st Workouts Launch,,,No,200,Lisa Witt,,Chord Inversions,3,https://drive.google.com/drive/folders/1BPOKgFgxhbK617fIo77r2iV2pjHfIdSr?usp=drive_link,886969337,641,GQkYc,Learn The Inversions:14,Right Hand:126,Left Hand:265,Solid - Alternate Right & Left Hands:517,Broken - Alternate Right & Left Hands:573,Outro:630,https://musora-web-platform.s3.amazonaws.com/workouts/pianote/beginner-d-major-chord-inversions.jpg,Vimeo,beginner-d-major-chord-inversions.jpg
Eb Minor Funk,January 1st Workouts Launch,,Victoria Theodore,No,200,Victoria Theodore,Funk,Styles,4,https://drive.google.com/drive/folders/1BPOKgFgxhbK617fIo77r2iV2pjHfIdSr?usp=drive_link,887073466,316,QX4Yc,Intro:0,Learning the Chords:12,Change the Rhythm:59,Left Hand:123,Elaborate & Improvise:155,Outro:305,https://musora-web-platform.s3.amazonaws.com/workouts/pianote/eb-minor-funk.jpg,Vimeo,eb-minor-funk.jpg
Superstition Riff,January 1st Workouts Launch,,,Yes,200,Victoria Theodore,Funk,Styles,5,https://drive.google.com/drive/folders/1BPOKgFgxhbK617fIo77r2iV2pjHfIdSr?usp=drive_link,8Cb46ouhF7M,334,Tq4Yc,Eb Minor Pentatonic Scale:11,Beginning Riff - Part One:47,Beginning Riff - Part Two:93,Part Three:131,Put It All Together:182,Outro:320,https://musora-web-platform.s3.amazonaws.com/workouts/pianote/superstition-riff.jpg,YouTube,superstition-riff.jpg
E Minor Chord Progression,January 1st Workouts Launch,,,No,200,Kevin Castro,Pop,Chording,2,https://drive.google.com/drive/folders/1BPOKgFgxhbK617fIo77r2iV2pjHfIdSr?usp=drive_link,888806645,647,pgwYc,Intro:0,Right Hand - Building Chords:26,Left Hand - Building Chords:296,Both Hands:498,Explore Rhythm:599,Wrap-Up:632,https://musora-web-platform.s3.amazonaws.com/workouts/pianote/e-minor-chord-progression.jpg,Vimeo,e-minor-chord-progression.jpg
E Minor Voice Leading — All Inversions,January 1st Workouts Launch,,,No,200,Kevin Castro,Pop,Chording,5,https://drive.google.com/drive/folders/1BPOKgFgxhbK617fIo77r2iV2pjHfIdSr?usp=drive_link,888899015,653,tnwYc,Intro:0,Root Position:24,Inversions - Round 1:91,Inversions - Round 2:260,Inversions - Round 3:495,Wrap-Up:630,https://musora-web-platform.s3.amazonaws.com/workouts/pianote/e-minor-voice-leading--all-inversions.jpg,Vimeo,e-minor-voice-leading--all-inversions.jpg
E Minor Voice Leading — Root Position Pattern,January 1st Workouts Launch,,,No,200,Kevin Castro,Pop,Chording,3,https://drive.google.com/drive/folders/1BPOKgFgxhbK617fIo77r2iV2pjHfIdSr?usp=drive_link,888894477,645,JqYYc,Right Hand - Shells:87,Right Hand - Full Chords:154,Left Hand - Shells:424,Left Hand - Full Chords:491,Hands Together - Solid Chords:558,Wrap-Up:626,https://musora-web-platform.s3.amazonaws.com/workouts/pianote/e-minor-voice-leading--root-position-pattern.jpg,Vimeo,e-minor-voice-leading--root-position-pattern.jpg
E Minor Voice Leading — 1st Inversion Pattern,January 1st Workouts Launch,,,No,200,Kevin Castro,Pop,Chording,3,https://drive.google.com/drive/folders/1BPOKgFgxhbK617fIo77r2iV2pjHfIdSr?usp=drive_link,888947511,650,LdYYc,Chord Progression:27,Right Hand - Shells:94,Right Hand - Add Middle Note:161,Left Hand:364,Hands Together:498,Wrap-Up:633,https://musora-web-platform.s3.amazonaws.com/workouts/pianote/e-minor-voice-leading--1st-inversion-pattern.jpg,Vimeo,e-minor-voice-leading--1st-inversion-pattern.jpg
E Minor Voice Leading — 2nd Inversion Pattern,January 1st Workouts Launch,,,No,200,Kevin Castro,Pop,Chording,3,https://drive.google.com/drive/folders/1BPOKgFgxhbK617fIo77r2iV2pjHfIdSr?usp=drive_link,888896326,644,w8YYc,Chord Progression:20,Right Hand - Shells:88,Right Hand - Add Middle Note:189,Left Hand:323,Hands Together:525,Wrap-Up:626,https://musora-web-platform.s3.amazonaws.com/workouts/pianote/e-minor-voice-leading-2nd-inversion-pattern.jpg,Vimeo,e-minor-voice-leading--2nd-inversion-pattern.jpg
E Minor Broken Chords,January 1st Workouts Launch,,,No,200,Kevin Castro,Pop,Chording,3,https://drive.google.com/drive/folders/1BPOKgFgxhbK617fIo77r2iV2pjHfIdSr?usp=drive_link,888800314,649,h3YYc,Rocking Triads - Right Hand:73,Add Left Hand:191,Broken Triads - Right Hand:258,Left Hand:359,Hands Together:578,Wrap-Up:629,https://musora-web-platform.s3.amazonaws.com/workouts/pianote/e-minor-broken-chords.jpg,Vimeo,e-minor-broken-chords.jpg
E Minor Sus Chords,January 1st Workouts Launch,,,No,200,Kevin Castro,Pop,Chording,3,https://drive.google.com/drive/folders/1BPOKgFgxhbK617fIo77r2iV2pjHfIdSr?usp=drive_link,888798839,649,hzYYc,Chord Progression:23,Sus4 Chords:91,Sus2 Chords:242,Alternate Sus Chords:448,Quarter Notes:528,Wrap-Up:629,https://musora-web-platform.s3.amazonaws.com/workouts/pianote/e-minor-sus-chords.jpg,Vimeo,e-minor-sus-chords.jpg
Beginner E Minor Left Hand Accompaniment,January 1st Workouts Launch,,,No,200,Kevin Castro,Pop,Chording,2,https://drive.google.com/drive/folders/1BPOKgFgxhbK617fIo77r2iV2pjHfIdSr?usp=drive_link,888805719,640,x5wYc,Chord Progression:18,Add Left Hand - Root Notes:52,Shells:85,Octaves:186,Broken Chords:355,Wrap-Up:624,https://musora-web-platform.s3.amazonaws.com/workouts/pianote/beginner-e-minor-left-hand-accompaniment.jpg,Vimeo,beginner-e-minor-left-hand-accompaniment.jpg
Intermediate E Minor Left Hand Accompaniment,January 1st Workouts Launch,,,No,200,Kevin Castro,Pop,Chording,5,https://drive.google.com/drive/folders/1BPOKgFgxhbK617fIo77r2iV2pjHfIdSr?usp=drive_link,888812946,652,ZRYYc,Chord Progression:22,Broken Chords:56,Spa Arpeggio:157,Add Right Hand Triads:359,Full Chord - Arpeggio:460,Wrap-Up:629,https://musora-web-platform.s3.amazonaws.com/workouts/pianote/intermediate-e-minor-left-hand-accompaniment.jpg,Vimeo,intermediate-e-minor-left-hand-accompaniment.jpg
C Major 12-Bar Blues Progression,January 1st Workouts Launch,,,No,200,Kevin Castro,Blues,Styles,3,https://drive.google.com/drive/folders/1BPOKgFgxhbK617fIo77r2iV2pjHfIdSr?usp=drive_link,888804275,388,QwwYc,Shells:20,Triads:89,First Inversions:142,Experiment:203,Hands Together:272,Outro:341,https://musora-web-platform.s3.amazonaws.com/workouts/pianote/c-major-12bar-blues-progression.jpg,Vimeo,c-major-12bar-blues-progression.jpg
C Major Blues 7th Chords,January 1st Workouts Launch,,,No,200,Kevin Castro,Blues,Styles,5,https://drive.google.com/drive/folders/1BPOKgFgxhbK617fIo77r2iV2pjHfIdSr?usp=drive_link,888803202,364,vywYc,12-Bar Blues Progression:25,7th Chords - Right Hand:93,Triads - Left Hand:208,7th Chords - Left Hand:253,Wrap-Up:346,,https://musora-web-platform.s3.amazonaws.com/workouts/pianote/c-major-blues-7th-chords.jpg,Vimeo,c-major-blues-7th-chords.jpg
C Major Boogie Pattern,January 1st Workouts Launch,,,No,200,Kevin Castro,Blues,Styles,5,https://drive.google.com/drive/folders/1BPOKgFgxhbK617fIo77r2iV2pjHfIdSr?usp=drive_link,888896696,369,J7YYc,Chord Progression:23,Boogie Pattern Introduction:92,Slide & Dominant 7ths:160,Alternate Fingering:252,Hands Together:297,Wrap-Up:343,https://musora-web-platform.s3.amazonaws.com/workouts/pianote/c-major-boogie-pattern.jpg,Vimeo,c-major-boogie-pattern.jpg
C Major Blues Scale,January 1st Workouts Launch,,,No,200,Kevin Castro,Blues,Styles,5,https://drive.google.com/drive/folders/1BPOKgFgxhbK617fIo77r2iV2pjHfIdSr?usp=drive_link,888897898,361,1NlYc,12-Bar Blues Progression:18,Blues Scale Ascending - Right Hand:40,Descending - Right Hand:200,Ascending & Descending:246,Blues Scale Melody:292,Wrap-Up:337,https://musora-web-platform.s3.amazonaws.com/workouts/pianote/c-major-blues-scale.jpg,Vimeo,c-major-blues-scale.jpg
C Minor Blues Scale,January 1st Workouts Launch,,,No,200,Kevin Castro,Blues,Styles,5,https://drive.google.com/drive/folders/1BPOKgFgxhbK617fIo77r2iV2pjHfIdSr?usp=drive_link,888898261,366,yclYc,Chord Progression:19,Blues Scale - Ascending:42,Blues Scale - Descending:156,Ascending & Descending:202,Blues Scale Melody:294,Wrap-Up:339,https://musora-web-platform.s3.amazonaws.com/workouts/pianote/c-minor-blues-scale.jpg,Vimeo,c-minor-blues-scale.jpg
Beginner Jazz 2-5-1,January 1st Workouts Launch,,,No,200,Kevin Castro,Jazz,Styles,3,https://drive.google.com/drive/folders/1BPOKgFgxhbK617fIo77r2iV2pjHfIdSr?usp=drive_link,888774848,351,sZwYc,Right Hand - Triads:52,Right Hand - 7th Chords:104,Left Hand:191,Back to Right Hand 7ths:278,Hands Together:313,Outro:334,https://musora-web-platform.s3.amazonaws.com/workouts/pianote/beginner-jazz-251.jpg,Vimeo,beginner-jazz-251.jpg
Beginner Jazz Comping,January 1st Workouts Launch,,,No,200,Kevin Castro,Jazz,Styles,3,https://drive.google.com/drive/folders/1BPOKgFgxhbK617fIo77r2iV2pjHfIdSr?usp=drive_link,888807376,376,V9wYc,Right Hand - Straight Rhythm:71,Right Hand - Swing Rhythm:150,Add Left Hand Root Notes:176,Dynamics & Rhythm Experimentation:211,Improvise - Hands Together:315,Wrap-Up:351,https://musora-web-platform.s3.amazonaws.com/workouts/pianote/beginner-jazz-comping.jpg,Vimeo,beginner-jazz-comping.jpg
2-5-1 Progression In Every Key — Part 1,January 1st Workouts Launch,,,No,200,Kevin Castro,Jazz,Styles,6,https://drive.google.com/drive/folders/1BPOKgFgxhbK617fIo77r2iV2pjHfIdSr?usp=drive_link,888899503,329,mclYc,Intro:0,Chord Explanation:15,Slow Loop Walkthrough:68,Wrap-Up:306,,,https://musora-web-platform.s3.amazonaws.com/workouts/pianote/251-progression-in-every-key--part-1.jpg,Vimeo,251-progression-in-every-key--part-1.jpg
2-5-1 Progression In Every Key — Part 2,January 1st Workouts Launch,,,No,200,Kevin Castro,Jazz,Styles,6,https://drive.google.com/drive/folders/1BPOKgFgxhbK617fIo77r2iV2pjHfIdSr?usp=drive_link,888900284,325,hVlYc,Intro:0,Chord Explanation:15,Loop Walkthrough:56,Wrap-Up:293,,,https://musora-web-platform.s3.amazonaws.com/workouts/pianote/251-progression-in-every-key--part-2.jpg,Vimeo,251-progression-in-every-key--part-2.jpg
Odd Time Signature in 7/4,January 1st Workouts Launch,,,No,200,Kevin Castro,R&B/Soul,Styles,5,https://drive.google.com/drive/folders/1BPOKgFgxhbK617fIo77r2iV2pjHfIdSr?usp=drive_link,888809123,345,HwwYc,Intro:0,How To Count:19,Count On Your Own:127,Feel The Metre:154,Add Chords:181,Wrap-Up:327,https://musora-web-platform.s3.amazonaws.com/workouts/pianote/odd-time-signature-in-74.jpg,Vimeo,odd-time-signature-in-74.jpg
