id,type,brand,assignment_id,soundslice_slug,length_in_seconds
379998,song,singeo,379999,sXC4c,393
380000,song,singeo,380001,1XC4c,271
380002,song,singeo,380003,BXC4c,184
380004,song,singeo,380005,ZXC4c,231
380006,song,singeo,380007,LXC4c,243
380008,song,singeo,380009,jXC4c,241
380010,song,singeo,380011,9XC4c,202
380012,song,singeo,380013,KXC4c,258
380014,song,singeo,380015,xXC4c,286
380016,song,singeo,380017,-XC4c,272
380018,song,singeo,380019,QXC4c,152
380020,song,singeo,380021,nXC4c,127
380022,song,singeo,380023,FXC4c,312
380024,song,singeo,380025,tXC4c,305
380026,song,singeo,380027,5XC4c,272
380028,song,singeo,380029,gXC4c,269
380030,song,singeo,380031,6XC4c,230
380032,song,singeo,380033,GXC4c,275
380034,song,singeo,380035,rXC4c,231
380036,song,singeo,380037,hXC4c,218
380038,song,singeo,380039,mXC4c,283
380040,song,singeo,380041,vXC4c,216
380042,song,singeo,380043,SXC4c,236
380044,song,singeo,380045,pXC4c,215
380046,song,singeo,380047,NqC4c,273
380048,song,singeo,380049,cqC4c,255
380050,song,singeo,380051,VqC4c,208
380052,song,singeo,380053,fqC4c,212
380054,song,singeo,380055,DqC4c,246
380056,song,singeo,380057,MqC4c,212
380058,song,singeo,380059,kqC4c,212
380060,song,singeo,380061,4qC4c,229
380062,song,singeo,380063,yqC4c,194
380064,song,singeo,380065,wqC4c,256
380066,song,singeo,380067,YqC4c,142
380068,song,singeo,380069,lqC4c,240
380070,song,singeo,380071,zqC4c,245
380072,song,singeo,390849,2qC4c,237
380074,song,singeo,380075,CqC4c,231
380076,song,singeo,380077,RqC4c,261
380078,song,singeo,380079,3qC4c,172
380080,song,singeo,380081,XqC4c,216
380082,song,singeo,380083,qqC4c,238
380084,song,singeo,380085,HqC4c,239
380086,song,singeo,380087,TqC4c,233
380088,song,singeo,380089,JqC4c,257
380090,song,singeo,380091,bqC4c,197
380092,song,singeo,380093,sqC4c,294
380094,song,singeo,380095,1qC4c,236
380096,song,singeo,380097,8qC4c,344
380098,song,singeo,380099,dqC4c,199
380100,song,singeo,380101,7qC4c,175
380102,song,singeo,380103,WqC4c,246
380104,song,singeo,380105,BqC4c,194
380106,song,singeo,380107,ZqC4c,161
380108,song,singeo,380109,LqC4c,195
380110,song,singeo,380111,jqC4c,238
380112,song,singeo,380113,PqC4c,247
380114,song,singeo,380115,9qC4c,181
380116,song,singeo,380117,KqC4c,227
380118,song,singeo,380119,xqC4c,247
380120,song,singeo,380121,-qC4c,247
380122,song,singeo,380123,QqC4c,176
380124,song,singeo,380125,FqC4c,221
380126,song,singeo,380127,5qC4c,213
380128,song,singeo,380129,tqC4c,256
380130,song,singeo,380131,1GC4c,185
380132,song,singeo,380133,gqC4c,243
380134,song,singeo,380135,6qC4c,249
380136,song,singeo,380137,GqC4c,198
380138,song,singeo,380139,rqC4c,239
380140,song,singeo,380141,hqC4c,193
380142,song,singeo,381292,mqC4c,179
380144,song,singeo,380145,vqC4c,237
380146,song,singeo,380147,SqC4c,206
380148,song,singeo,380149,pqC4c,291
380150,song,singeo,380151,NHC4c,239
380152,song,singeo,380153,cHC4c,233
380154,song,singeo,380155,VHC4c,171
380156,song,singeo,380157,fHC4c,235
380158,song,singeo,380159,DHC4c,214
380160,song,singeo,380161,MHC4c,337
380162,song,singeo,380163,kHC4c,290
380164,song,singeo,380165,4HC4c,272
380166,song,singeo,380167,yHC4c,233
380168,song,singeo,380169,wHC4c,232
380170,song,singeo,380171,YHC4c,185
380172,song,singeo,380173,lHC4c,256
380174,song,singeo,380175,zHC4c,200
380176,song,singeo,380177,2HC4c,203
380178,song,singeo,380179,CHC4c,173
380180,song,singeo,380181,RHC4c,268
380182,song,singeo,380183,3HC4c,269
380184,song,singeo,380185,XHC4c,235
380186,song,singeo,380187,qHC4c,229
380188,song,singeo,380189,HHC4c,227
380190,song,singeo,380191,THC4c,214
380192,song,singeo,380193,JHC4c,213
380194,song,singeo,380195,bHC4c,266
380196,song,singeo,380197,sHC4c,196
380198,song,singeo,380199,1HC4c,297
380200,song,singeo,380201,8HC4c,282
380202,song,singeo,380203,dHC4c,218
380204,song,singeo,380205,7HC4c,202
380206,song,singeo,381293,WHC4c,228
380208,song,singeo,380209,BHC4c,299
380210,song,singeo,380211,ZHC4c,199
380212,song,singeo,380213,Ln34c,190
380214,song,singeo,380215,jHC4c,282
380216,song,singeo,380217,PHC4c,235
380218,song,singeo,380219,9HC4c,249
380220,song,singeo,380221,KHC4c,206
380222,song,singeo,380223,xHC4c,217
380224,song,singeo,380225,-HC4c,235
380226,song,singeo,380227,QHC4c,214
380228,song,singeo,380229,nHC4c,268
380230,song,singeo,380231,FHC4c,230
380232,song,singeo,380233,tHC4c,193
380234,song,singeo,380235,5HC4c,233
380236,song,singeo,380237,6HC4c,265
380238,song,singeo,380239,GHC4c,236
380240,song,singeo,380241,hHC4c,219
380242,song,singeo,380243,mHC4c,161
380244,song,singeo,381294,SHC4c,296
380246,song,singeo,380245,pHC4c,247
380247,song,singeo,380248,NTC4c,186
380249,song,singeo,381295,VTC4c,263
380251,song,singeo,380250,fTC4c,258
380252,song,singeo,380253,DTC4c,263
380254,song,singeo,380255,MTC4c,426
380256,song,singeo,380257,kTC4c,239
380258,song,singeo,380259,4TC4c,220
380260,song,singeo,380261,wTC4c,162
380262,song,singeo,380263,YTC4c,264
380264,song,singeo,380265,lTC4c,267
380266,song,singeo,380267,2TC4c,261
380268,song,singeo,380269,RTC4c,168
380270,song,singeo,380271,qTC4c,190
380272,song,singeo,380273,TTC4c,271
380274,song,singeo,380275,bTC4c,229
380276,song,singeo,380277,8TC4c,162
380278,song,singeo,380279,dTC4c,195
380280,song,singeo,380281,7TC4c,238
380282,song,singeo,381296,WTC4c,218
380284,song,singeo,380285,BTC4c,243
380286,song,singeo,380287,ZTC4c,290
380288,song,singeo,380289,LTC4c,288
380290,song,singeo,380291,jTC4c,254
380292,song,singeo,380293,PTC4c,243
380294,song,singeo,380295,9TC4c,246
380296,song,singeo,380297,KTC4c,271
380298,song,singeo,380299,xTC4c,249
380300,song,singeo,380301,-TC4c,256
380302,song,singeo,380303,QTC4c,237
380304,song,singeo,380305,nTC4c,190
380306,song,singeo,380307,FTC4c,212
380308,song,singeo,380309,tTC4c,237
380310,song,singeo,381287,5TC4c,220
380312,song,singeo,380313,gTC4c,231
380314,song,singeo,380315,6TC4c,240
380316,song,singeo,380317,4bC4c,263
380318,song,singeo,380319,ybC4c,237
380320,song,singeo,380321,wbC4c,248
380322,song,singeo,380323,YbC4c,218
380324,song,singeo,380325,lbC4c,239
380326,song,singeo,380327,zbC4c,311
380328,song,singeo,380329,2bC4c,220
380330,song,singeo,380331,CbC4c,203
380332,song,singeo,380333,RbC4c,208
380334,song,singeo,380335,3bC4c,182
380336,song,singeo,380337,XbC4c,264
380338,song,singeo,380339,qbC4c,259
380340,song,singeo,380341,HbC4c,237
380342,song,singeo,380343,TbC4c,214
380344,song,singeo,380345,JbC4c,214
380346,song,singeo,380347,bbC4c,246
380348,song,singeo,380349,sbC4c,149
380350,song,singeo,380351,1bC4c,248
380352,song,singeo,380353,8bC4c,204
380354,song,singeo,380355,dbC4c,255
380356,song,singeo,380357,7bC4c,238
380358,song,singeo,380359,WbC4c,224
380360,song,singeo,380361,BbC4c,282
380362,song,singeo,380363,ZbC4c,234
380364,song,singeo,380365,LbC4c,190
380366,song,singeo,380367,jbC4c,227
380368,song,singeo,380369,PbC4c,225
380370,song,singeo,380371,9bC4c,211
380372,song,singeo,380373,xbC4c,243
380374,song,singeo,380375,-bC4c,219
380376,song,singeo,380377,nbC4c,216
380378,song,singeo,380379,tbC4c,235
380380,song,singeo,380381,5bC4c,258
380382,song,singeo,380383,gbC4c,342
380384,song,singeo,380385,GbC4c,290
380386,song,singeo,380387,hbC4c,285
380388,song,singeo,380389,mbC4c,268
380390,song,singeo,380391,SbC4c,175
380392,song,singeo,381297,pbC4c,321
380394,song,singeo,380395,csC4c,242
380396,song,singeo,380397,VsC4c,255
380398,song,singeo,380399,fsC4c,192
380400,song,singeo,380401,DsC4c,229
380402,song,singeo,380403,MsC4c,225
380404,song,singeo,380405,ksC4c,218
380406,song,singeo,380407,4sC4c,309
380408,song,singeo,380409,ysC4c,185
380410,song,singeo,380411,wsC4c,296
380412,song,singeo,380413,YsC4c,292
380414,song,singeo,380415,lsC4c,205
380416,song,singeo,380417,zsC4c,239
380418,song,singeo,380419,2sC4c,236
380420,song,singeo,380421,CsC4c,335
380422,song,singeo,380423,RsC4c,247
380424,song,singeo,380425,3sC4c,254
380426,song,singeo,380427,XsC4c,252
380428,song,singeo,380429,qsC4c,256
380430,song,singeo,380431,HsC4c,167
380432,song,singeo,380433,TsC4c,203
380434,song,singeo,380435,JsC4c,217
380436,song,singeo,380437,bsC4c,309
380438,song,singeo,380439,ssC4c,226
380440,song,singeo,380441,1sC4c,285
380442,song,singeo,380443,8sC4c,229
380444,song,singeo,380445,dsC4c,289
380446,song,singeo,380447,7sC4c,275
380448,song,singeo,380449,WsC4c,202
380450,song,singeo,380451,BsC4c,221
380452,song,singeo,380453,ZsC4c,250
380454,song,singeo,380455,LsC4c,200
380456,song,singeo,380457,jsC4c,96
380458,song,singeo,380459,PsC4c,230
380460,song,singeo,380461,9sC4c,204
380462,song,singeo,380463,rgQ4c,258
380464,song,singeo,380465,xsC4c,126
380466,song,singeo,380467,-sC4c,242
380468,song,singeo,380469,QsC4c,291
380470,song,singeo,380471,nsC4c,255
380472,song,singeo,380473,FsC4c,346
380474,song,singeo,380475,tsC4c,156
380476,song,singeo,380477,5sC4c,242
380478,song,singeo,380479,gsC4c,199
380480,song,singeo,380283,6sC4c,292
380481,song,singeo,380482,GsC4c,285
380483,song,singeo,380484,rsC4c,238
380485,song,singeo,380486,hsC4c,180
380487,song,singeo,380488,msC4c,285
380489,song,singeo,380490,vsC4c,225
380491,song,singeo,380492,SsC4c,228
380493,song,singeo,380494,psC4c,224
380495,song,singeo,380496,N1C4c,292
380497,song,singeo,380498,c1C4c,213
380499,song,singeo,380500,V1C4c,170
380501,song,singeo,380502,f1C4c,215
380503,song,singeo,380504,D1C4c,270
380506,song,singeo,380507,w1C4c,181
380508,song,singeo,380509,Y1C4c,236
380510,song,singeo,380511,l1C4c,232
380512,song,singeo,376442,z1C4c,145
380513,song,singeo,380514,21C4c,276
380515,song,singeo,380516,C1C4c,229
380517,song,singeo,380518,R1C4c,162
380519,song,singeo,380520,31C4c,150
380521,song,singeo,380522,X1C4c,220
380523,song,singeo,380524,q1C4c,235
380525,song,singeo,380526,H1C4c,256
380527,song,singeo,380528,T1C4c,511
380529,song,singeo,380530,J1C4c,245
380531,song,singeo,380532,b1C4c,310
380533,song,singeo,380534,s1C4c,208
380535,song,singeo,380536,11C4c,234
380537,song,singeo,380538,81C4c,233
380539,song,singeo,380540,d1C4c,283
380541,song,singeo,380542,71C4c,378
380543,song,singeo,380544,W1C4c,325
380545,song,singeo,380546,B1C4c,297
380547,song,singeo,380548,Z1C4c,231
380549,song,singeo,380550,L1C4c,337
380551,song,singeo,376444,j1C4c,123
380552,song,singeo,380553,P1C4c,129
380554,song,singeo,376446,91C4c,133
380555,song,singeo,380556,K1C4c,156
380557,song,singeo,380558,x1C4c,160
380559,song,singeo,380560,-1C4c,243
380561,song,singeo,380562,Q1C4c,250
380563,song,singeo,376448,n1C4c,256
380564,song,singeo,380565,F1C4c,160
380566,song,singeo,376450,t1C4c,182
380567,song,singeo,376452,51C4c,228
380568,song,singeo,376454,g1C4c,221
380569,song,singeo,380570,61C4c,229
380571,song,singeo,376456,G1C4c,295
380572,song,singeo,376458,r1C4c,330
380573,song,singeo,380574,h1C4c,192
380575,song,singeo,380576,m1C4c,187
380577,song,singeo,380578,v1C4c,212
380579,song,singeo,380580,S1C4c,130
380581,song,singeo,380582,p1C4c,144
380583,song,singeo,380584,N8C4c,190
380585,song,singeo,380586,c8C4c,242
380587,song,singeo,380588,V8C4c,217
380589,song,singeo,380590,f8C4c,213
380591,song,singeo,380592,D8C4c,226
380593,song,singeo,376440,M8C4c,186
380594,song,singeo,380595,k8C4c,167
380596,song,singeo,380597,48C4c,185
380598,song,singeo,380599,y8C4c,231
380600,song,singeo,380601,w8C4c,360
380602,song,singeo,380603,Y8C4c,218
380604,song,singeo,380605,l8C4c,299
380606,song,singeo,380607,z8C4c,180
380608,song,singeo,380609,28C4c,231
380610,song,singeo,380611,C8C4c,177
380612,song,singeo,380613,R8C4c,232
380614,song,singeo,380615,38C4c,209
380616,song,singeo,380617,X8C4c,269
380618,song,singeo,380619,q8C4c,310
380620,song,singeo,380621,H8C4c,191
380622,song,singeo,380623,T8C4c,293
380624,song,singeo,380625,J8C4c,219
380626,song,singeo,380627,b8C4c,168
380628,song,singeo,380629,s8C4c,169
380630,song,singeo,380631,18C4c,142
380632,song,singeo,380633,88C4c,176
380634,song,singeo,380635,d8C4c,217
380636,song,singeo,380637,78C4c,129
380638,song,singeo,380639,W8C4c,134
380640,song,singeo,380641,B8C4c,100
380642,song,singeo,380643,Z8C4c,148
380644,song,singeo,380645,L8C4c,148
380646,song,singeo,380647,j8C4c,128
380648,song,singeo,380649,P8C4c,150
380650,song,singeo,380651,98C4c,155
380652,song,singeo,380653,K8C4c,166
380654,song,singeo,380655,x8C4c,126
380656,song,singeo,380657,-8C4c,138
380658,song,singeo,380659,Q8C4c,131
380660,song,singeo,380661,n8C4c,260
380662,song,singeo,380663,F8C4c,169
380664,song,singeo,380665,t8C4c,127
380666,song,singeo,380667,58C4c,149
380668,song,singeo,380669,g8C4c,146
380670,song,singeo,380671,68C4c,146
380672,song,singeo,380673,G8C4c,162
380674,song,singeo,380675,r8C4c,189
380676,song,singeo,380677,h8C4c,184
380678,song,singeo,380679,m8C4c,218
380680,song,singeo,380681,S8C4c,158
380682,song,singeo,380683,p8C4c,285
380684,song,singeo,380685,NdC4c,164
380686,song,singeo,380687,cdC4c,255
380688,song,singeo,380689,VdC4c,148
380690,song,singeo,380691,fdC4c,134
380692,song,singeo,380693,DdC4c,244
380694,song,singeo,380695,MdC4c,133
380696,song,singeo,380697,kdC4c,197
380698,song,singeo,380699,4dC4c,427
380700,song,singeo,380701,ydC4c,166
380702,song,singeo,380703,wdC4c,214
380704,song,singeo,380705,YdC4c,230
380706,song,singeo,380707,ldC4c,292
380708,song,singeo,380709,zdC4c,239
380710,song,singeo,380711,2dC4c,392
380712,song,singeo,380713,CdC4c,213
380714,song,singeo,380715,RdC4c,332
380716,song,singeo,380717,3dC4c,257
380718,song,singeo,380719,XdC4c,220
380720,song,singeo,380721,qdC4c,129
380722,song,singeo,380723,HdC4c,193
380724,song,singeo,380725,TdC4c,150
380726,song,singeo,380727,JdC4c,218
380728,song,singeo,380729,bdC4c,190
380730,song,singeo,380731,sdC4c,192
380732,song,singeo,380733,1dC4c,218
380734,song,singeo,380735,8dC4c,237
380736,song,singeo,380737,ddC4c,128
380738,song,singeo,380739,7dC4c,333
380740,song,singeo,380741,WdC4c,329
380742,song,singeo,380743,BdC4c,318
380744,song,singeo,380745,ZdC4c,187
380746,song,singeo,380747,LdC4c,194
380748,song,singeo,380749,jdC4c,243
380750,song,singeo,380751,PdC4c,208
380752,song,singeo,380753,9dC4c,147
380754,song,singeo,380755,KdC4c,254
380756,song,singeo,380757,xdC4c,253
380758,song,singeo,380759,-dC4c,232
380760,song,singeo,380761,QdC4c,162
380762,song,singeo,380763,ndC4c,169
380764,song,singeo,380765,FdC4c,199
380766,song,singeo,380767,tdC4c,217
380768,song,singeo,380207,5dC4c,165
380769,song,singeo,380770,gdC4c,173
380771,song,singeo,380772,6dC4c,225
380773,song,singeo,380774,GdC4c,258
380775,song,singeo,380776,rdC4c,139
380777,song,singeo,380778,4pk4c,139
380779,song,singeo,380780,mdC4c,139
380781,song,singeo,380782,vdC4c,149
380783,song,singeo,380784,SdC4c,195
380785,song,singeo,380786,pdC4c,175
380787,song,singeo,380788,N7C4c,162
380789,song,singeo,380790,c7C4c,191
380791,song,singeo,380792,V7C4c,279
380793,song,singeo,380794,f7C4c,169
380795,song,singeo,381298,D7C4c,174
380797,song,singeo,380798,M7C4c,191
380799,song,singeo,380800,k7C4c,153
380801,song,singeo,380796,47C4c,174
380802,song,singeo,380803,y7C4c,126
380804,song,singeo,380805,w7C4c,297
380806,song,singeo,380807,Y7C4c,194
380808,song,singeo,380809,l7C4c,117
380810,song,singeo,380811,z7C4c,173
380812,song,singeo,380813,27C4c,68
380814,song,singeo,380815,C7C4c,146
380816,song,singeo,380817,R7C4c,115
380818,song,singeo,380819,37C4c,93
380820,song,singeo,380821,X7C4c,38
380822,song,singeo,380823,q7C4c,106
380824,song,singeo,380825,H7C4c,205
380826,song,singeo,380827,T7C4c,311
380828,song,singeo,380829,J7C4c,204
380830,song,singeo,380831,b7C4c,417
380832,song,singeo,380833,s7C4c,150
380834,song,singeo,380835,17C4c,255
380836,song,singeo,380837,87C4c,219
380838,song,singeo,380839,d7C4c,171
380840,song,singeo,380841,77C4c,284
380842,song,singeo,380143,W7C4c,162
380843,song,singeo,380844,B7C4c,227
380845,song,singeo,386059,cvM4c,195
380847,song,singeo,380848,L7C4c,231
380849,song,singeo,380850,j7C4c,179
380851,song,singeo,380852,P7C4c,212
380853,song,singeo,380854,97C4c,319
380855,song,singeo,380856,K7C4c,249
380857,song,singeo,380858,x7C4c,189
380859,song,singeo,380860,-7C4c,231
380861,song,singeo,381299,Q7C4c,175
380863,song,singeo,380864,n7C4c,253
380865,song,singeo,380866,F7C4c,216
380867,song,singeo,380868,t7C4c,129
380869,song,singeo,380073,57C4c,259
380870,song,singeo,380871,g7C4c,216
380872,song,singeo,380873,67C4c,92
380874,song,singeo,380875,G7C4c,165
380876,song,singeo,380877,r7C4c,178
380878,song,singeo,380879,h7C4c,140
380880,song,singeo,380881,m7C4c,92
380882,song,singeo,380883,v7C4c,214
380884,song,singeo,380885,S7C4c,120
380886,song,singeo,380887,p7C4c,162
380888,song,singeo,380889,NWC4c,198
380890,song,singeo,380891,cWC4c,258
380892,song,singeo,380893,VWC4c,198
380894,song,singeo,380895,Cn34c,210
380896,song,singeo,380897,Rn34c,277
380898,song,singeo,380899,3n34c,197
380900,song,singeo,380901,Xn34c,211
380902,song,singeo,380903,8534c,266
380904,song,singeo,380905,1n34c,140
380906,song,singeo,380907,8n34c,236
380908,song,singeo,380909,dn34c,212
380910,song,singeo,380911,7n34c,167
380912,song,singeo,380913,Wn34c,160
380914,song,singeo,380915,Bn34c,221
380916,song,singeo,380917,Zn34c,255
380918,song,singeo,381290,Ln34c,190
380919,song,singeo,380920,jn34c,249
380921,song,singeo,380922,Pn34c,246
380923,song,singeo,380924,9n34c,243
380925,song,singeo,380926,Kn34c,218
380927,song,singeo,380928,xn34c,283
380929,song,singeo,380930,-n34c,168
380931,song,singeo,380932,Qn34c,284
380933,song,singeo,380934,nn34c,236
380935,song,singeo,380936,Fn34c,232
380937,song,singeo,380938,tn34c,217
380939,song,singeo,380940,5n34c,163
380941,song,singeo,380942,gn34c,246
380943,song,singeo,380944,6n34c,172
380945,song,singeo,380946,Gn34c,165
380947,song,singeo,380948,rn34c,277
380949,song,singeo,380950,hn34c,128
380951,song,singeo,380952,mn34c,213
380953,song,singeo,380954,vn34c,181
380955,song,singeo,380956,Sn34c,236
380957,song,singeo,380958,pn34c,267
380959,song,singeo,380960,NF34c,262
380961,song,singeo,380962,cF34c,188
380963,song,singeo,380964,VF34c,166
380965,song,singeo,380966,fF34c,253
380967,song,singeo,380968,DF34c,221
380969,song,singeo,380970,MF34c,246
380971,song,singeo,380972,kF34c,165
380973,song,singeo,380974,4F34c,257
380975,song,singeo,380976,yF34c,229
380977,song,singeo,380978,wF34c,266
380979,song,singeo,380980,YF34c,208
380981,song,singeo,380982,lF34c,253
380983,song,singeo,380984,TCP4c,290
380985,song,singeo,380986,2F34c,255
380987,song,singeo,380988,CF34c,227
380989,song,singeo,380990,RF34c,149
380991,song,singeo,380992,3F34c,241
380993,song,singeo,380994,XF34c,201
380995,song,singeo,380996,qF34c,184
380997,song,singeo,380998,HF34c,262
380999,song,singeo,381000,TF34c,231
381001,song,singeo,381002,JF34c,199
381003,song,singeo,381004,bF34c,220
381005,song,singeo,381006,sF34c,175
381007,song,singeo,381008,1F34c,324
381009,song,singeo,381010,8F34c,201
381011,song,singeo,381012,dF34c,185
381013,song,singeo,381014,7F34c,206
381015,song,singeo,381016,WF34c,214
381017,song,singeo,381018,BF34c,164
381019,song,singeo,381286,ZF34c,217
381021,song,singeo,381022,jF34c,224
381023,song,singeo,381024,PF34c,411
381025,song,singeo,381026,9F34c,222
381027,song,singeo,381028,KF34c,216
381029,song,singeo,381030,xF34c,220
381031,song,singeo,381032,-F34c,224
381033,song,singeo,381034,QF34c,214
381035,song,singeo,381036,nF34c,204
381037,song,singeo,381038,FF34c,386
381039,song,singeo,381040,tF34c,196
381041,song,singeo,381042,5F34c,310
381043,song,singeo,381044,gF34c,154
381045,song,singeo,381046,6F34c,276
381047,song,singeo,381048,GF34c,280
381049,song,singeo,381050,rF34c,255
381051,song,singeo,381052,mF34c,227
381053,song,singeo,381054,vF34c,199
381055,song,singeo,381056,SF34c,160
381057,song,singeo,381058,pF34c,238
381059,song,singeo,381060,Nt34c,229
381061,song,singeo,381062,ct34c,204
381063,song,singeo,381064,Vt34c,282
381065,song,singeo,381066,ft34c,236
381067,song,singeo,381068,Dt34c,230
381069,song,singeo,381070,Mt34c,242
381071,song,singeo,381072,kt34c,182
381073,song,singeo,381300,4t34c,210
381075,song,singeo,381076,yt34c,206
381077,song,singeo,381078,wt34c,224
381079,song,singeo,381080,Yt34c,223
381081,song,singeo,381082,lt34c,181
381083,song,singeo,381084,zt34c,167
381085,song,singeo,381086,2t34c,249
381087,song,singeo,381088,Ct34c,230
381089,song,singeo,381090,Rt34c,321
381091,song,singeo,381092,3t34c,211
381093,song,singeo,383473,Xt34c,185
381095,song,singeo,381096,qt34c,181
381097,song,singeo,381098,Ht34c,237
381099,song,singeo,381100,Tt34c,246
381101,song,singeo,381102,Jt34c,138
381103,song,singeo,381104,bt34c,197
381105,song,singeo,381106,st34c,210
381107,song,singeo,383474,1t34c,249
381109,song,singeo,381110,8t34c,229
381111,song,singeo,381112,dt34c,259
381113,song,singeo,381114,7t34c,172
381115,song,singeo,381116,Wt34c,198
381117,song,singeo,381118,Bt34c,225
381119,song,singeo,381120,Zt34c,127
381121,song,singeo,381122,Lt34c,277
381123,song,singeo,381124,jt34c,240
381125,song,singeo,381126,Pt34c,259
381127,song,singeo,381128,9t34c,159
381129,song,singeo,381130,Kt34c,195
381131,song,singeo,381132,xt34c,259
381133,song,singeo,381134,-t34c,307
381135,song,singeo,381136,Qt34c,224
381137,song,singeo,381138,nt34c,205
381139,song,singeo,381074,vbC4c,248
381140,song,singeo,381141,rbC4c,226
381142,song,singeo,381143,6bC4c,238
381144,song,singeo,381145,KbC4c,237
381146,song,singeo,381147,1TC4c,247
381148,song,singeo,381149,sTC4c,228
381150,song,singeo,381151,-N34c,206
381152,song,singeo,381153,HTC4c,259
381154,song,singeo,381155,XTC4c,299
381156,song,singeo,381157,3TC4c,334
381158,song,singeo,381159,CTC4c,321
381160,song,singeo,381161,zTC4c,217
381162,song,singeo,381163,Tc34c,260
381164,song,singeo,381165,cTC4c,245
381166,song,singeo,380862,vHC4c,271
381167,song,singeo,380393,NsC4c,230
381168,song,singeo,381169,Ft34c,156
381170,song,singeo,381171,hfX4c,189
381172,song,singeo,381173,5t34c,244
381174,song,singeo,381175,gt34c,153
381176,song,singeo,381177,6t34c,287
381178,song,singeo,381179,Gt34c,235
381180,song,singeo,381181,rt34c,220
381182,song,singeo,381183,ht34c,243
381184,song,singeo,381185,mt34c,250
381186,song,singeo,381187,vt34c,200
381188,song,singeo,381189,St34c,223
381190,song,singeo,381191,pt34c,161
381192,song,singeo,381193,N534c,222
381194,song,singeo,381195,c534c,137
381196,song,singeo,381197,V534c,199
381198,song,singeo,381199,f534c,241
381200,song,singeo,381201,D534c,227
381202,song,singeo,381203,M534c,153
381204,song,singeo,381205,k534c,258
381206,song,singeo,381207,4534c,324
381208,song,singeo,381209,y534c,97
381210,song,singeo,381211,w534c,108
381212,song,singeo,381213,Y534c,176
381214,song,singeo,381215,l534c,104
381216,song,singeo,381217,z534c,196
381218,song,singeo,381219,2534c,166
381220,song,singeo,381221,C534c,269
381222,song,singeo,381223,R534c,185
381224,song,singeo,381225,3534c,216
381226,song,singeo,381227,X534c,141
381228,song,singeo,381229,q534c,194
381230,song,singeo,381231,H534c,133
381232,song,singeo,381233,T534c,169
381234,song,singeo,381235,J534c,145
381236,song,singeo,381237,DG34c,227
381238,song,singeo,381239,rHC4c,223
382813,song,singeo,382814,y114c,259
382815,song,singeo,382816,w114c,192
382817,song,singeo,382818,Y114c,220
382819,song,singeo,382820,l114c,233
382821,song,singeo,382822,z114c,221
382823,song,singeo,382824,2114c,177
382825,song,singeo,382826,C114c,250
382827,song,singeo,382828,R114c,259
382829,song,singeo,382830,3114c,184
382831,song,singeo,382832,X114c,234
382833,song,singeo,382834,q114c,238
382835,song,singeo,382836,H114c,205
382837,song,singeo,382838,T114c,236
382839,song,singeo,382840,J114c,170
382841,song,singeo,382842,b114c,242
382843,song,singeo,382844,s114c,270
382845,song,singeo,382846,1114c,297
382847,song,singeo,382848,8114c,235
382849,song,singeo,382850,d114c,119
382853,song,singeo,382854,W114c,227
382855,song,singeo,382856,B114c,220
382857,song,singeo,382858,Z114c,205
382859,song,singeo,382860,L114c,239
382861,song,singeo,382862,j114c,200
382863,song,singeo,382864,P114c,249
382865,song,singeo,382866,9114c,294
382867,song,singeo,382868,K114c,270
382869,song,singeo,382870,x114c,219
382871,song,singeo,382872,-114c,245
382873,song,singeo,382874,Q114c,209
382875,song,singeo,382876,n114c,272
382877,song,singeo,382878,F114c,196
382879,song,singeo,382880,t114c,280
382881,song,singeo,382882,5114c,260
382883,song,singeo,382884,g114c,210
382885,song,singeo,382886,6114c,211
382887,song,singeo,382888,G114c,186
382889,song,singeo,382890,r114c,300
382891,song,singeo,382892,h114c,133
382893,song,singeo,382894,m114c,340
382897,song,singeo,382898,S114c,156
382899,song,singeo,382900,p114c,213
382901,song,singeo,382902,N814c,149
382903,song,singeo,382904,c814c,200
382905,song,singeo,382906,V814c,204
382907,song,singeo,382908,f814c,194
382909,song,singeo,382910,D814c,230
382911,song,singeo,381094,M814c,165
382912,song,singeo,382913,k814c,199
382914,song,singeo,381108,4814c,232
382915,song,singeo,382916,y814c,191
382917,song,singeo,382918,w814c,286
382919,song,singeo,382920,Y814c,178
382921,song,singeo,382922,l814c,151
382923,song,singeo,382924,2814c,140
382925,song,singeo,382926,C814c,270
382927,song,singeo,382928,R814c,274
382929,song,singeo,382930,3814c,129
382931,song,singeo,382932,X814c,296
382933,song,singeo,382934,q814c,242
382935,song,singeo,382936,H814c,161
382937,song,singeo,382938,T814c,94
382939,song,singeo,382940,b814c,232
382941,song,singeo,382942,s814c,192
382943,song,singeo,382944,1814c,190
382945,song,singeo,382946,8814c,176
382947,song,singeo,382948,d814c,181
382949,song,singeo,382950,7814c,158
382951,song,singeo,382952,W814c,237
382953,song,singeo,382954,B814c,211
382955,song,singeo,382956,Z814c,185
382957,song,singeo,382958,L814c,325
382959,song,singeo,382960,j814c,182
382961,song,singeo,382962,P814c,234
382963,song,singeo,382964,9814c,195
382965,song,singeo,382966,K814c,323
382967,song,singeo,382968,x814c,173
382969,song,singeo,382970,-814c,239
382971,song,singeo,382972,Q814c,246
382973,song,singeo,382974,n814c,228
382975,song,singeo,382976,F814c,205
382977,song,singeo,382978,t814c,218
382979,song,singeo,382980,5814c,213
382981,song,singeo,382982,g814c,131
382983,song,singeo,382984,lNK4c,224
382985,song,singeo,382986,G814c,140
382987,song,singeo,382988,r814c,192
382989,song,singeo,382990,h814c,91
382991,song,singeo,382992,m814c,243
382993,song,singeo,382994,v814c,148
382995,song,singeo,382996,S814c,251
382997,song,singeo,382998,p814c,325
382999,song,singeo,383000,Nd14c,62
383001,song,singeo,383002,cd14c,84
383003,song,singeo,383004,Vd14c,191
383005,song,singeo,383006,fd14c,132
383007,song,singeo,383008,Dd14c,244
383009,song,singeo,383010,Md14c,180
383011,song,singeo,383012,kd14c,261
383013,song,singeo,383014,4d14c,184
383015,song,singeo,383016,yd14c,189
383017,song,singeo,383018,wd14c,154
383019,song,singeo,383020,Yd14c,84
383021,song,singeo,383022,ld14c,163
383023,song,singeo,383024,zd14c,231
383025,song,singeo,383026,2d14c,155
383027,song,singeo,383028,Cd14c,134
383029,song,singeo,383030,Rd14c,145
383031,song,singeo,383032,3d14c,45
383033,song,singeo,383034,Xd14c,78
383035,song,singeo,383036,qd14c,130
383037,song,singeo,383038,Hd14c,143
383039,song,singeo,383040,Td14c,248
383041,song,singeo,383042,Jd14c,156
383043,song,singeo,383044,bd14c,154
383045,song,singeo,383046,sd14c,158
383047,song,singeo,383048,1d14c,174
383049,song,singeo,383050,8d14c,168
383051,song,singeo,383052,7d14c,144
383053,song,singeo,383054,Wd14c,172
383055,song,singeo,383056,Bd14c,167
383057,song,singeo,383058,Zd14c,250
383059,song,singeo,383060,Ld14c,313
383061,song,singeo,383062,jd14c,145
383937,song,singeo,383938,CPZ4c,360
383939,song,singeo,383940,RPZ4c,304
383941,song,singeo,383942,3PZ4c,249
383943,song,singeo,383944,XPZ4c,264
383945,song,singeo,383946,qPZ4c,234
383947,song,singeo,383948,HPZ4c,301
383949,song,singeo,383950,TPZ4c,225
383951,song,singeo,383952,JPZ4c,222
383953,song,singeo,383954,bPZ4c,328
383955,song,singeo,383956,sPZ4c,241
383957,song,singeo,383958,1PZ4c,245
383959,song,singeo,383960,8PZ4c,179
383961,song,singeo,383962,dPZ4c,227
383963,song,singeo,383964,7PZ4c,183
383965,song,singeo,383966,WPZ4c,211
383967,song,singeo,383968,BPZ4c,225
383969,song,singeo,383970,ZPZ4c,192
383971,song,singeo,383972,LPZ4c,240
383973,song,singeo,383974,jPZ4c,244
383975,song,singeo,383976,PPZ4c,247
383977,song,singeo,383978,9PZ4c,189
383979,song,singeo,383980,KPZ4c,221
383981,song,singeo,383982,xPZ4c,185
383983,song,singeo,383984,-PZ4c,356
383985,song,singeo,383986,QPZ4c,241
383987,song,singeo,383988,nPZ4c,196
383989,song,singeo,383990,FPZ4c,232
383991,song,singeo,383992,tPZ4c,196
383993,song,singeo,383994,5PZ4c,229
383995,song,singeo,383996,gPZ4c,207
383997,song,singeo,383998,6PZ4c,287
383999,song,singeo,384000,GPZ4c,201
384001,song,singeo,384002,rPZ4c,279
384003,song,singeo,384004,hPZ4c,202
384005,song,singeo,384006,vPZ4c,156
384007,song,singeo,384008,SPZ4c,137
384009,song,singeo,384010,pPZ4c,310
384011,song,singeo,384012,N9Z4c,346
384013,song,singeo,384014,c9Z4c,295
384015,song,singeo,384016,V9Z4c,219
384017,song,singeo,384018,f9Z4c,219
384019,song,singeo,384020,D9Z4c,230
384021,song,singeo,384022,M9Z4c,189
384023,song,singeo,384024,k9Z4c,223
389785,song,singeo,389786,G1Hyc,190
389787,song,singeo,389788,wBqyc,323
389789,song,singeo,389790,4Bqyc,239
389791,song,singeo,389792,kBqyc,254
389793,song,singeo,389794,MBqyc,228
389795,song,singeo,389796,DBqyc,162
389797,song,singeo,389798,fBqyc,252
389799,song,singeo,389800,VBqyc,229
389801,song,singeo,389802,NBqyc,267
389803,song,singeo,389804,pWqyc,218
389805,song,singeo,389806,SWqyc,215
389807,song,singeo,389808,vWqyc,262
389809,song,singeo,389810,mWqyc,282
389811,song,singeo,389812,hWqyc,265
389813,song,singeo,389814,rWqyc,271
389834,song,singeo,389835,ZZqyc,218
390056,song,singeo,390214,CjJyc,142
390057,song,singeo,390213,2jJyc,235
390058,song,singeo,390212,zjJyc,240
390059,song,singeo,390211,ljJyc,247
390061,song,singeo,390210,wjJyc,314
390062,song,singeo,390208,yjJyc,170
390063,song,singeo,390209,YjJyc,258
390064,song,singeo,390207,4jJyc,217
390065,song,singeo,390206,kjJyc,271
390066,song,singeo,390205,MjJyc,215
390067,song,singeo,390204,DjJyc,200
390068,song,singeo,390203,fjJyc,268
390069,song,singeo,390202,VjJyc,230
390070,song,singeo,390201,cjJyc,246
390485,song,singeo,390486,tG1yc,226
390487,song,singeo,390488,5G1yc,212
390489,song,singeo,390490,gG1yc,219
390491,song,singeo,390492,6G1yc,270
390493,song,singeo,390494,GG1yc,283
390495,song,singeo,390496,rG1yc,169
390497,song,singeo,390498,hG1yc,233
390499,song,singeo,390500,mG1yc,266
390501,song,singeo,390502,vG1yc,211
390503,song,singeo,390504,SG1yc,236
390505,song,singeo,390506,pG1yc,199
390507,song,singeo,390508,Nr1yc,361
390509,song,singeo,390510,cr1yc,311
390511,song,singeo,390512,Vr1yc,218
390513,song,singeo,390514,fr1yc,248
390787,song,singeo,390788,yrWyc,331
390789,song,singeo,390790,wrWyc,264
390791,song,singeo,390792,YrWyc,277
390793,song,singeo,390794,lrWyc,257
390795,song,singeo,390796,zrWyc,244
390797,song,singeo,390798,2rWyc,268
390799,song,singeo,390800,CrWyc,230
390801,song,singeo,390802,RrWyc,364
390803,song,singeo,390804,3rWyc,216
390805,song,singeo,390806,XrWyc,221
390807,song,singeo,390808,qrWyc,242
390809,song,singeo,390810,HrWyc,190
390811,song,singeo,390812,JrWyc,430
390813,song,singeo,390815,brWyc,254
391152,song,singeo,391153,lFLyc,245
391154,song,singeo,391155,zFLyc,272
391156,song,singeo,391157,2FLyc,201
391158,song,singeo,391159,CFLyc,234
391160,song,singeo,391161,RFLyc,204
391168,song,singeo,391169,HFLyc,238
391170,song,singeo,391171,TFLyc,202
391174,song,singeo,391175,bFLyc,293
391176,song,singeo,391177,sFLyc,203
391178,song,singeo,391179,1FLyc,208
391517,song,singeo,391518,VH9yc,245
391519,song,singeo,391520,fH9yc,203
391521,song,singeo,391522,DH9yc,193
391525,song,singeo,391526,kH9yc,235
391529,song,singeo,391530,yH9yc,195
391531,song,singeo,391532,wH9yc,306
391533,song,singeo,391534,YH9yc,215
391539,song,singeo,391540,2H9yc,295
391541,song,singeo,391542,CH9yc,196
391545,song,singeo,391546,3H9yc,199
391850,song,singeo,391852,Stxyc,414
391862,song,singeo,391863,N5xyc,162
391872,song,singeo,391873,V5xyc,192
391874,song,singeo,391876,f5xyc,330
391882,song,singeo,391883,M5xyc,242
391884,song,singeo,391885,k5xyc,268
391888,song,singeo,391889,y5xyc,212
391890,song,singeo,391891,w5xyc,344
391892,song,singeo,391893,Y5xyc,164
391894,song,singeo,391895,l5xyc,200
391896,song,singeo,391897,z5xyc,215
392023,song,singeo,392024,rVFyc,249
392026,song,singeo,392027,hVFyc,182
392030,song,singeo,392031,mVFyc,224
392032,song,singeo,392033,vVFyc,271
392034,song,singeo,392035,XkFyc,350
392080,song,singeo,392081,SVFyc,274
392082,song,singeo,392083,cfFyc,261
392084,song,singeo,392155,VfFyc,599
392340,song,singeo,392455,vB5yc,96
392341,song,singeo,392456,SB5yc,295
392342,song,singeo,392769,kL6yc,201
392343,song,singeo,392784,4L6yc,256
392344,song,singeo,392785,yL6yc,358
392345,song,singeo,392786,wL6yc,214
392346,song,singeo,392457,pB5yc,271
392347,song,singeo,392787,Yx6yc,207
392350,song,singeo,392458,NZ5yc,270
392354,song,singeo,392459,VZ5yc,350
392406,song,singeo,393065,lJhyc,123
392407,song,singeo,393066,zJhyc,313
392408,song,singeo,393067,2Jhyc,168
392416,song,singeo,393069,CJhyc,211
392418,song,singeo,393070,RJhyc,274
